0.24,48.46,-68.29,4.0037,0,0,0,0,0,55,0,0,95,74.849,0.31353,161.31,168.92,0.70757,195.24
0.24,48.7,-68.29,4.0062,0,0,0,0,0,55,0,0,95,75.126,0.31469,161,169.34,0.70932,194.53
0.24,48.7,-68.29,4.0081,0,0,0,0,0,55,0,0,95,75.126,0.31469,161,169.34,0.70932,194.53
0.24,48.7,-68.29,4.0106,0,0,0,0,0,55,0,0,95,75.126,0.31469,161,169.34,0.70932,194.53
0.24,48.7,-68.29,4.0128,0,0,0,0,0,55,0,0,95,75.126,0.31469,161,169.34,0.70932,194.53
0.24,48.7,-68.29,4.0149,0,0,0,0,0,55,0,0,95,75.126,0.31469,161,169.34,0.70932,194.53
0.24,48.7,-68.29,4.0168,0,0,0,0,0,55,0,0,95,75.126,0.31469,161,169.34,0.70932,194.53
0.24,48.7,-68.29,4.0186,0,0,0,0,0,55,0,0,95,75.126,0.31469,161,169.34,0.70932,194.53
0.24,48.7,-68.29,4.0207,0,0,0,0,0,55,0,0,95,75.126,0.31469,161,169.34,0.70932,194.53
0.24,48.7,-68.29,4.0232,0,0,0,0,0,55,0,0,95,75.126,0.31469,161,169.34,0.70932,194.53
0.24,48.7,-68.29,4.0254,0,0,0,0,0,55,0,0,95,75.126,0.31469,161,169.34,0.70932,194.53
0.24,48.7,-68.29,4.0279,0,0,0,0,0,55,0,0,95,75.126,0.31469,161,169.34,0.70932,194.53
0.24,48.7,-68.29,4.0308,0,0,0,0,0,55,0,0,95,75.126,0.31469,161,169.34,0.70932,194.53
0.24,48.7,-68.29,4.0332,0,0,0,0,0,55,0,0,95,75.126,0.31469,161,169.34,0.70932,194.53
0.24,48.7,-68.29,4.0354,0,0,0,0,0,55,0,0,95,75.126,0.31469,161,169.34,0.70932,194.53
0.24,48.7,-68.29,4.0377,0,0,0,0,0,55,0,0,95,75.126,0.31469,161,169.34,0.70932,194.53
0.24,48.7,-68.29,4.04,0,0,0,0,0,55,0,0,95,75.126,0.31469,161,169.34,0.70932,194.53
0.24,48.7,-68.29,4.0423,0,0,0,0,0,55,0,0,95,75.126,0.31469,161,169.34,0.70932,194.53
0.24,48.7,-68.29,4.0471,0,0,0,0,0,55,0,0,95,75.126,0.31469,161,169.34,0.70932,194.53
0.24,48.7,-68.29,4.0498,0,0,0,0,0,55,0,0,95,75.126,0.31469,161,169.34,0.70932,194.53
0.24,48.94,-68.29,4.0527,0,0,0,0,0,55,0,0,95,75.402,0.31584,160.68,169.75,0.71106,193.82
0.24,48.94,-68.29,4.0559,0,0,0,0,0,55,0,0,95,75.402,0.31584,160.68,169.75,0.71106,193.82
0.24,48.94,-68.29,4.0587,0,0,0,0,0,55,0,0,95,75.402,0.31584,160.68,169.75,0.71106,193.82
0.24,48.94,-68.29,4.0613,0,0,0,0,0,55,0,0,95,75.402,0.31584,160.68,169.75,0.71106,193.82
0.24,48.94,-68.29,4.0643,0,0,0,0,0,55,0,0,95,75.402,0.31584,160.68,169.75,0.71106,193.82
0.24,48.94,-68.29,4.067,0,0,0,0,0,55,0,0,95,75.402,0.31584,160.68,169.75,0.71106,193.82
0.24,49.18,-68.29,4.0697,0,0,0,0,0,55,0,0,95,75.676,0.31699,160.37,170.16,0.71279,193.11
0.24,49.18,-68.29,4.0725,0,0,0,0,0,55,0,0,95,75.676,0.31699,160.37,170.16,0.71279,193.11
0.24,49.18,-68.29,4.0762,0,0,0,0,0,55,0,0,95,75.676,0.31699,160.37,170.16,0.71279,193.11
0.24,49.18,-68.29,4.0787,0,0,0,0,0,55,0,0,95,75.676,0.31699,160.37,170.16,0.71279,193.11
0.24,49.18,-68.29,4.0812,0,0,0,0,0,55,0,0,95,75.676,0.31699,160.37,170.16,0.71279,193.11
0.24,49.18,-68.29,4.0837,0,0,0,0,0,55,0,0,95,75.676,0.31699,160.37,170.16,0.71279,193.11
0.24,49.18,-68.29,4.0859,0,0,0,0,0,55,0,0,95,75.676,0.31699,160.37,170.16,0.71279,193.11
0.24,49.18,-68.29,4.0879,0,0,0,0,0,55,0,0,95,75.676,0.31699,160.37,170.16,0.71279,193.11
0.24,49.18,-68.29,4.0905,0,0,0,0,0,55,0,0,95,75.676,0.31699,160.37,170.16,0.71279,193.11
0.24,49.18,-68.29,4.0932,0,0,0,0,0,55,0,0,95,75.676,0.31699,160.37,170.16,0.71279,193.11
0.24,49.18,-68.29,4.0957,0,0,0,0,0,55,0,0,95,75.676,0.31699,160.37,170.16,0.71279,193.11
0.24,49.18,-68.29,4.1002,0,0,0,0,0,55,0,0,95,75.676,0.31699,160.37,170.16,0.71279,193.11
0.24,49.18,-68.29,4.1033,0,0,0,0,0,55,0,0,95,75.676,0.31699,160.37,170.16,0.71279,193.11
0.24,49.18,-68.29,4.1069,0,0,0,0,0,55,0,0,95,75.676,0.31699,160.37,170.16,0.71279,193.11
0.24,49.18,-68.29,4.1093,0,0,0,0,0,55,0,0,95,75.676,0.31699,160.37,170.16,0.71279,193.11
0.24,49.18,-68.29,4.1135,0,0,0,0,0,55,0,0,95,75.676,0.31699,160.37,170.16,0.71279,193.11
0.24,49.18,-68.29,4.1153,0,0,0,0,0,55,0,0,95,75.676,0.31699,160.37,170.16,0.71279,193.11
0.24,49.18,-68.29,4.1166,0,0,0,0,0,55,0,0,95,75.676,0.31699,160.37,170.16,0.71279,193.11
0.24,49.18,-68.29,4.1182,0,0,0,0,0,55,0,0,95,75.676,0.31699,160.37,170.16,0.71279,193.11
0.24,49.18,-68.29,4.1195,0,0,0,0,0,55,0,0,95,75.676,0.31699,160.37,170.16,0.71279,193.11
0.24,49.18,-68.29,4.1209,0,0,0,0,0,55,0,0,95,75.676,0.31699,160.37,170.16,0.71279,193.11
0.24,49.18,-68.29,4.1224,0,0,0,0,0,55,0,0,95,75.676,0.31699,160.37,170.16,0.71279,193.11
0.24,49.18,-68.29,4.1252,0,0,0,0,0,55,0,0,95,75.676,0.31699,160.37,170.16,0.71279,193.11
0.24,49.18,-68.29,4.1281,0,0,0,0,0,55,0,0,95,75.676,0.31699,160.37,170.16,0.71279,193.11
0.24,49.18,-68.29,4.131,0,0,0,0,0,55,0,0,95,75.676,0.31699,160.37,170.16,0.71279,193.11
0.24,49.18,-68.29,4.1335,0,0,0,0,0,55,0,0,95,75.676,0.31699,160.37,170.16,0.71279,193.11
0.24,49.18,-68.29,4.1353,0,0,0,0,0,55,0,0,95,75.676,0.31699,160.37,170.16,0.71279,193.11
0.24,49.18,-68.29,4.1368,0,0,0,0,0,55,0,0,95,75.676,0.31699,160.37,170.16,0.71279,193.11
0.24,49.18,-68.29,4.1385,0,0,0,0,0,55,0,0,95,75.676,0.31699,160.37,170.16,0.71279,193.11
0.24,49.18,-68.29,4.1403,0,0,0,0,0,55,0,0,95,75.676,0.31699,160.37,170.16,0.71279,193.11
0.24,49.18,-68.29,4.1416,0,0,0,0,0,55,0,0,95,75.676,0.31699,160.37,170.16,0.71279,193.11
0.24,49.18,-68.29,4.1434,0,0,0,0,0,55,0,0,95,75.676,0.31699,160.37,170.16,0.71279,193.11
0.24,49.18,-68.29,4.1453,0,0,0,0,0,55,0,0,95,75.676,0.31699,160.37,170.16,0.71279,193.11
0.24,49.18,-68.29,4.1466,0,0,0,0,0,55,0,0,95,75.676,0.31699,160.37,170.16,0.71279,193.11
0.24,49.18,-68.29,4.1479,0,0,0,0,0,55,0,0,95,75.676,0.31699,160.37,170.16,0.71279,193.11
0.24,49.18,-68.29,4.1492,0,0,0,0,0,55,0,0,95,75.676,0.31699,160.37,170.16,0.71279,193.11
0.24,49.18,-68.29,4.1504,0,0,0,0,0,55,0,0,95,75.676,0.31699,160.37,170.16,0.71279,193.11
0.24,49.18,-68.29,4.1516,0,0,0,0,0,55,0,0,95,75.676,0.31699,160.37,170.16,0.71279,193.11
0.24,49.18,-68.29,4.1563,0,0,0,0,0,55,0,0,95,75.676,0.31699,160.37,170.16,0.71279,193.11
0.24,49.18,-68.29,4.1581,0,0,0,0,0,55,0,0,95,75.676,0.31699,160.37,170.16,0.71279,193.11
0.24,49.18,-68.29,4.1607,0,0,0,0,0,55,0,0,95,75.676,0.31699,160.37,170.16,0.71279,193.11
0.24,49.42,-68.29,4.1634,0,0,0,0,0,55,0,0,95,75.949,0.31814,160.05,170.57,0.7145,192.39
0.24,49.42,-68.29,4.1662,0,0,0,0,0,55,0,0,95,75.949,0.31814,160.05,170.57,0.7145,192.39
0.24,49.42,-68.29,4.168,0,0,0,0,0,55,0,0,95,75.949,0.31814,160.05,170.57,0.7145,192.39
0.24,49.42,-68.29,4.1692,0,0,0,0,0,55,0,0,95,75.949,0.31814,160.05,170.57,0.7145,192.39
0.24,49.42,-68.29,4.1708,0,0,0,0,0,55,0,0,95,75.949,0.31814,160.05,170.57,0.7145,192.39
0.24,49.42,-68.29,4.1722,0,0,0,0,0,55,0,0,95,75.949,0.31814,160.05,170.57,0.7145,192.39
0.24,49.42,-68.29,4.1736,0,0,0,0,0,55,0,0,95,75.949,0.31814,160.05,170.57,0.7145,192.39
0.24,49.42,-68.29,4.1748,0,0,0,0,0,55,0,0,95,75.949,0.31814,160.05,170.57,0.7145,192.39
0.24,49.42,-68.29,4.1761,0,0,0,0,0,55,0,0,95,75.949,0.31814,160.05,170.57,0.7145,192.39
0.24,49.42,-68.29,4.1774,0,0,0,0,0,55,0,0,95,75.949,0.31814,160.05,170.57,0.7145,192.39
0.24,49.18,-68.77,4.1787,0,0,0,0,0,55,0,0,95,75.676,0.31699,160.37,169.89,0.71162,193.9
0.24,49.18,-68.77,4.1801,0,0,0,0,0,55,0,0,95,75.676,0.31699,160.37,169.89,0.71162,193.9
0.24,49.18,-68.77,4.1815,0,0,0,0,0,55,0,0,95,75.676,0.31699,160.37,169.89,0.71162,193.9
0.24,49.18,-68.77,4.1827,0,0,0,0,0,55,0,0,95,75.676,0.31699,160.37,169.89,0.71162,193.9
0.24,49.18,-68.77,4.184,0,0,0,0,0,55,0,0,95,75.676,0.31699,160.37,169.89,0.71162,193.9
0.24,49.18,-68.77,4.1855,0,0,0,0,0,55,0,0,95,75.676,0.31699,160.37,169.89,0.71162,193.9
0.24,49.18,-68.77,4.1872,0,0,0,0,0,55,0,0,95,75.676,0.31699,160.37,169.89,0.71162,193.9
0.24,49.18,-68.77,4.1899,0,0,0,0,0,55,0,0,95,75.676,0.31699,160.37,169.89,0.71162,193.9
0.24,49.18,-68.77,4.1912,0,0,0,0,0,55,0,0,95,75.676,0.31699,160.37,169.89,0.71162,193.9
0.24,49.18,-68.77,4.1925,0,0,0,0,0,55,0,0,95,75.676,0.31699,160.37,169.89,0.71162,193.9
0.24,49.18,-68.77,4.197,0,0,0,0,0,55,0,0,95,75.676,0.31699,160.37,169.89,0.71162,193.9
0.24,49.18,-68.05,4.1982,0,0,0,0,0,55,0,0,95,75.676,0.31699,160.37,170.3,0.71336,192.71
0.24,49.18,-68.05,4.1999,0,0,0,0,0,55,0,0,95,75.676,0.31699,160.37,170.3,0.71336,192.71
0.24,49.18,-68.05,4.2012,0,0,0,0,0,55,0,0,95,75.676,0.31699,160.37,170.3,0.71336,192.71
0.24,49.18,-68.05,4.203,0,0,0,0,0,55,0,0,95,75.676,0.31699,160.37,170.3,0.71336,192.71
0.24,49.18,-68.05,4.2046,0,0,0,0,0,55,0,0,95,75.676,0.31699,160.37,170.3,0.71336,192.71
0.24,49.18,-68.05,4.2063,0,0,0,0,0,55,0,0,95,75.676,0.31699,160.37,170.3,0.71336,192.71
0.24,49.18,-68.05,4.2075,0,0,0,0,0,55,0,0,95,75.676,0.31699,160.37,170.3,0.71336,192.71
0.24,49.18,-68.05,4.2087,0,0,0,0,0,55,0,0,95,75.676,0.31699,160.37,170.3,0.71336,192.71
0.24,48.94,-67.81,4.2102,0,0,0,0,0,55,0,0,95,75.402,0.31584,160.68,170.03,0.71221,193.03
0.24,48.94,-67.81,4.2115,0,0,0,0,0,55,0,0,95,75.402,0.31584,160.68,170.03,0.71221,193.03
0.24,48.94,-67.81,4.2128,0,0,0,0,0,55,0,0,95,75.402,0.31584,160.68,170.03,0.71221,193.03
0.24,48.94,-67.81,4.2142,0,0,0,0,0,55,0,0,95,75.402,0.31584,160.68,170.03,0.71221,193.03
0.24,48.94,-67.81,4.2156,0,0,0,0,0,55,0,0,95,75.402,0.31584,160.68,170.03,0.71221,193.03
0.24,48.94,-67.81,4.2169,0,0,0,0,0,55,0,0,95,75.402,0.31584,160.68,170.03,0.71221,193.03
0.24,48.94,-67.81,4.2182,0,0,0,0,0,55,0,0,95,75.402,0.31584,160.68,170.03,0.71221,193.03
0.24,48.94,-67.81,4.2196,0,0,0,0,0,55,0,0,95,75.402,0.31584,160.68,170.03,0.71221,193.03
0.24,48.94,-67.81,4.2209,0,0,0,0,0,55,0,0,95,75.402,0.31584,160.68,170.03,0.71221,193.03
0.24,48.94,-67.81,4.2224,0,0,0,0,0,55,0,0,95,75.402,0.31584,160.68,170.03,0.71221,193.03
0.24,48.94,-67.81,4.224,0,0,0,0,0,55,0,0,95,75.402,0.31584,160.68,170.03,0.71221,193.03
0.24,48.94,-67.81,4.2253,0,0,0,0,0,55,0,0,95,75.402,0.31584,160.68,170.03,0.71221,193.03
0.24,49.18,-67.33,4.2267,0,0,0,0,0,55,0,0,95,75.676,0.31699,160.37,170.7,0.71503,191.52
0.24,49.18,-67.33,4.2279,0,0,0,0,0,55,0,0,95,75.676,0.31699,160.37,170.7,0.71503,191.52
0.24,49.18,-67.33,4.2321,0,0,0,0,0,55,0,0,95,75.676,0.31699,160.37,170.7,0.71503,191.52
0.24,49.18,-67.33,4.2337,0,0,0,0,0,55,0,0,95,75.676,0.31699,160.37,170.7,0.71503,191.52
0.24,49.18,-67.33,4.235,0,0,0,0,0,55,0,0,95,75.676,0.31699,160.37,170.7,0.71503,191.52
0.24,49.18,-67.33,4.2364,0,0,0,0,0,55,0,0,95,75.676,0.31699,160.37,170.7,0.71503,191.52
0.24,49.18,-67.33,4.2379,0,0,0,0,0,55,0,0,95,75.676,0.31699,160.37,170.7,0.71503,191.52
0.24,49.18,-67.33,4.2394,0,0,0,0,0,55,0,0,95,75.676,0.31699,160.37,170.7,0.71503,191.52
0.24,49.18,-67.33,4.2412,0,0,0,0,0,55,0,0,95,75.676,0.31699,160.37,170.7,0.71503,191.52
0.24,48.7,-66.85,4.2424,0,0,0,0,0,55,0,0,95,75.126,0.31469,161,170.15,0.71272,192.15
0.24,48.7,-66.85,4.2436,0,0,0,0,0,55,0,0,95,75.126,0.31469,161,170.15,0.71272,192.15
0.24,48.7,-66.85,4.2448,0,0,0,0,0,55,0,0,95,75.126,0.31469,161,170.15,0.71272,192.15
0.24,48.7,-66.85,4.2461,0,0,0,0,0,55,0,0,95,75.126,0.31469,161,170.15,0.71272,192.15
0.24,48.7,-66.85,4.2473,0,0,0,0,0,55,0,0,95,75.126,0.31469,161,170.15,0.71272,192.15
0.24,48.7,-66.85,4.2486,0,0,0,0,0,55,0,0,95,75.126,0.31469,161,170.15,0.71272,192.15
0.24,48.7,-66.85,4.2498,0,0,0,0,0,55,0,0,95,75.126,0.31469,161,170.15,0.71272,192.15
0.24,48.7,-66.85,4.2512,0,0,0,0,0,55,0,0,95,75.126,0.31469,161,170.15,0.71272,192.15
0.24,48.7,-66.85,4.2536,0,0,0,0,0,55,0,0,95,75.126,0.31469,161,170.15,0.71272,192.15
0.24,48.7,-66.85,4.2554,0,0,0,0,0,55,0,0,95,75.126,0.31469,161,170.15,0.71272,192.15
0.24,48.7,-66.85,4.2567,0,0,0,0,0,55,0,0,95,75.126,0.31469,161,170.15,0.71272,192.15
0.24,48.7,-66.37,4.2579,0,0,0,0,0,55,0,0,95,75.126,0.31469,161,170.41,0.7138,191.35
0.24,48.7,-66.37,4.2591,0,0,0,0,0,55,0,0,95,75.126,0.31469,161,170.41,0.7138,191.35
0.24,48.7,-66.37,4.2626,0,0,0,0,0,55,0,0,95,75.126,0.31469,161,170.41,0.7138,191.35
0.24,48.7,-66.37,4.266,0,0,0,0,0,55,0,0,95,75.126,0.31469,161,170.41,0.7138,191.35
0.24,48.7,-66.37,4.2675,0,0,0,0,0,55,0,0,95,75.126,0.31469,161,170.41,0.7138,191.35
0.24,48.7,-66.37,4.2727,0,0,0,0,0,55,0,0,95,75.126,0.31469,161,170.41,0.7138,191.35
0,48.46,-65.89,4.2742,0,0,0,0,0,55,0,0,95,74.849,0,161.31,170.26,0,191.27
0,48.46,-65.89,4.2764,0,0,0,0,0,55,0,0,95,74.849,0,161.31,170.26,0,191.27
0,48.46,-65.89,4.2789,0,0,0,0,0,55,0,0,95,74.849,0,161.31,170.26,0,191.27
0,48.46,-65.89,4.2816,0,0,0,0,0,55,0,0,95,74.849,0,161.31,170.26,0,191.27
0,48.46,-65.89,4.2835,0,0,0,0,0,55,0,0,95,74.849,0,161.31,170.26,0,191.27
0,48.46,-65.89,4.2849,0,0,0,0,0,55,0,0,95,74.849,0,161.31,170.26,0,191.27
0,48.46,-65.89,4.2863,0,0,0,0,0,55,0,0,95,74.849,0,161.31,170.26,0,191.27
0,48.46,-65.89,4.2879,0,0,0,0,0,55,0,0,95,74.849,0,161.31,170.26,0,191.27
0,48.46,-65.89,4.2896,0,0,0,0,0,55,0,0,95,74.849,0,161.31,170.26,0,191.27
0.48,48.22,-65.65,4.2909,0,0,0,0,0,55,0,0,95,74.568,0.62472,161.63,169.97,1.424,191.58
0.48,48.22,-65.65,4.292,0,0,0,0,0,55,0,0,95,74.568,0.62472,161.63,169.97,1.424,191.58
0.48,48.22,-65.65,4.2932,0,0,0,0,0,55,0,0,95,74.568,0.62472,161.63,169.97,1.424,191.58
0.48,48.22,-65.65,4.2946,0,0,0,0,0,55,0,0,95,74.568,0.62472,161.63,169.97,1.424,191.58
0.48,48.22,-65.65,4.2958,0,0,0,0,0,55,0,0,95,74.568,0.62472,161.63,169.97,1.424,191.58
0.48,48.22,-65.65,4.297,0,0,0,0,0,55,0,0,95,74.568,0.62472,161.63,169.97,1.424,191.58
0.48,48.22,-65.65,4.2983,0,0,0,0,0,55,0,0,95,74.568,0.62472,161.63,169.97,1.424,191.58
0.48,48.22,-65.65,4.2996,0,0,0,0,0,55,0,0,95,74.568,0.62472,161.63,169.97,1.424,191.58
0.48,48.22,-65.65,4.3009,0,0,0,0,0,55,0,0,95,74.568,0.62472,161.63,169.97,1.424,191.58
0.48,48.22,-65.65,4.3021,0,0,0,0,0,55,0,0,95,74.568,0.62472,161.63,169.97,1.424,191.58
0.48,48.22,-65.65,4.3034,0,0,0,0,0,55,0,0,95,74.568,0.62472,161.63,169.97,1.424,191.58
0.48,48.22,-65.65,4.3049,0,0,0,0,0,55,0,0,95,74.568,0.62472,161.63,169.97,1.424,191.58
0.24,47.74,-65.17,4.3064,0,0,0,0,0,55,0,0,95,74.009,0.31001,162.25,169.42,0.70966,192.2
0.24,47.74,-65.17,4.3115,0,0,0,0,0,55,0,0,95,74.009,0.31001,162.25,169.42,0.70966,192.2
0.24,47.74,-65.17,4.314,0,0,0,0,0,55,0,0,95,74.009,0.31001,162.25,169.42,0.70966,192.2
0.24,47.74,-65.17,4.3169,0,0,0,0,0,55,0,0,95,74.009,0.31001,162.25,169.42,0.70966,192.2
0.24,47.74,-65.17,4.3191,0,0,0,0,0,55,0,0,95,74.009,0.31001,162.25,169.42,0.70966,192.2
0.24,47.74,-65.17,4.3207,0,0,0,0,0,55,0,0,95,74.009,0.31001,162.25,169.42,0.70966,192.2
0.24,47.5,-64.45,4.3221,0,0,0,0,0,55,0,0,95,73.727,0.30883,162.56,169.38,0.70951,191.71
0.24,47.5,-64.45,4.3236,0,0,0,0,0,55,0,0,95,73.727,0.30883,162.56,169.38,0.70951,191.71
0.24,47.5,-64.45,4.3249,0,0,0,0,0,55,0,0,95,73.727,0.30883,162.56,169.38,0.70951,191.71
0.24,47.5,-64.45,4.3262,0,0,0,0,0,55,0,0,95,73.727,0.30883,162.56,169.38,0.70951,191.71
0.24,47.5,-64.45,4.3274,0,0,0,0,0,55,0,0,95,73.727,0.30883,162.56,169.38,0.70951,191.71
0.24,47.5,-64.45,4.3285,0,0,0,0,0,55,0,0,95,73.727,0.30883,162.56,169.38,0.70951,191.71
0.24,47.5,-64.45,4.3298,0,0,0,0,0,55,0,0,95,73.727,0.30883,162.56,169.38,0.70951,191.71
0.24,47.5,-64.45,4.3311,0,0,0,0,0,55,0,0,95,73.727,0.30883,162.56,169.38,0.70951,191.71
0.24,47.5,-64.45,4.3323,0,0,0,0,0,55,0,0,95,73.727,0.30883,162.56,169.38,0.70951,191.71
0.24,47.5,-64.45,4.3342,0,0,0,0,0,55,0,0,95,73.727,0.30883,162.56,169.38,0.70951,191.71
0.24,47.5,-64.45,4.3367,0,0,0,0,0,55,0,0,95,73.727,0.30883,162.56,169.38,0.70951,191.71
0.24,46.54,-63.97,4.3385,0,0,0,0,0,55,0,0,95,72.585,0.30404,163.78,167.99,0.70369,193.74
0.24,46.54,-63.97,4.3402,0,0,0,0,0,55,0,0,95,72.585,0.30404,163.78,167.99,0.70369,193.74
0.24,46.54,-63.97,4.3414,0,0,0,0,0,55,0,0,95,72.585,0.30404,163.78,167.99,0.70369,193.74
0.24,46.54,-63.97,4.3427,0,0,0,0,0,55,0,0,95,72.585,0.30404,163.78,167.99,0.70369,193.74
0.24,46.54,-63.97,4.344,0,0,0,0,0,55,0,0,95,72.585,0.30404,163.78,167.99,0.70369,193.74
0.24,46.54,-63.97,4.3451,0,0,0,0,0,55,0,0,95,72.585,0.30404,163.78,167.99,0.70369,193.74
0.24,46.54,-63.97,4.3465,0,0,0,0,0,55,0,0,95,72.585,0.30404,163.78,167.99,0.70369,193.74
0.24,46.54,-63.97,4.3516,0,0,0,0,0,55,0,0,95,72.585,0.30404,163.78,167.99,0.70369,193.74
0.24,46.54,-63.97,4.3528,0,0,0,0,0,55,0,0,95,72.585,0.30404,163.78,167.99,0.70369,193.74
0.24,46.54,-63.97,4.3543,0,0,0,0,0,55,0,0,95,72.585,0.30404,163.78,167.99,0.70369,193.74
0.24,46.54,-63.97,4.3571,0,0,0,0,0,55,0,0,95,72.585,0.30404,163.78,167.99,0.70369,193.74
0.24,45.82,-63.49,4.3598,0,0,0,0,0,55,0,0,95,71.715,0.3004,164.69,167,0.69952,195.04
0.24,45.82,-63.49,4.3627,0,0,0,0,0,55,0,0,95,71.715,0.3004,164.69,167,0.69952,195.04
0.24,45.82,-63.49,4.3648,0,0,0,0,0,55,0,0,95,71.715,0.3004,164.69,167,0.69952,195.04
0.24,45.82,-63.49,4.3663,0,0,0,0,0,55,0,0,95,71.715,0.3004,164.69,167,0.69952,195.04
0.24,45.82,-63.49,4.3675,0,0,0,0,0,55,0,0,95,71.715,0.3004,164.69,167,0.69952,195.04
0.24,45.82,-63.49,4.3688,0,0,0,0,0,55,0,0,95,71.715,0.3004,164.69,167,0.69952,195.04
0.24,45.82,-63.49,4.3704,0,0,0,0,0,55,0,0,95,71.715,0.3004,164.69,167,0.69952,195.04
0.24,45.82,-63.49,4.3717,0,0,0,0,0,55,0,0,95,71.715,0.3004,164.69,167,0.69952,195.04
0.24,45.82,-63.49,4.3732,0,0,0,0,0,55,0,0,95,71.715,0.3004,164.69,167,0.69952,195.04
0.24,45.82,-63.49,4.3745,0,0,0,0,0,55,0,0,95,71.715,0.3004,164.69,167,0.69952,195.04
0.24,45.82,-63.49,4.3756,0,0,0,0,0,55,0,0,95,71.715,0.3004,164.69,167,0.69952,195.04
0.24,45.82,-63.49,4.3769,0,0,0,0,0,55,0,0,95,71.715,0.3004,164.69,167,0.69952,195.04
0.24,45.82,-63.49,4.3781,0,0,0,0,0,55,0,0,95,71.715,0.3004,164.69,167,0.69952,195.04
0.24,45.82,-63.49,4.3793,0,0,0,0,0,55,0,0,95,71.715,0.3004,164.69,167,0.69952,195.04
0.24,45.82,-63.49,4.3807,0,0,0,0,0,55,0,0,95,71.715,0.3004,164.69,167,0.69952,195.04
0.24,45.82,-63.49,4.3819,0,0,0,0,0,55,0,0,95,71.715,0.3004,164.69,167,0.69952,195.04
0.24,45.82,-63.49,4.3832,0,0,0,0,0,55,0,0,95,71.715,0.3004,164.69,167,0.69952,195.04
0.24,45.82,-63.49,4.3844,0,0,0,0,0,55,0,0,95,71.715,0.3004,164.69,167,0.69952,195.04
0.24,45.82,-63.49,4.3858,0,0,0,0,0,55,0,0,95,71.715,0.3004,164.69,167,0.69952,195.04
0.24,45.1,-63.25,4.391,0,0,0,0,0,55,0,0,95,70.833,0.29671,165.59,165.86,0.69474,196.74
0.24,45.1,-63.25,4.3926,0,0,0,0,0,55,0,0,95,70.833,0.29671,165.59,165.86,0.69474,196.74
0.24,45.1,-63.25,4.394,0,0,0,0,0,55,0,0,95,70.833,0.29671,165.59,165.86,0.69474,196.74
0.24,45.1,-63.25,4.3959,0,0,0,0,0,55,0,0,95,70.833,0.29671,165.59,165.86,0.69474,196.74
0.24,45.1,-63.25,4.3972,0,0,0,0,0,55,0,0,95,70.833,0.29671,165.59,165.86,0.69474,196.74
0.24,45.1,-63.25,4.3984,0,0,0,0,0,55,0,0,95,70.833,0.29671,165.59,165.86,0.69474,196.74
0.24,45.1,-63.25,4.3997,0,0,0,0,0,55,0,0,95,70.833,0.29671,165.59,165.86,0.69474,196.74
0.24,45.1,-63.25,4.4009,0,0,0,0,0,55,0,0,95,70.833,0.29671,165.59,165.86,0.69474,196.74
0.24,45.1,-63.25,4.4023,0,0,0,0,0,55,0,0,95,70.833,0.29671,165.59,165.86,0.69474,196.74
0.24,45.1,-63.25,4.4038,0,0,0,0,0,55,0,0,95,70.833,0.29671,165.59,165.86,0.69474,196.74
0.24,44.62,-61.57,4.4057,0,0,0,0,0,55,0,0,95,70.24,0.29422,166.18,165.89,0.6949,195.33
0.24,44.62,-61.57,4.4075,0,0,0,0,0,55,0,0,95,70.24,0.29422,166.18,165.89,0.6949,195.33
0.24,44.62,-61.57,4.4091,0,0,0,0,0,55,0,0,95,70.24,0.29422,166.18,165.89,0.6949,195.33
0.24,44.62,-61.57,4.4107,0,0,0,0,0,55,0,0,95,70.24,0.29422,166.18,165.89,0.6949,195.33
0.24,44.62,-61.57,4.4126,0,0,0,0,0,55,0,0,95,70.24,0.29422,166.18,165.89,0.6949,195.33
0.24,44.62,-61.57,4.414,0,0,0,0,0,55,0,0,95,70.24,0.29422,166.18,165.89,0.6949,195.33
0.24,44.62,-61.57,4.4157,0,0,0,0,0,55,0,0,95,70.24,0.29422,166.18,165.89,0.6949,195.33
0.24,44.62,-61.57,4.4173,0,0,0,0,0,55,0,0,95,70.24,0.29422,166.18,165.89,0.6949,195.33
0.24,44.62,-61.57,4.4187,0,0,0,0,0,55,0,0,95,70.24,0.29422,166.18,165.89,0.6949,195.33
0.24,43.9,-60.85,4.4202,0,0,0,0,0,55,0,0,95,69.34,0.29045,167.06,164.99,0.69113,196.21
0.24,43.9,-60.85,4.4215,0,0,0,0,0,55,0,0,95,69.34,0.29045,167.06,164.99,0.69113,196.21
0.24,43.9,-60.85,4.4228,0,0,0,0,0,55,0,0,95,69.34,0.29045,167.06,164.99,0.69113,196.21
0.24,43.9,-60.85,4.424,0,0,0,0,0,55,0,0,95,69.34,0.29045,167.06,164.99,0.69113,196.21
0.24,43.9,-60.85,4.4286,0,0,0,0,0,55,0,0,95,69.34,0.29045,167.06,164.99,0.69113,196.21
0.24,43.9,-60.85,4.4307,0,0,0,0,0,55,0,0,95,69.34,0.29045,167.06,164.99,0.69113,196.21
0.24,43.9,-60.85,4.4322,0,0,0,0,0,55,0,0,95,69.34,0.29045,167.06,164.99,0.69113,196.21
0.24,43.9,-60.85,4.4334,0,0,0,0,0,55,0,0,95,69.34,0.29045,167.06,164.99,0.69113,196.21
0.24,43.9,-60.85,4.435,0,0,0,0,0,55,0,0,95,69.34,0.29045,167.06,164.99,0.69113,196.21
0.24,43.9,-60.85,4.4382,0,0,0,0,0,55,0,0,95,69.34,0.29045,167.06,164.99,0.69113,196.21
0.24,43.66,-60.61,4.4409,0,0,0,0,0,55,0,0,95,69.037,0.28918,167.34,164.69,0.68987,196.5
0.24,43.66,-60.61,4.4432,0,0,0,0,0,55,0,0,95,69.037,0.28918,167.34,164.69,0.68987,196.5
0.24,43.66,-60.61,4.4445,0,0,0,0,0,55,0,0,95,69.037,0.28918,167.34,164.69,0.68987,196.5
0.24,43.66,-60.61,4.4457,0,0,0,0,0,55,0,0,95,69.037,0.28918,167.34,164.69,0.68987,196.5
0.24,43.66,-60.61,4.447,0,0,0,0,0,55,0,0,95,69.037,0.28918,167.34,164.69,0.68987,196.5
0.24,43.66,-60.61,4.4484,0,0,0,0,0,55,0,0,95,69.037,0.28918,167.34,164.69,0.68987,196.5
0.24,43.66,-60.61,4.4499,0,0,0,0,0,55,0,0,95,69.037,0.28918,167.34,164.69,0.68987,196.5
0.24,43.66,-60.61,4.4512,0,0,0,0,0,55,0,0,95,69.037,0.28918,167.34,164.69,0.68987,196.5
0.24,43.42,-59.89,4.4526,0,0,0,0,0,55,0,0,95,68.734,0.28791,167.63,164.63,0.6896,195.98
0.24,43.42,-59.89,4.454,0,0,0,0,0,55,0,0,95,68.734,0.28791,167.63,164.63,0.6896,195.98
0.24,43.42,-59.89,4.4556,0,0,0,0,0,55,0,0,95,68.734,0.28791,167.63,164.63,0.6896,195.98
0.24,43.42,-59.89,4.4572,0,0,0,0,0,55,0,0,95,68.734,0.28791,167.63,164.63,0.6896,195.98
0.24,43.42,-59.89,4.4585,0,0,0,0,0,55,0,0,95,68.734,0.28791,167.63,164.63,0.6896,195.98
0.24,43.42,-59.89,4.4604,0,0,0,0,0,55,0,0,95,68.734,0.28791,167.63,164.63,0.6896,195.98
0.24,43.42,-59.89,4.4623,0,0,0,0,0,55,0,0,95,68.734,0.28791,167.63,164.63,0.6896,195.98
0.24,43.42,-59.89,4.4637,0,0,0,0,0,55,0,0,95,68.734,0.28791,167.63,164.63,0.6896,195.98
0.24,43.42,-59.89,4.4653,0,0,0,0,0,55,0,0,95,68.734,0.28791,167.63,164.63,0.6896,195.98
0.24,43.42,-59.89,4.4726,0,0,0,0,0,55,0,0,95,68.734,0.28791,167.63,164.63,0.6896,195.98
0.24,42.7,-59.17,4.4753,0,0,0,0,0,55,0,0,95,67.815,0.28407,168.49,163.71,0.68576,196.84
0.24,42.7,-59.17,4.4782,0,0,0,0,0,55,0,0,95,67.815,0.28407,168.49,163.71,0.68576,196.84
0.24,42.7,-59.17,4.481,0,0,0,0,0,55,0,0,95,67.815,0.28407,168.49,163.71,0.68576,196.84
0.24,42.7,-59.17,4.483,0,0,0,0,0,55,0,0,95,67.815,0.28407,168.49,163.71,0.68576,196.84
0.24,42.22,-58.21,4.4841,0,0,0,0,0,55,0,0,95,67.197,0.28148,169.06,163.33,0.68415,196.6
0.24,42.22,-58.21,4.4853,0,0,0,0,0,55,0,0,95,67.197,0.28148,169.06,163.33,0.68415,196.6
0.24,42.22,-58.21,4.4866,0,0,0,0,0,55,0,0,95,67.197,0.28148,169.06,163.33,0.68415,196.6
0.24,42.22,-58.21,4.4879,0,0,0,0,0,55,0,0,95,67.197,0.28148,169.06,163.33,0.68415,196.6
0.24,42.22,-58.21,4.4893,0,0,0,0,0,55,0,0,95,67.197,0.28148,169.06,163.33,0.68415,196.6
0.24,42.22,-58.21,4.4906,0,0,0,0,0,55,0,0,95,67.197,0.28148,169.06,163.33,0.68415,196.6
0.24,42.22,-58.21,4.4919,0,0,0,0,0,55,0,0,95,67.197,0.28148,169.06,163.33,0.68415,196.6
0.24,42.22,-58.21,4.4932,0,0,0,0,0,55,0,0,95,67.197,0.28148,169.06,163.33,0.68415,196.6
0.24,42.22,-58.21,4.4945,0,0,0,0,0,55,0,0,95,67.197,0.28148,169.06,163.33,0.68415,196.6
0.24,42.22,-58.21,4.4958,0,0,0,0,0,55,0,0,95,67.197,0.28148,169.06,163.33,0.68415,196.6
0.24,42.22,-58.21,4.4971,0,0,0,0,0,55,0,0,95,67.197,0.28148,169.06,163.33,0.68415,196.6
0.24,42.22,-58.21,4.4986,0,0,0,0,0,55,0,0,95,67.197,0.28148,169.06,163.33,0.68415,196.6
0.24,42.22,-58.21,4.5002,0,0,0,0,0,55,0,0,95,67.197,0.28148,169.06,163.33,0.68415,196.6
0.24,41.74,-58.21,4.5016,0,0,0,0,0,55,0,0,95,66.575,0.27887,169.62,162.47,0.68056,197.97
0.24,41.74,-58.21,4.5032,0,0,0,0,0,55,0,0,95,66.575,0.27887,169.62,162.47,0.68056,197.97
0.24,41.74,-58.21,4.5046,0,0,0,0,0,55,0,0,95,66.575,0.27887,169.62,162.47,0.68056,197.97
0.24,41.74,-58.21,4.5058,0,0,0,0,0,55,0,0,95,66.575,0.27887,169.62,162.47,0.68056,197.97
0.24,41.74,-58.21,4.5072,0,0,0,0,0,55,0,0,95,66.575,0.27887,169.62,162.47,0.68056,197.97
0.24,41.74,-58.21,4.5083,0,0,0,0,0,55,0,0,95,66.575,0.27887,169.62,162.47,0.68056,197.97
0.24,41.74,-58.21,4.5145,0,0,0,0,0,55,0,0,95,66.575,0.27887,169.62,162.47,0.68056,197.97
0.24,41.5,-57.49,4.516,0,0,0,0,0,55,0,0,95,66.261,0.27756,169.9,162.39,0.68023,197.44
0.24,41.5,-57.49,4.5174,0,0,0,0,0,55,0,0,95,66.261,0.27756,169.9,162.39,0.68023,197.44
0.24,41.5,-57.49,4.5198,0,0,0,0,0,55,0,0,95,66.261,0.27756,169.9,162.39,0.68023,197.44
0.24,41.5,-57.49,4.5226,0,0,0,0,0,55,0,0,95,66.261,0.27756,169.9,162.39,0.68023,197.44
0.24,41.5,-57.49,4.5258,0,0,0,0,0,55,0,0,95,66.261,0.27756,169.9,162.39,0.68023,197.44
0.24,41.5,-57.49,4.5282,0,0,0,0,0,55,0,0,95,66.261,0.27756,169.9,162.39,0.68023,197.44
0.24,41.5,-57.49,4.5297,0,0,0,0,0,55,0,0,95,66.261,0.27756,169.9,162.39,0.68023,197.44
0.24,41.5,-57.49,4.5316,0,0,0,0,0,55,0,0,95,66.261,0.27756,169.9,162.39,0.68023,197.44
0.24,41.26,-56.77,4.5337,0,0,0,0,0,55,0,0,95,65.947,0.27624,170.17,162.3,0.67986,196.91
0.24,41.26,-56.77,4.5359,0,0,0,0,0,55,0,0,95,65.947,0.27624,170.17,162.3,0.67986,196.91
0.24,41.26,-56.77,4.5388,0,0,0,0,0,55,0,0,95,65.947,0.27624,170.17,162.3,0.67986,196.91
0.24,41.26,-56.77,4.5404,0,0,0,0,0,55,0,0,95,65.947,0.27624,170.17,162.3,0.67986,196.91
0.24,41.26,-56.77,4.5417,0,0,0,0,0,55,0,0,95,65.947,0.27624,170.17,162.3,0.67986,196.91
0.24,41.26,-56.77,4.5432,0,0,0,0,0,55,0,0,95,65.947,0.27624,170.17,162.3,0.67986,196.91
0.24,41.26,-56.77,4.5445,0,0,0,0,0,55,0,0,95,65.947,0.27624,170.17,162.3,0.67986,196.91
0.24,41.26,-56.77,4.5458,0,0,0,0,0,55,0,0,95,65.947,0.27624,170.17,162.3,0.67986,196.91
0.24,41.26,-56.77,4.5472,0,0,0,0,0,55,0,0,95,65.947,0.27624,170.17,162.3,0.67986,196.91
0.24,41.26,-56.05,4.5502,0,0,0,0,0,55,0,0,95,65.947,0.27624,170.17,162.63,0.68124,195.7
0.24,41.26,-56.05,4.5524,0,0,0,0,0,55,0,0,95,65.947,0.27624,170.17,162.63,0.68124,195.7
0.24,41.26,-56.05,4.554,0,0,0,0,0,55,0,0,95,65.947,0.27624,170.17,162.63,0.68124,195.7
0.24,41.26,-56.05,4.5554,0,0,0,0,0,55,0,0,95,65.947,0.27624,170.17,162.63,0.68124,195.7
0.24,41.26,-56.05,4.5568,0,0,0,0,0,55,0,0,95,65.947,0.27624,170.17,162.63,0.68124,195.7
0.24,41.26,-56.05,4.5625,0,0,0,0,0,55,0,0,95,65.947,0.27624,170.17,162.63,0.68124,195.7
0.24,41.26,-56.05,4.5639,0,0,0,0,0,55,0,0,95,65.947,0.27624,170.17,162.63,0.68124,195.7
0.24,40.78,-55.33,4.5654,0,0,0,0,0,55,0,0,95,65.315,0.27359,170.72,162.11,0.67904,195.84
0.24,40.78,-55.33,4.5682,0,0,0,0,0,55,0,0,95,65.315,0.27359,170.72,162.11,0.67904,195.84
0.24,40.78,-55.33,4.571,0,0,0,0,0,55,0,0,95,65.315,0.27359,170.72,162.11,0.67904,195.84
0.24,40.78,-55.33,4.5757,0,0,0,0,0,55,0,0,95,65.315,0.27359,170.72,162.11,0.67904,195.84
0.24,40.78,-55.33,4.5774,0,0,0,0,0,55,0,0,95,65.315,0.27359,170.72,162.11,0.67904,195.84
0.24,40.78,-55.33,4.5786,0,0,0,0,0,55,0,0,95,65.315,0.27359,170.72,162.11,0.67904,195.84
0.24,40.06,-55.09,4.5799,0,0,0,0,0,55,0,0,95,64.358,0.26959,171.54,160.94,0.67413,197.47
0.24,40.06,-55.09,4.5811,0,0,0,0,0,55,0,0,95,64.358,0.26959,171.54,160.94,0.67413,197.47
0.24,40.06,-55.09,4.5827,0,0,0,0,0,55,0,0,95,64.358,0.26959,171.54,160.94,0.67413,197.47
0.24,40.06,-55.09,4.584,0,0,0,0,0,55,0,0,95,64.358,0.26959,171.54,160.94,0.67413,197.47
0.24,40.06,-55.09,4.5851,0,0,0,0,0,55,0,0,95,64.358,0.26959,171.54,160.94,0.67413,197.47
0.24,40.06,-55.09,4.5866,0,0,0,0,0,55,0,0,95,64.358,0.26959,171.54,160.94,0.67413,197.47
0.24,40.06,-55.09,4.5884,0,0,0,0,0,55,0,0,95,64.358,0.26959,171.54,160.94,0.67413,197.47
0.24,40.06,-55.09,4.5903,0,0,0,0,0,55,0,0,95,64.358,0.26959,171.54,160.94,0.67413,197.47
0.24,40.06,-55.09,4.5919,0,0,0,0,0,55,0,0,95,64.358,0.26959,171.54,160.94,0.67413,197.47
0.24,40.06,-55.09,4.5932,0,0,0,0,0,55,0,0,95,64.358,0.26959,171.54,160.94,0.67413,197.47
0.24,40.06,-55.09,4.5947,0,0,0,0,0,55,0,0,95,64.358,0.26959,171.54,160.94,0.67413,197.47
0.24,39.58,-54.61,4.5961,0,0,0,0,0,55,0,0,95,63.715,0.26689,172.07,160.29,0.67144,198.01
0.24,39.58,-54.61,4.5973,0,0,0,0,0,55,0,0,95,63.715,0.26689,172.07,160.29,0.67144,198.01
0.24,39.58,-54.61,4.5987,0,0,0,0,0,55,0,0,95,63.715,0.26689,172.07,160.29,0.67144,198.01
0.24,39.58,-54.61,4.6,0,0,0,0,0,55,0,0,95,63.715,0.26689,172.07,160.29,0.67144,198.01
0.24,39.58,-54.61,4.6059,0,0,0,0,0,55,0,0,95,63.715,0.26689,172.07,160.29,0.67144,198.01
0.24,39.58,-54.61,4.6077,0,0,0,0,0,55,0,0,95,63.715,0.26689,172.07,160.29,0.67144,198.01
0.24,39.58,-54.61,4.6102,0,0,0,0,0,55,0,0,95,63.715,0.26689,172.07,160.29,0.67144,198.01
0.24,39.58,-54.61,4.613,0,0,0,0,0,55,0,0,95,63.715,0.26689,172.07,160.29,0.67144,198.01
0.24,39.34,-53.65,4.6156,0,0,0,0,0,55,0,0,95,63.392,0.26554,172.34,160.29,0.67142,197.06
0.24,39.34,-53.65,4.6181,0,0,0,0,0,55,0,0,95,63.392,0.26554,172.34,160.29,0.67142,197.06
0.24,39.34,-53.65,4.6206,0,0,0,0,0,55,0,0,95,63.392,0.26554,172.34,160.29,0.67142,197.06
0.24,39.34,-53.65,4.6224,0,0,0,0,0,55,0,0,95,63.392,0.26554,172.34,160.29,0.67142,197.06
0.24,39.34,-53.65,4.624,0,0,0,0,0,55,0,0,95,63.392,0.26554,172.34,160.29,0.67142,197.06
0.24,39.34,-53.65,4.6257,0,0,0,0,0,55,0,0,95,63.392,0.26554,172.34,160.29,0.67142,197.06
0.24,39.34,-53.65,4.627,0,0,0,0,0,55,0,0,95,63.392,0.26554,172.34,160.29,0.67142,197.06
0.24,38.62,-52.93,4.6282,0,0,0,0,0,55,0,0,95,62.415,0.26144,173.13,159.31,0.66732,197.85
0.24,38.62,-52.93,4.6294,0,0,0,0,0,55,0,0,95,62.415,0.26144,173.13,159.31,0.66732,197.85
0.24,38.62,-52.93,4.6308,0,0,0,0,0,55,0,0,95,62.415,0.26144,173.13,159.31,0.66732,197.85
0.24,38.62,-52.93,4.6321,0,0,0,0,0,55,0,0,95,62.415,0.26144,173.13,159.31,0.66732,197.85
0.24,38.62,-52.93,4.6335,0,0,0,0,0,55,0,0,95,62.415,0.26144,173.13,159.31,0.66732,197.85
0.24,38.62,-52.93,4.6349,0,0,0,0,0,55,0,0,95,62.415,0.26144,173.13,159.31,0.66732,197.85
0.24,38.62,-52.93,4.6362,0,0,0,0,0,55,0,0,95,62.415,0.26144,173.13,159.31,0.66732,197.85
0.24,38.62,-52.93,4.6378,0,0,0,0,0,55,0,0,95,62.415,0.26144,173.13,159.31,0.66732,197.85
0.24,38.62,-52.93,4.6393,0,0,0,0,0,55,0,0,95,62.415,0.26144,173.13,159.31,0.66732,197.85
0.24,38.62,-52.93,4.6407,0,0,0,0,0,55,0,0,95,62.415,0.26144,173.13,159.31,0.66732,197.85
0.24,38.62,-52.93,4.642,0,0,0,0,0,55,0,0,95,62.415,0.26144,173.13,159.31,0.66732,197.85
0.24,38.62,-52.93,4.6432,0,0,0,0,0,55,0,0,95,62.415,0.26144,173.13,159.31,0.66732,197.85
0.24,38.14,-52.93,4.6496,0,0,0,0,0,55,0,0,95,61.758,0.25869,173.65,158.44,0.66369,199.18
0.24,38.14,-52.93,4.6513,0,0,0,0,0,55,0,0,95,61.758,0.25869,173.65,158.44,0.66369,199.18
0.24,38.14,-52.93,4.6527,0,0,0,0,0,55,0,0,95,61.758,0.25869,173.65,158.44,0.66369,199.18
0.24,38.14,-52.93,4.6541,0,0,0,0,0,55,0,0,95,61.758,0.25869,173.65,158.44,0.66369,199.18
0.24,38.14,-52.93,4.6557,0,0,0,0,0,55,0,0,95,61.758,0.25869,173.65,158.44,0.66369,199.18
0.24,38.14,-52.93,4.6571,0,0,0,0,0,55,0,0,95,61.758,0.25869,173.65,158.44,0.66369,199.18
0.24,38.14,-52.93,4.6584,0,0,0,0,0,55,0,0,95,61.758,0.25869,173.65,158.44,0.66369,199.18
0.24,38.14,-52.93,4.6598,0,0,0,0,0,55,0,0,95,61.758,0.25869,173.65,158.44,0.66369,199.18
0.24,38.14,-52.45,4.661,0,0,0,0,0,55,0,0,95,61.758,0.25869,173.65,158.65,0.66457,198.37
0.24,38.14,-52.45,4.6623,0,0,0,0,0,55,0,0,95,61.758,0.25869,173.65,158.65,0.66457,198.37
0.24,38.14,-52.45,4.6635,0,0,0,0,0,55,0,0,95,61.758,0.25869,173.65,158.65,0.66457,198.37
0.24,38.14,-52.45,4.6648,0,0,0,0,0,55,0,0,95,61.758,0.25869,173.65,158.65,0.66457,198.37
0.24,38.14,-52.45,4.6662,0,0,0,0,0,55,0,0,95,61.758,0.25869,173.65,158.65,0.66457,198.37
0.24,38.14,-52.45,4.6677,0,0,0,0,0,55,0,0,95,61.758,0.25869,173.65,158.65,0.66457,198.37
0.24,38.14,-52.45,4.6692,0,0,0,0,0,55,0,0,95,61.758,0.25869,173.65,158.65,0.66457,198.37
0.24,38.14,-52.45,4.6709,0,0,0,0,0,55,0,0,95,61.758,0.25869,173.65,158.65,0.66457,198.37
0.24,38.14,-52.45,4.6725,0,0,0,0,0,55,0,0,95,61.758,0.25869,173.65,158.65,0.66457,198.37
0.24,38.14,-52.45,4.6741,0,0,0,0,0,55,0,0,95,61.758,0.25869,173.65,158.65,0.66457,198.37
0.24,38.14,-52.45,4.6758,0,0,0,0,0,55,0,0,95,61.758,0.25869,173.65,158.65,0.66457,198.37
0.24,37.9,-51.73,4.6775,0,0,0,0,0,55,0,0,95,61.428,0.25731,173.91,158.53,0.66404,197.81
0.24,37.9,-51.73,4.6789,0,0,0,0,0,55,0,0,95,61.428,0.25731,173.91,158.53,0.66404,197.81
0.24,37.9,-51.73,4.6801,0,0,0,0,0,55,0,0,95,61.428,0.25731,173.91,158.53,0.66404,197.81
0.24,37.9,-51.73,4.6813,0,0,0,0,0,55,0,0,95,61.428,0.25731,173.91,158.53,0.66404,197.81
0.24,37.9,-51.73,4.686,0,0,0,0,0,55,0,0,95,61.428,0.25731,173.91,158.53,0.66404,197.81
0.24,37.9,-51.73,4.6876,0,0,0,0,0,55,0,0,95,61.428,0.25731,173.91,158.53,0.66404,197.81
0.24,37.9,-51.73,4.6889,0,0,0,0,0,55,0,0,95,61.428,0.25731,173.91,158.53,0.66404,197.81
0.24,37.9,-51.73,4.6906,0,0,0,0,0,55,0,0,95,61.428,0.25731,173.91,158.53,0.66404,197.81
0.24,38.14,-51.25,4.6932,0,0,0,0,0,55,0,0,95,61.758,0.25869,173.65,159.15,0.66665,196.33
0.24,38.14,-51.25,4.6958,0,0,0,0,0,55,0,0,95,61.758,0.25869,173.65,159.15,0.66665,196.33
0.24,38.14,-51.25,4.6984,0,0,0,0,0,55,0,0,95,61.758,0.25869,173.65,159.15,0.66665,196.33
0.24,38.14,-51.25,4.7,0,0,0,0,0,55,0,0,95,61.758,0.25869,173.65,159.15,0.66665,196.33
0.24,38.14,-51.25,4.7015,0,0,0,0,0,55,0,0,95,61.758,0.25869,173.65,159.15,0.66665,196.33
0.24,38.14,-51.25,4.7028,0,0,0,0,0,55,0,0,95,61.758,0.25869,173.65,159.15,0.66665,196.33
0.24,38.14,-51.25,4.7042,0,0,0,0,0,55,0,0,95,61.758,0.25869,173.65,159.15,0.66665,196.33
0.24,38.14,-51.25,4.7058,0,0,0,0,0,55,0,0,95,61.758,0.25869,173.65,159.15,0.66665,196.33
0.24,38.14,-51.25,4.7073,0,0,0,0,0,55,0,0,95,61.758,0.25869,173.65,159.15,0.66665,196.33
0.24,37.18,-50.29,4.7085,0,0,0,0,0,55,0,0,95,60.432,0.25314,174.67,157.82,0.6611,197.36
0.24,37.18,-50.29,4.7098,0,0,0,0,0,55,0,0,95,60.432,0.25314,174.67,157.82,0.6611,197.36
0.24,37.18,-50.29,4.7111,0,0,0,0,0,55,0,0,95,60.432,0.25314,174.67,157.82,0.6611,197.36
0.24,37.18,-50.29,4.7125,0,0,0,0,0,55,0,0,95,60.432,0.25314,174.67,157.82,0.6611,197.36
0.24,37.18,-50.29,4.7141,0,0,0,0,0,55,0,0,95,60.432,0.25314,174.67,157.82,0.6611,197.36
0.24,37.18,-50.29,4.716,0,0,0,0,0,55,0,0,95,60.432,0.25314,174.67,157.82,0.6611,197.36
0.24,37.18,-50.29,4.7173,0,0,0,0,0,55,0,0,95,60.432,0.25314,174.67,157.82,0.6611,197.36
0.24,37.18,-50.29,4.7191,0,0,0,0,0,55,0,0,95,60.432,0.25314,174.67,157.82,0.6611,197.36
0.24,37.18,-50.29,4.7217,0,0,0,0,0,55,0,0,95,60.432,0.25314,174.67,157.82,0.6611,197.36
0.24,37.18,-50.29,4.7238,0,0,0,0,0,55,0,0,95,60.432,0.25314,174.67,157.82,0.6611,197.36
0.24,36.46,-49.81,4.7301,0,0,0,0,0,55,0,0,95,59.426,0.24892,175.43,156.72,0.65648,198.52
0.24,36.46,-49.81,4.7326,0,0,0,0,0,55,0,0,95,59.426,0.24892,175.43,156.72,0.65648,198.52
0.24,36.46,-49.81,4.7352,0,0,0,0,0,55,0,0,95,59.426,0.24892,175.43,156.72,0.65648,198.52
0.24,36.46,-49.81,4.7379,0,0,0,0,0,55,0,0,95,59.426,0.24892,175.43,156.72,0.65648,198.52
0.24,36.46,-49.81,4.741,0,0,0,0,0,55,0,0,95,59.426,0.24892,175.43,156.72,0.65648,198.52
0.24,35.98,-49.33,4.7425,0,0,0,0,0,55,0,0,95,58.75,0.24609,175.92,156.05,0.65365,199.01
0.24,35.98,-49.33,4.7444,0,0,0,0,0,55,0,0,95,58.75,0.24609,175.92,156.05,0.65365,199.01
0.24,35.98,-49.33,4.7459,0,0,0,0,0,55,0,0,95,58.75,0.24609,175.92,156.05,0.65365,199.01
0.24,35.98,-49.33,4.7472,0,0,0,0,0,55,0,0,95,58.75,0.24609,175.92,156.05,0.65365,199.01
0.24,35.98,-49.33,4.7485,0,0,0,0,0,55,0,0,95,58.75,0.24609,175.92,156.05,0.65365,199.01
0.24,35.98,-49.33,4.7497,0,0,0,0,0,55,0,0,95,58.75,0.24609,175.92,156.05,0.65365,199.01
0.24,35.98,-49.33,4.7511,0,0,0,0,0,55,0,0,95,58.75,0.24609,175.92,156.05,0.65365,199.01
0.24,35.98,-49.33,4.7524,0,0,0,0,0,55,0,0,95,58.75,0.24609,175.92,156.05,0.65365,199.01
0.24,35.98,-49.33,4.7538,0,0,0,0,0,55,0,0,95,58.75,0.24609,175.92,156.05,0.65365,199.01
0.24,35.98,-49.33,4.7551,0,0,0,0,0,55,0,0,95,58.75,0.24609,175.92,156.05,0.65365,199.01
0.24,35.74,-48.85,4.7567,0,0,0,0,0,55,0,0,95,58.41,0.24467,176.17,155.8,0.65263,198.85
0.24,35.74,-48.85,4.7578,0,0,0,0,0,55,0,0,95,58.41,0.24467,176.17,155.8,0.65263,198.85
0.24,35.74,-48.85,4.759,0,0,0,0,0,55,0,0,95,58.41,0.24467,176.17,155.8,0.65263,198.85
0.24,35.74,-48.85,4.7604,0,0,0,0,0,55,0,0,95,58.41,0.24467,176.17,155.8,0.65263,198.85
0.24,35.74,-48.85,4.7617,0,0,0,0,0,55,0,0,95,58.41,0.24467,176.17,155.8,0.65263,198.85
0.24,35.74,-48.85,4.7631,0,0,0,0,0,55,0,0,95,58.41,0.24467,176.17,155.8,0.65263,198.85
0.24,35.74,-48.85,4.7644,0,0,0,0,0,55,0,0,95,58.41,0.24467,176.17,155.8,0.65263,198.85
0.24,35.74,-48.85,4.7667,0,0,0,0,0,55,0,0,95,58.41,0.24467,176.17,155.8,0.65263,198.85
0.24,35.74,-48.85,4.7726,0,0,0,0,0,55,0,0,95,58.41,0.24467,176.17,155.8,0.65263,198.85
0.24,35.5,-48.37,4.7747,0,0,0,0,0,55,0,0,95,58.07,0.24324,176.41,155.56,0.6516,198.69
0.24,35.5,-48.37,4.7763,0,0,0,0,0,55,0,0,95,58.07,0.24324,176.41,155.56,0.6516,198.69
0.24,35.5,-48.37,4.778,0,0,0,0,0,55,0,0,95,58.07,0.24324,176.41,155.56,0.6516,198.69
0.24,35.5,-48.37,4.7795,0,0,0,0,0,55,0,0,95,58.07,0.24324,176.41,155.56,0.6516,198.69
0.24,35.5,-48.37,4.7807,0,0,0,0,0,55,0,0,95,58.07,0.24324,176.41,155.56,0.6516,198.69
0.24,35.5,-48.37,4.782,0,0,0,0,0,55,0,0,95,58.07,0.24324,176.41,155.56,0.6516,198.69
0.24,35.5,-48.37,4.7834,0,0,0,0,0,55,0,0,95,58.07,0.24324,176.41,155.56,0.6516,198.69
0.24,35.5,-48.37,4.7847,0,0,0,0,0,55,0,0,95,58.07,0.24324,176.41,155.56,0.6516,198.69
0.24,35.5,-48.37,4.7861,0,0,0,0,0,55,0,0,95,58.07,0.24324,176.41,155.56,0.6516,198.69
0.24,35.5,-48.37,4.7886,0,0,0,0,0,55,0,0,95,58.07,0.24324,176.41,155.56,0.6516,198.69
0.24,34.78,-47.89,4.7903,0,0,0,0,0,55,0,0,95,57.042,0.23894,177.13,154.43,0.6469,199.82
0.24,34.78,-47.89,4.7916,0,0,0,0,0,55,0,0,95,57.042,0.23894,177.13,154.43,0.6469,199.82
0.24,34.78,-47.89,4.7929,0,0,0,0,0,55,0,0,95,57.042,0.23894,177.13,154.43,0.6469,199.82
0.24,34.78,-47.89,4.7941,0,0,0,0,0,55,0,0,95,57.042,0.23894,177.13,154.43,0.6469,199.82
0.24,34.78,-47.89,4.7957,0,0,0,0,0,55,0,0,95,57.042,0.23894,177.13,154.43,0.6469,199.82
0.24,34.78,-47.89,4.797,0,0,0,0,0,55,0,0,95,57.042,0.23894,177.13,154.43,0.6469,199.82
0.24,34.78,-47.89,4.7982,0,0,0,0,0,55,0,0,95,57.042,0.23894,177.13,154.43,0.6469,199.82
0.24,34.78,-47.89,4.7995,0,0,0,0,0,55,0,0,95,57.042,0.23894,177.13,154.43,0.6469,199.82
0.24,34.78,-47.89,4.8008,0,0,0,0,0,55,0,0,95,57.042,0.23894,177.13,154.43,0.6469,199.82
0.24,34.78,-47.89,4.8021,0,0,0,0,0,55,0,0,95,57.042,0.23894,177.13,154.43,0.6469,199.82
0.24,34.78,-47.89,4.8035,0,0,0,0,0,55,0,0,95,57.042,0.23894,177.13,154.43,0.6469,199.82
0.24,34.3,-47.41,4.8049,0,0,0,0,0,55,0,0,95,56.352,0.23605,177.61,153.74,0.64401,200.29
0.24,34.3,-47.41,4.811,0,0,0,0,0,55,0,0,95,56.352,0.23605,177.61,153.74,0.64401,200.29
0.24,34.3,-47.41,4.8123,0,0,0,0,0,55,0,0,95,56.352,0.23605,177.61,153.74,0.64401,200.29
0.24,34.3,-47.41,4.8136,0,0,0,0,0,55,0,0,95,56.352,0.23605,177.61,153.74,0.64401,200.29
0.24,34.3,-47.41,4.8154,0,0,0,0,0,55,0,0,95,56.352,0.23605,177.61,153.74,0.64401,200.29
0.24,34.3,-47.41,4.8178,0,0,0,0,0,55,0,0,95,56.352,0.23605,177.61,153.74,0.64401,200.29
0.24,34.3,-47.41,4.8207,0,0,0,0,0,55,0,0,95,56.352,0.23605,177.61,153.74,0.64401,200.29
0.24,34.06,-46.93,4.8234,0,0,0,0,0,55,0,0,95,56.006,0.2346,177.85,153.49,0.64295,200.12
0.24,34.06,-46.93,4.8251,0,0,0,0,0,55,0,0,95,56.006,0.2346,177.85,153.49,0.64295,200.12
0.24,34.06,-46.93,4.8266,0,0,0,0,0,55,0,0,95,56.006,0.2346,177.85,153.49,0.64295,200.12
0.24,34.06,-46.93,4.8279,0,0,0,0,0,55,0,0,95,56.006,0.2346,177.85,153.49,0.64295,200.12
0.24,34.06,-46.93,4.8292,0,0,0,0,0,55,0,0,95,56.006,0.2346,177.85,153.49,0.64295,200.12
0.24,34.06,-46.93,4.8306,0,0,0,0,0,55,0,0,95,56.006,0.2346,177.85,153.49,0.64295,200.12
0.24,34.06,-46.93,4.8319,0,0,0,0,0,55,0,0,95,56.006,0.2346,177.85,153.49,0.64295,200.12
0.24,34.06,-46.93,4.8331,0,0,0,0,0,55,0,0,95,56.006,0.2346,177.85,153.49,0.64295,200.12
0.24,34.06,-46.93,4.8344,0,0,0,0,0,55,0,0,95,56.006,0.2346,177.85,153.49,0.64295,200.12
0.24,34.06,-46.93,4.8356,0,0,0,0,0,55,0,0,95,56.006,0.2346,177.85,153.49,0.64295,200.12
0.24,33.82,-46.45,4.8372,0,0,0,0,0,55,0,0,95,55.658,0.23314,178.08,153.24,0.64188,199.94
0.24,33.82,-46.45,4.8388,0,0,0,0,0,55,0,0,95,55.658,0.23314,178.08,153.24,0.64188,199.94
0.24,33.82,-46.45,4.8401,0,0,0,0,0,55,0,0,95,55.658,0.23314,178.08,153.24,0.64188,199.94
0.24,33.82,-46.45,4.8414,0,0,0,0,0,55,0,0,95,55.658,0.23314,178.08,153.24,0.64188,199.94
0.24,33.82,-46.45,4.8429,0,0,0,0,0,55,0,0,95,55.658,0.23314,178.08,153.24,0.64188,199.94
0.24,33.82,-46.45,4.8444,0,0,0,0,0,55,0,0,95,55.658,0.23314,178.08,153.24,0.64188,199.94
0.24,33.82,-46.45,4.8462,0,0,0,0,0,55,0,0,95,55.658,0.23314,178.08,153.24,0.64188,199.94
0.24,33.82,-46.45,4.8478,0,0,0,0,0,55,0,0,95,55.658,0.23314,178.08,153.24,0.64188,199.94
0.24,33.82,-46.45,4.849,0,0,0,0,0,55,0,0,95,55.658,0.23314,178.08,153.24,0.64188,199.94
0.24,33.82,-46.45,4.8556,0,0,0,0,0,55,0,0,95,55.658,0.23314,178.08,153.24,0.64188,199.94
0.24,33.34,-45.25,4.8575,0,0,0,0,0,55,0,0,95,54.96,0.23022,178.54,152.81,0.64008,199.18
0.24,33.34,-45.25,4.859,0,0,0,0,0,55,0,0,95,54.96,0.23022,178.54,152.81,0.64008,199.18
0.24,33.34,-45.25,4.8602,0,0,0,0,0,55,0,0,95,54.96,0.23022,178.54,152.81,0.64008,199.18
0.24,33.34,-45.25,4.8616,0,0,0,0,0,55,0,0,95,54.96,0.23022,178.54,152.81,0.64008,199.18
0.24,33.34,-45.25,4.8642,0,0,0,0,0,55,0,0,95,54.96,0.23022,178.54,152.81,0.64008,199.18
0.24,33.34,-45.25,4.8667,0,0,0,0,0,55,0,0,95,54.96,0.23022,178.54,152.81,0.64008,199.18
0.24,32.86,-45.01,4.8681,0,0,0,0,0,55,0,0,95,54.258,0.22728,179,152.02,0.63677,200.05
0.24,32.86,-45.01,4.8696,0,0,0,0,0,55,0,0,95,54.258,0.22728,179,152.02,0.63677,200.05
0.24,32.86,-45.01,4.8724,0,0,0,0,0,55,0,0,95,54.258,0.22728,179,152.02,0.63677,200.05
0.24,32.86,-45.01,4.875,0,0,0,0,0,55,0,0,95,54.258,0.22728,179,152.02,0.63677,200.05
0.24,32.86,-45.01,4.8776,0,0,0,0,0,55,0,0,95,54.258,0.22728,179,152.02,0.63677,200.05
0.24,32.86,-45.01,4.8809,0,0,0,0,0,55,0,0,95,54.258,0.22728,179,152.02,0.63677,200.05
0.24,32.86,-45.01,4.8829,0,0,0,0,0,55,0,0,95,54.258,0.22728,179,152.02,0.63677,200.05
0.24,32.38,-44.77,4.884,0,0,0,0,0,55,0,0,95,53.553,0.22432,179.45,151.22,0.63344,200.91
0.24,32.38,-44.77,4.8853,0,0,0,0,0,55,0,0,95,53.553,0.22432,179.45,151.22,0.63344,200.91
0.24,32.38,-44.77,4.8866,0,0,0,0,0,55,0,0,95,53.553,0.22432,179.45,151.22,0.63344,200.91
0.24,32.38,-44.77,4.8881,0,0,0,0,0,55,0,0,95,53.553,0.22432,179.45,151.22,0.63344,200.91
0.24,32.38,-44.77,4.8899,0,0,0,0,0,55,0,0,95,53.553,0.22432,179.45,151.22,0.63344,200.91
0.24,32.38,-44.77,4.8918,0,0,0,0,0,55,0,0,95,53.553,0.22432,179.45,151.22,0.63344,200.91
0.24,32.38,-44.77,4.8932,0,0,0,0,0,55,0,0,95,53.553,0.22432,179.45,151.22,0.63344,200.91
0.24,32.38,-44.77,4.8946,0,0,0,0,0,55,0,0,95,53.553,0.22432,179.45,151.22,0.63344,200.91
0.24,32.38,-44.77,4.896,0,0,0,0,0,55,0,0,95,53.553,0.22432,179.45,151.22,0.63344,200.91
0.24,32.38,-44.77,4.902,0,0,0,0,0,55,0,0,95,53.553,0.22432,179.45,151.22,0.63344,200.91
0.24,31.9,-44.05,4.9036,0,0,0,0,0,55,0,0,95,52.843,0.22135,179.9,150.6,0.63085,200.94
0.24,31.9,-44.05,4.9049,0,0,0,0,0,55,0,0,95,52.843,0.22135,179.9,150.6,0.63085,200.94
0.24,31.9,-44.05,4.9063,0,0,0,0,0,55,0,0,95,52.843,0.22135,179.9,150.6,0.63085,200.94
0.24,31.9,-44.05,4.9087,0,0,0,0,0,55,0,0,95,52.843,0.22135,179.9,150.6,0.63085,200.94
0.24,31.9,-44.05,4.9112,0,0,0,0,0,55,0,0,95,52.843,0.22135,179.9,150.6,0.63085,200.94
0.24,31.9,-44.05,4.9141,0,0,0,0,0,55,0,0,95,52.843,0.22135,179.9,150.6,0.63085,200.94
0.24,31.9,-44.05,4.9158,0,0,0,0,0,55,0,0,95,52.843,0.22135,179.9,150.6,0.63085,200.94
0.24,31.18,-43.33,4.9178,0,0,0,0,0,55,0,0,95,51.772,0.21686,180.55,149.53,0.62636,201.6
0.24,31.18,-43.33,4.9192,0,0,0,0,0,55,0,0,95,51.772,0.21686,180.55,149.53,0.62636,201.6
0.24,31.18,-43.33,4.9206,0,0,0,0,0,55,0,0,95,51.772,0.21686,180.55,149.53,0.62636,201.6
0.24,31.18,-43.33,4.9219,0,0,0,0,0,55,0,0,95,51.772,0.21686,180.55,149.53,0.62636,201.6
0.24,31.18,-43.33,4.9234,0,0,0,0,0,55,0,0,95,51.772,0.21686,180.55,149.53,0.62636,201.6
0.24,31.18,-43.33,4.9246,0,0,0,0,0,55,0,0,95,51.772,0.21686,180.55,149.53,0.62636,201.6
0.24,31.18,-43.33,4.9258,0,0,0,0,0,55,0,0,95,51.772,0.21686,180.55,149.53,0.62636,201.6
0.24,31.18,-43.33,4.9271,0,0,0,0,0,55,0,0,95,51.772,0.21686,180.55,149.53,0.62636,201.6
0.24,31.18,-43.33,4.9285,0,0,0,0,0,55,0,0,95,51.772,0.21686,180.55,149.53,0.62636,201.6
0.24,31.18,-43.33,4.9298,0,0,0,0,0,55,0,0,95,51.772,0.21686,180.55,149.53,0.62636,201.6
0.24,31.18,-43.33,4.9311,0,0,0,0,0,55,0,0,95,51.772,0.21686,180.55,149.53,0.62636,201.6
0.24,30.94,-43.09,4.9324,0,0,0,0,0,55,0,0,95,51.414,0.21536,180.77,149.17,0.62486,201.82
0.24,30.94,-43.09,4.9338,0,0,0,0,0,55,0,0,95,51.414,0.21536,180.77,149.17,0.62486,201.82
0.24,30.94,-43.09,4.9354,0,0,0,0,0,55,0,0,95,51.414,0.21536,180.77,149.17,0.62486,201.82
0.24,30.94,-43.09,4.9369,0,0,0,0,0,55,0,0,95,51.414,0.21536,180.77,149.17,0.62486,201.82
0.24,30.94,-43.09,4.9431,0,0,0,0,0,55,0,0,95,51.414,0.21536,180.77,149.17,0.62486,201.82
0.24,30.94,-43.09,4.9453,0,0,0,0,0,55,0,0,95,51.414,0.21536,180.77,149.17,0.62486,201.82
0.24,30.94,-43.09,4.9479,0,0,0,0,0,55,0,0,95,51.414,0.21536,180.77,149.17,0.62486,201.82
0.24,30.46,-42.61,4.9507,0,0,0,0,0,55,0,0,95,50.693,0.21234,181.2,148.45,0.62184,202.25
0.24,30.46,-42.61,4.9535,0,0,0,0,0,55,0,0,95,50.693,0.21234,181.2,148.45,0.62184,202.25
0.24,30.46,-42.61,4.9551,0,0,0,0,0,55,0,0,95,50.693,0.21234,181.2,148.45,0.62184,202.25
0.24,30.46,-42.61,4.9566,0,0,0,0,0,55,0,0,95,50.693,0.21234,181.2,148.45,0.62184,202.25
0.24,30.46,-42.61,4.9579,0,0,0,0,0,55,0,0,95,50.693,0.21234,181.2,148.45,0.62184,202.25
0.24,30.46,-42.61,4.9593,0,0,0,0,0,55,0,0,95,50.693,0.21234,181.2,148.45,0.62184,202.25
0.24,30.46,-42.61,4.9607,0,0,0,0,0,55,0,0,95,50.693,0.21234,181.2,148.45,0.62184,202.25
0.24,30.46,-42.61,4.9622,0,0,0,0,0,55,0,0,95,50.693,0.21234,181.2,148.45,0.62184,202.25
0.24,30.46,-42.61,4.9635,0,0,0,0,0,55,0,0,95,50.693,0.21234,181.2,148.45,0.62184,202.25
0.24,30.46,-43.09,4.9648,0,0,0,0,0,55,0,0,95,50.693,0.21234,181.2,148.27,0.62109,203.06
0.24,30.46,-43.09,4.9662,0,0,0,0,0,55,0,0,95,50.693,0.21234,181.2,148.27,0.62109,203.06
0.24,30.46,-43.09,4.9678,0,0,0,0,0,55,0,0,95,50.693,0.21234,181.2,148.27,0.62109,203.06
0.24,30.46,-43.09,4.9691,0,0,0,0,0,55,0,0,95,50.693,0.21234,181.2,148.27,0.62109,203.06
0.24,30.46,-43.09,4.9707,0,0,0,0,0,55,0,0,95,50.693,0.21234,181.2,148.27,0.62109,203.06
0.24,30.46,-43.09,4.972,0,0,0,0,0,55,0,0,95,50.693,0.21234,181.2,148.27,0.62109,203.06
0.24,30.46,-43.09,4.9734,0,0,0,0,0,55,0,0,95,50.693,0.21234,181.2,148.27,0.62109,203.06
0.24,30.46,-43.09,4.9748,0,0,0,0,0,55,0,0,95,50.693,0.21234,181.2,148.27,0.62109,203.06
0.24,30.46,-43.09,4.9765,0,0,0,0,0,55,0,0,95,50.693,0.21234,181.2,148.27,0.62109,203.06
0.24,30.46,-43.09,4.978,0,0,0,0,0,55,0,0,95,50.693,0.21234,181.2,148.27,0.62109,203.06
0.24,30.46,-43.09,4.9796,0,0,0,0,0,55,0,0,95,50.693,0.21234,181.2,148.27,0.62109,203.06
0.24,29.98,-41.41,4.9849,0,0,0,0,0,55,0,0,95,49.969,0.20931,181.62,147.99,0.61988,201.44
0.24,29.98,-41.41,4.9863,0,0,0,0,0,55,0,0,95,49.969,0.20931,181.62,147.99,0.61988,201.44
0.24,29.98,-41.41,4.9884,0,0,0,0,0,55,0,0,95,49.969,0.20931,181.62,147.99,0.61988,201.44
0.24,29.98,-41.41,4.9914,0,0,0,0,0,55,0,0,95,49.969,0.20931,181.62,147.99,0.61988,201.44
0.24,29.98,-41.41,4.9943,0,0,0,0,0,55,0,0,95,49.969,0.20931,181.62,147.99,0.61988,201.44
0.24,29.98,-41.41,4.9962,0,0,0,0,0,55,0,0,95,49.969,0.20931,181.62,147.99,0.61988,201.44
0.24,29.26,-41.17,4.998,0,0,0,0,0,55,0,0,95,48.877,0.20474,182.24,146.72,0.6146,202.88
0.24,29.26,-41.17,4.9998,0,0,0,0,0,55,0,0,95,48.877,0.20474,182.24,146.72,0.6146,202.88
0.24,29.26,-41.17,5.0014,0,0,0,0,0,55,0,0,95,48.877,0.20474,182.24,146.72,0.6146,202.88
0.24,29.26,-41.17,5.003,0,0,0,0,0,55,0,0,95,48.877,0.20474,182.24,146.72,0.6146,202.88
0.24,29.26,-41.17,5.0045,0,0,0,0,0,55,0,0,95,48.877,0.20474,182.24,146.72,0.6146,202.88
0.24,29.26,-41.17,5.0059,0,0,0,0,0,55,0,0,95,48.877,0.20474,182.24,146.72,0.6146,202.88
0.24,29.26,-41.17,5.0072,0,0,0,0,0,55,0,0,95,48.877,0.20474,182.24,146.72,0.6146,202.88
0.24,29.26,-41.17,5.0086,0,0,0,0,0,55,0,0,95,48.877,0.20474,182.24,146.72,0.6146,202.88
0.24,29.26,-41.17,5.0098,0,0,0,0,0,55,0,0,95,48.877,0.20474,182.24,146.72,0.6146,202.88
0.24,29.26,-41.17,5.0111,0,0,0,0,0,55,0,0,95,48.877,0.20474,182.24,146.72,0.6146,202.88
0.24,28.78,-40.21,5.0124,0,0,0,0,0,55,0,0,95,48.144,0.20167,182.65,146.16,0.61224,202.46
0.24,28.78,-40.21,5.0137,0,0,0,0,0,55,0,0,95,48.144,0.20167,182.65,146.16,0.61224,202.46
0.24,28.78,-40.21,5.0152,0,0,0,0,0,55,0,0,95,48.144,0.20167,182.65,146.16,0.61224,202.46
0.24,28.78,-40.21,5.0165,0,0,0,0,0,55,0,0,95,48.144,0.20167,182.65,146.16,0.61224,202.46
0.24,28.78,-40.21,5.0178,0,0,0,0,0,55,0,0,95,48.144,0.20167,182.65,146.16,0.61224,202.46
0.24,28.78,-40.21,5.0192,0,0,0,0,0,55,0,0,95,48.144,0.20167,182.65,146.16,0.61224,202.46
0.24,28.78,-40.21,5.0211,0,0,0,0,0,55,0,0,95,48.144,0.20167,182.65,146.16,0.61224,202.46
0.24,28.78,-40.21,5.028,0,0,0,0,0,55,0,0,95,48.144,0.20167,182.65,146.16,0.61224,202.46
0.24,28.3,-39.97,5.0303,0,0,0,0,0,55,0,0,95,47.408,0.19859,183.05,145.34,0.6088,203.28
0.24,28.3,-39.97,5.0328,0,0,0,0,0,55,0,0,95,47.408,0.19859,183.05,145.34,0.6088,203.28
0.24,28.3,-39.97,5.0357,0,0,0,0,0,55,0,0,95,47.408,0.19859,183.05,145.34,0.6088,203.28
0.24,28.3,-39.97,5.0389,0,0,0,0,0,55,0,0,95,47.408,0.19859,183.05,145.34,0.6088,203.28
0.24,28.3,-39.97,5.0406,0,0,0,0,0,55,0,0,95,47.408,0.19859,183.05,145.34,0.6088,203.28
0.24,28.3,-39.97,5.0421,0,0,0,0,0,55,0,0,95,47.408,0.19859,183.05,145.34,0.6088,203.28
0.24,28.3,-39.97,5.0434,0,0,0,0,0,55,0,0,95,47.408,0.19859,183.05,145.34,0.6088,203.28
0.24,28.3,-39.73,5.0447,0,0,0,0,0,55,0,0,95,47.408,0.19859,183.05,145.42,0.60916,202.86
0.24,28.3,-39.73,5.0459,0,0,0,0,0,55,0,0,95,47.408,0.19859,183.05,145.42,0.60916,202.86
0.24,28.3,-39.73,5.0472,0,0,0,0,0,55,0,0,95,47.408,0.19859,183.05,145.42,0.60916,202.86
0.24,28.3,-39.73,5.0485,0,0,0,0,0,55,0,0,95,47.408,0.19859,183.05,145.42,0.60916,202.86
0.24,28.3,-39.73,5.0497,0,0,0,0,0,55,0,0,95,47.408,0.19859,183.05,145.42,0.60916,202.86
0.24,28.3,-39.73,5.0511,0,0,0,0,0,55,0,0,95,47.408,0.19859,183.05,145.42,0.60916,202.86
0.24,28.3,-39.73,5.0526,0,0,0,0,0,55,0,0,95,47.408,0.19859,183.05,145.42,0.60916,202.86
0.24,28.3,-39.73,5.0542,0,0,0,0,0,55,0,0,95,47.408,0.19859,183.05,145.42,0.60916,202.86
0.24,28.3,-39.73,5.0557,0,0,0,0,0,55,0,0,95,47.408,0.19859,183.05,145.42,0.60916,202.86
0.24,28.3,-39.73,5.0577,0,0,0,0,0,55,0,0,95,47.408,0.19859,183.05,145.42,0.60916,202.86
0.24,28.3,-39.73,5.0592,0,0,0,0,0,55,0,0,95,47.408,0.19859,183.05,145.42,0.60916,202.86
0.24,28.06,-38.53,5.0636,0,0,0,0,0,55,0,0,95,47.039,0.19704,183.25,145.37,0.60894,201.42
0.24,28.06,-38.53,5.065,0,0,0,0,0,55,0,0,95,47.039,0.19704,183.25,145.37,0.60894,201.42
0.24,28.06,-38.53,5.0662,0,0,0,0,0,55,0,0,95,47.039,0.19704,183.25,145.37,0.60894,201.42
0.24,28.06,-38.53,5.0676,0,0,0,0,0,55,0,0,95,47.039,0.19704,183.25,145.37,0.60894,201.42
0.24,28.06,-38.53,5.0732,0,0,0,0,0,55,0,0,95,47.039,0.19704,183.25,145.37,0.60894,201.42
0.24,28.06,-38.53,5.0758,0,0,0,0,0,55,0,0,95,47.039,0.19704,183.25,145.37,0.60894,201.42
0.24,27.34,-38.29,5.0792,0,0,0,0,0,55,0,0,95,45.927,0.19238,183.83,144.11,0.60363,202.82
0.24,27.34,-38.29,5.0825,0,0,0,0,0,55,0,0,95,45.927,0.19238,183.83,144.11,0.60363,202.82
0.24,27.34,-38.29,5.0843,0,0,0,0,0,55,0,0,95,45.927,0.19238,183.83,144.11,0.60363,202.82
0.24,27.34,-38.29,5.0858,0,0,0,0,0,55,0,0,95,45.927,0.19238,183.83,144.11,0.60363,202.82
0.24,27.34,-38.29,5.0872,0,0,0,0,0,55,0,0,95,45.927,0.19238,183.83,144.11,0.60363,202.82
0.24,27.34,-38.29,5.0885,0,0,0,0,0,55,0,0,95,45.927,0.19238,183.83,144.11,0.60363,202.82
0.24,27.34,-38.29,5.0902,0,0,0,0,0,55,0,0,95,45.927,0.19238,183.83,144.11,0.60363,202.82
0.24,27.34,-38.29,5.0917,0,0,0,0,0,55,0,0,95,45.927,0.19238,183.83,144.11,0.60363,202.82
0.24,26.86,-37.57,5.0931,0,0,0,0,0,55,0,0,95,45.181,0.18925,184.21,143.44,0.60084,202.8
0.24,26.86,-37.57,5.095,0,0,0,0,0,55,0,0,95,45.181,0.18925,184.21,143.44,0.60084,202.8
0.24,26.86,-37.57,5.0969,0,0,0,0,0,55,0,0,95,45.181,0.18925,184.21,143.44,0.60084,202.8
0.24,26.86,-37.57,5.0984,0,0,0,0,0,55,0,0,95,45.181,0.18925,184.21,143.44,0.60084,202.8
0.24,26.86,-37.57,5.1003,0,0,0,0,0,55,0,0,95,45.181,0.18925,184.21,143.44,0.60084,202.8
0.24,26.86,-37.57,5.1016,0,0,0,0,0,55,0,0,95,45.181,0.18925,184.21,143.44,0.60084,202.8
0.24,26.86,-37.57,5.1029,0,0,0,0,0,55,0,0,95,45.181,0.18925,184.21,143.44,0.60084,202.8
0.24,26.86,-37.57,5.1043,0,0,0,0,0,55,0,0,95,45.181,0.18925,184.21,143.44,0.60084,202.8
0.24,26.86,-37.57,5.1058,0,0,0,0,0,55,0,0,95,45.181,0.18925,184.21,143.44,0.60084,202.8
0.24,26.86,-37.57,5.1072,0,0,0,0,0,55,0,0,95,45.181,0.18925,184.21,143.44,0.60084,202.8
0.24,26.62,-37.33,5.1084,0,0,0,0,0,55,0,0,95,44.807,0.18769,184.4,143.06,0.59927,202.98
0.24,26.62,-37.33,5.1097,0,0,0,0,0,55,0,0,95,44.807,0.18769,184.4,143.06,0.59927,202.98
0.24,26.62,-37.33,5.1112,0,0,0,0,0,55,0,0,95,44.807,0.18769,184.4,143.06,0.59927,202.98
0.24,26.62,-37.33,5.1173,0,0,0,0,0,55,0,0,95,44.807,0.18769,184.4,143.06,0.59927,202.98
0.24,26.62,-37.33,5.1189,0,0,0,0,0,55,0,0,95,44.807,0.18769,184.4,143.06,0.59927,202.98
0.24,26.62,-37.33,5.1216,0,0,0,0,0,55,0,0,95,44.807,0.18769,184.4,143.06,0.59927,202.98
0.24,26.62,-37.33,5.1245,0,0,0,0,0,55,0,0,95,44.807,0.18769,184.4,143.06,0.59927,202.98
0.24,26.38,-36.13,5.1273,0,0,0,0,0,55,0,0,95,44.432,0.18612,184.59,142.99,0.59894,201.52
0.24,26.38,-36.13,5.1461,0,0,0,0,0,55,0,0,95,44.432,0.18612,184.59,142.99,0.59894,201.52
0.24,26.38,-36.13,5.1497,0,0,0,0,0,55,0,0,95,44.432,0.18612,184.59,142.99,0.59894,201.52
0.24,26.38,-36.13,5.1563,0,0,0,0,0,55,0,0,95,44.432,0.18612,184.59,142.99,0.59894,201.52
0.24,25.18,-34.45,5.1587,0,0,0,0,0,55,0,0,95,42.546,0.17822,185.5,141.24,0.59162,201.61
0.24,25.18,-34.45,5.1612,0,0,0,0,0,55,0,0,95,42.546,0.17822,185.5,141.24,0.59162,201.61
0.24,25.18,-34.45,5.1635,0,0,0,0,0,55,0,0,95,42.546,0.17822,185.5,141.24,0.59162,201.61
0.24,25.18,-34.45,5.1658,0,0,0,0,0,55,0,0,95,42.546,0.17822,185.5,141.24,0.59162,201.61
0.24,25.18,-34.45,5.1681,0,0,0,0,0,55,0,0,95,42.546,0.17822,185.5,141.24,0.59162,201.61
0.24,25.18,-34.45,5.1716,0,0,0,0,0,55,0,0,95,42.546,0.17822,185.5,141.24,0.59162,201.61
0.24,24.94,-34.45,5.1745,0,0,0,0,0,55,0,0,95,42.167,0.17663,185.67,140.79,0.58975,202.2
0.24,24.94,-34.45,5.1782,0,0,0,0,0,55,0,0,95,42.167,0.17663,185.67,140.79,0.58975,202.2
0.24,24.94,-34.45,5.1813,0,0,0,0,0,55,0,0,95,42.167,0.17663,185.67,140.79,0.58975,202.2
0.24,24.94,-34.45,5.1844,0,0,0,0,0,55,0,0,95,42.167,0.17663,185.67,140.79,0.58975,202.2
0.24,24.94,-34.45,5.1876,0,0,0,0,0,55,0,0,95,42.167,0.17663,185.67,140.79,0.58975,202.2
0.24,24.94,-34.45,5.1905,0,0,0,0,0,55,0,0,95,42.167,0.17663,185.67,140.79,0.58975,202.2
0.24,24.46,-34.21,5.1929,0,0,0,0,0,55,0,0,95,41.405,0.17344,186.03,139.96,0.58627,202.96
0.24,24.46,-34.21,5.1953,0,0,0,0,0,55,0,0,95,41.405,0.17344,186.03,139.96,0.58627,202.96
0.24,24.46,-34.21,5.1976,0,0,0,0,0,55,0,0,95,41.405,0.17344,186.03,139.96,0.58627,202.96
0.24,24.46,-34.21,5.2038,0,0,0,0,0,55,0,0,95,41.405,0.17344,186.03,139.96,0.58627,202.96
0.24,23.74,-33.49,5.2062,0,0,0,0,0,55,0,0,95,40.258,0.16863,186.54,138.81,0.58146,203.47
0.24,23.74,-33.49,5.2098,0,0,0,0,0,55,0,0,95,40.258,0.16863,186.54,138.81,0.58146,203.47
0.24,23.74,-33.49,5.214,0,0,0,0,0,55,0,0,95,40.258,0.16863,186.54,138.81,0.58146,203.47
0.24,23.74,-33.49,5.218,0,0,0,0,0,55,0,0,95,40.258,0.16863,186.54,138.81,0.58146,203.47
0.24,23.74,-33.49,5.2205,0,0,0,0,0,55,0,0,95,40.258,0.16863,186.54,138.81,0.58146,203.47
0.24,23.74,-32.77,5.2234,0,0,0,0,0,55,0,0,95,40.258,0.16863,186.54,139.02,0.58232,202.23
0.24,23.74,-32.77,5.2265,0,0,0,0,0,55,0,0,95,40.258,0.16863,186.54,139.02,0.58232,202.23
0.24,23.74,-32.77,5.229,0,0,0,0,0,55,0,0,95,40.258,0.16863,186.54,139.02,0.58232,202.23
0.24,23.74,-32.77,5.2314,0,0,0,0,0,55,0,0,95,40.258,0.16863,186.54,139.02,0.58232,202.23
0.24,23.74,-32.77,5.2336,0,0,0,0,0,55,0,0,95,40.258,0.16863,186.54,139.02,0.58232,202.23
0.24,23.74,-32.77,5.2361,0,0,0,0,0,55,0,0,95,40.258,0.16863,186.54,139.02,0.58232,202.23
0.24,23.26,-32.05,5.2385,0,0,0,0,0,55,0,0,95,39.49,0.16542,186.87,138.31,0.57937,202.15
0.24,23.26,-32.05,5.241,0,0,0,0,0,55,0,0,95,39.49,0.16542,186.87,138.31,0.57937,202.15
0.24,23.26,-32.05,5.2435,0,0,0,0,0,55,0,0,95,39.49,0.16542,186.87,138.31,0.57937,202.15
0.24,23.26,-32.05,5.2465,0,0,0,0,0,55,0,0,95,39.49,0.16542,186.87,138.31,0.57937,202.15
0.24,23.26,-32.05,5.2493,0,0,0,0,0,55,0,0,95,39.49,0.16542,186.87,138.31,0.57937,202.15
0.24,23.26,-32.05,5.2517,0,0,0,0,0,55,0,0,95,39.49,0.16542,186.87,138.31,0.57937,202.15
0.24,22.78,-31.81,5.2542,0,0,0,0,0,55,0,0,95,38.719,0.16219,187.2,137.48,0.57587,202.89
0.24,22.78,-31.81,5.2564,0,0,0,0,0,55,0,0,95,38.719,0.16219,187.2,137.48,0.57587,202.89
0.24,22.78,-31.81,5.2586,0,0,0,0,0,55,0,0,95,38.719,0.16219,187.2,137.48,0.57587,202.89
0.24,22.78,-31.81,5.261,0,0,0,0,0,55,0,0,95,38.719,0.16219,187.2,137.48,0.57587,202.89
0.24,22.78,-31.81,5.2635,0,0,0,0,0,55,0,0,95,38.719,0.16219,187.2,137.48,0.57587,202.89
0.24,22.78,-31.81,5.2697,0,0,0,0,0,55,0,0,95,38.719,0.16219,187.2,137.48,0.57587,202.89
0.24,22.54,-31.33,5.2722,0,0,0,0,0,55,0,0,95,38.332,0.16057,187.36,137.16,0.57453,202.64
0.24,22.54,-31.33,5.2754,0,0,0,0,0,55,0,0,95,38.332,0.16057,187.36,137.16,0.57453,202.64
0.24,22.54,-31.33,5.2788,0,0,0,0,0,55,0,0,95,38.332,0.16057,187.36,137.16,0.57453,202.64
0.24,22.54,-31.33,5.2821,0,0,0,0,0,55,0,0,95,38.332,0.16057,187.36,137.16,0.57453,202.64
0.24,22.54,-31.33,5.2861,0,0,0,0,0,55,0,0,95,38.332,0.16057,187.36,137.16,0.57453,202.64
0.24,22.3,-30.85,5.2882,0,0,0,0,0,55,0,0,95,37.945,0.15895,187.52,136.83,0.57317,202.39
0.24,22.3,-30.85,5.2906,0,0,0,0,0,55,0,0,95,37.945,0.15895,187.52,136.83,0.57317,202.39
0.24,22.3,-30.85,5.2934,0,0,0,0,0,55,0,0,95,37.945,0.15895,187.52,136.83,0.57317,202.39
0.24,22.3,-30.85,5.296,0,0,0,0,0,55,0,0,95,37.945,0.15895,187.52,136.83,0.57317,202.39
0.24,22.3,-30.85,5.2988,0,0,0,0,0,55,0,0,95,37.945,0.15895,187.52,136.83,0.57317,202.39
0.24,22.3,-30.85,5.3013,0,0,0,0,0,55,0,0,95,37.945,0.15895,187.52,136.83,0.57317,202.39
0.24,21.82,-30.37,5.304,0,0,0,0,0,55,0,0,95,37.169,0.15569,187.84,136.06,0.56992,202.7
0.24,21.82,-30.37,5.3066,0,0,0,0,0,55,0,0,95,37.169,0.15569,187.84,136.06,0.56992,202.7
0.24,21.82,-30.37,5.3096,0,0,0,0,0,55,0,0,95,37.169,0.15569,187.84,136.06,0.56992,202.7
0.24,21.82,-30.37,5.3125,0,0,0,0,0,55,0,0,95,37.169,0.15569,187.84,136.06,0.56992,202.7
0.24,21.82,-30.37,5.315,0,0,0,0,0,55,0,0,95,37.169,0.15569,187.84,136.06,0.56992,202.7
0.24,21.82,-30.37,5.3176,0,0,0,0,0,55,0,0,95,37.169,0.15569,187.84,136.06,0.56992,202.7
0.24,21.34,-29.65,5.3211,0,0,0,0,0,55,0,0,95,36.39,0.15243,188.14,135.34,0.56691,202.6
0.24,21.34,-29.65,5.3243,0,0,0,0,0,55,0,0,95,36.39,0.15243,188.14,135.34,0.56691,202.6
0.24,21.34,-29.65,5.3281,0,0,0,0,0,55,0,0,95,36.39,0.15243,188.14,135.34,0.56691,202.6
0.24,21.34,-29.65,5.3307,0,0,0,0,0,55,0,0,95,36.39,0.15243,188.14,135.34,0.56691,202.6
0.24,21.34,-29.65,5.3328,0,0,0,0,0,55,0,0,95,36.39,0.15243,188.14,135.34,0.56691,202.6
0.24,21.1,-29.41,5.3402,0,0,0,0,0,55,0,0,95,35.999,0.15079,188.3,134.95,0.56527,202.75
0.24,21.1,-29.41,5.3427,0,0,0,0,0,55,0,0,95,35.999,0.15079,188.3,134.95,0.56527,202.75
0.24,21.1,-29.41,5.345,0,0,0,0,0,55,0,0,95,35.999,0.15079,188.3,134.95,0.56527,202.75
0.24,21.1,-29.41,5.3473,0,0,0,0,0,55,0,0,95,35.999,0.15079,188.3,134.95,0.56527,202.75
0.24,21.1,-29.41,5.3496,0,0,0,0,0,55,0,0,95,35.999,0.15079,188.3,134.95,0.56527,202.75
0.24,20.62,-28.45,5.3519,0,0,0,0,0,55,0,0,95,35.217,0.14752,188.59,134.28,0.56249,202.22
0.24,20.62,-28.45,5.3541,0,0,0,0,0,55,0,0,95,35.217,0.14752,188.59,134.28,0.56249,202.22
0.24,20.62,-28.45,5.3566,0,0,0,0,0,55,0,0,95,35.217,0.14752,188.59,134.28,0.56249,202.22
0.24,20.62,-28.45,5.3591,0,0,0,0,0,55,0,0,95,35.217,0.14752,188.59,134.28,0.56249,202.22
0.24,20.62,-28.45,5.3617,0,0,0,0,0,55,0,0,95,35.217,0.14752,188.59,134.28,0.56249,202.22
0.24,20.62,-28.45,5.3641,0,0,0,0,0,55,0,0,95,35.217,0.14752,188.59,134.28,0.56249,202.22
0.24,20.62,-28.45,5.3673,0,0,0,0,0,55,0,0,95,35.217,0.14752,188.59,134.28,0.56249,202.22
0.24,20.14,-27.97,5.3698,0,0,0,0,0,55,0,0,95,34.431,0.14423,188.89,133.5,0.5592,202.51
0.24,20.14,-27.97,5.3723,0,0,0,0,0,55,0,0,95,34.431,0.14423,188.89,133.5,0.5592,202.51
0.24,20.14,-27.97,5.3748,0,0,0,0,0,55,0,0,95,34.431,0.14423,188.89,133.5,0.5592,202.51
0.24,20.14,-27.97,5.3772,0,0,0,0,0,55,0,0,95,34.431,0.14423,188.89,133.5,0.5592,202.51
0.24,20.14,-27.97,5.3795,0,0,0,0,0,55,0,0,95,34.431,0.14423,188.89,133.5,0.5592,202.51
0.24,20.14,-27.97,5.382,0,0,0,0,0,55,0,0,95,34.431,0.14423,188.89,133.5,0.5592,202.51
0.24,19.9,-27.73,5.3845,0,0,0,0,0,55,0,0,95,34.038,0.14258,189.03,133.1,0.55755,202.65
0.24,19.9,-27.73,5.3876,0,0,0,0,0,55,0,0,95,34.038,0.14258,189.03,133.1,0.55755,202.65
0.24,19.9,-27.73,5.3903,0,0,0,0,0,55,0,0,95,34.038,0.14258,189.03,133.1,0.55755,202.65
0.24,19.9,-27.73,5.3928,0,0,0,0,0,55,0,0,95,34.038,0.14258,189.03,133.1,0.55755,202.65
0.24,19.9,-27.73,5.3952,0,0,0,0,0,55,0,0,95,34.038,0.14258,189.03,133.1,0.55755,202.65
0.24,19.9,-27.73,5.4013,0,0,0,0,0,55,0,0,95,34.038,0.14258,189.03,133.1,0.55755,202.65
0.24,19.42,-26.77,5.4038,0,0,0,0,0,55,0,0,95,33.249,0.13927,189.31,132.43,0.55471,202.1
0.24,19.42,-26.77,5.4063,0,0,0,0,0,55,0,0,95,33.249,0.13927,189.31,132.43,0.55471,202.1
0.24,19.42,-26.77,5.4088,0,0,0,0,0,55,0,0,95,33.249,0.13927,189.31,132.43,0.55471,202.1
0.24,19.42,-26.77,5.4114,0,0,0,0,0,55,0,0,95,33.249,0.13927,189.31,132.43,0.55471,202.1
0.24,19.42,-26.77,5.4138,0,0,0,0,0,55,0,0,95,33.249,0.13927,189.31,132.43,0.55471,202.1
0.24,18.46,-26.53,5.4163,0,0,0,0,0,55,0,0,95,31.664,0.13263,189.85,130.67,0.54736,203.89
0.24,18.46,-26.53,5.4189,0,0,0,0,0,55,0,0,95,31.664,0.13263,189.85,130.67,0.54736,203.89
0.24,18.46,-26.53,5.4216,0,0,0,0,0,55,0,0,95,31.664,0.13263,189.85,130.67,0.54736,203.89
0.24,18.46,-26.53,5.424,0,0,0,0,0,55,0,0,95,31.664,0.13263,189.85,130.67,0.54736,203.89
0.24,18.46,-26.53,5.4262,0,0,0,0,0,55,0,0,95,31.664,0.13263,189.85,130.67,0.54736,203.89
0.24,18.46,-26.53,5.4285,0,0,0,0,0,55,0,0,95,31.664,0.13263,189.85,130.67,0.54736,203.89
0.24,18.22,-25.81,5.4311,0,0,0,0,0,55,0,0,95,31.266,0.13097,189.99,130.39,0.54618,203.19
0.24,18.22,-25.81,5.4335,0,0,0,0,0,55,0,0,95,31.266,0.13097,189.99,130.39,0.54618,203.19
0.24,18.22,-25.81,5.4367,0,0,0,0,0,55,0,0,95,31.266,0.13097,189.99,130.39,0.54618,203.19
0.24,18.22,-25.81,5.4395,0,0,0,0,0,55,0,0,95,31.266,0.13097,189.99,130.39,0.54618,203.19
0.24,18.22,-25.81,5.4421,0,0,0,0,0,55,0,0,95,31.266,0.13097,189.99,130.39,0.54618,203.19
0.24,18.22,-25.81,5.4448,0,0,0,0,0,55,0,0,95,31.266,0.13097,189.99,130.39,0.54618,203.19
0.24,17.74,-25.57,5.4473,0,0,0,0,0,55,0,0,95,30.47,0.12763,190.24,129.54,0.5426,203.87
0.24,17.74,-25.57,5.45,0,0,0,0,0,55,0,0,95,30.47,0.12763,190.24,129.54,0.5426,203.87
0.24,17.74,-25.57,5.4533,0,0,0,0,0,55,0,0,95,30.47,0.12763,190.24,129.54,0.5426,203.87
0.24,17.74,-25.57,5.457,0,0,0,0,0,55,0,0,95,30.47,0.12763,190.24,129.54,0.5426,203.87
0.24,17.74,-25.57,5.4609,0,0,0,0,0,55,0,0,95,30.47,0.12763,190.24,129.54,0.5426,203.87
0.24,17.74,-25.57,5.4677,0,0,0,0,0,55,0,0,95,30.47,0.12763,190.24,129.54,0.5426,203.87
0.24,17.26,-24.85,5.47,0,0,0,0,0,55,0,0,95,29.671,0.12428,190.5,128.79,0.53949,203.71
0.24,17.26,-24.85,5.4726,0,0,0,0,0,55,0,0,95,29.671,0.12428,190.5,128.79,0.53949,203.71
0.24,17.26,-24.85,5.4756,0,0,0,0,0,55,0,0,95,29.671,0.12428,190.5,128.79,0.53949,203.71
0.24,17.26,-24.85,5.4786,0,0,0,0,0,55,0,0,95,29.671,0.12428,190.5,128.79,0.53949,203.71
0.24,17.26,-24.13,5.481,0,0,0,0,0,55,0,0,95,29.671,0.12428,190.5,128.95,0.54015,202.46
0.24,17.26,-24.13,5.4835,0,0,0,0,0,55,0,0,95,29.671,0.12428,190.5,128.95,0.54015,202.46
0.24,17.26,-24.13,5.4863,0,0,0,0,0,55,0,0,95,29.671,0.12428,190.5,128.95,0.54015,202.46
0.24,17.26,-24.13,5.4916,0,0,0,0,0,55,0,0,95,29.671,0.12428,190.5,128.95,0.54015,202.46
0.24,17.26,-24.13,5.4937,0,0,0,0,0,55,0,0,95,29.671,0.12428,190.5,128.95,0.54015,202.46
0.24,17.26,-23.65,5.4963,0,0,0,0,0,55,0,0,95,29.671,0.12428,190.5,129.05,0.54056,201.63
0.24,17.26,-23.65,5.4988,0,0,0,0,0,55,0,0,95,29.671,0.12428,190.5,129.05,0.54056,201.63
0.24,17.26,-23.65,5.5012,0,0,0,0,0,55,0,0,95,29.671,0.12428,190.5,129.05,0.54056,201.63
0.24,17.26,-23.65,5.5037,0,0,0,0,0,55,0,0,95,29.671,0.12428,190.5,129.05,0.54056,201.63
0.24,17.26,-23.65,5.5063,0,0,0,0,0,55,0,0,95,29.671,0.12428,190.5,129.05,0.54056,201.63
0.24,17.26,-23.65,5.5099,0,0,0,0,0,55,0,0,95,29.671,0.12428,190.5,129.05,0.54056,201.63
0.24,16.54,-23.17,5.5126,0,0,0,0,0,55,0,0,95,28.468,0.11925,190.86,127.8,0.53532,202.41
0.24,16.54,-23.17,5.5153,0,0,0,0,0,55,0,0,95,28.468,0.11925,190.86,127.8,0.53532,202.41
0.24,16.54,-23.17,5.518,0,0,0,0,0,55,0,0,95,28.468,0.11925,190.86,127.8,0.53532,202.41
0.24,16.54,-23.17,5.5205,0,0,0,0,0,55,0,0,95,28.468,0.11925,190.86,127.8,0.53532,202.41
0.24,16.54,-23.17,5.5231,0,0,0,0,0,55,0,0,95,28.468,0.11925,190.86,127.8,0.53532,202.41
0.24,16.54,-23.17,5.5262,0,0,0,0,0,55,0,0,95,28.468,0.11925,190.86,127.8,0.53532,202.41
0.24,16.3,-22.69,5.529,0,0,0,0,0,55,0,0,95,28.066,0.11757,190.98,127.44,0.53384,202.11
0.24,16.3,-22.69,5.5359,0,0,0,0,0,55,0,0,95,28.066,0.11757,190.98,127.44,0.53384,202.11
0.24,16.3,-22.69,5.5381,0,0,0,0,0,55,0,0,95,28.066,0.11757,190.98,127.44,0.53384,202.11
0.24,16.3,-22.69,5.5406,0,0,0,0,0,55,0,0,95,28.066,0.11757,190.98,127.44,0.53384,202.11
0.24,16.06,-21.49,5.5442,0,0,0,0,0,55,0,0,95,27.664,0.11588,191.1,127.21,0.53288,200.56
0.24,16.06,-21.49,5.548,0,0,0,0,0,55,0,0,95,27.664,0.11588,191.1,127.21,0.53288,200.56
0.24,16.06,-21.49,5.5526,0,0,0,0,0,55,0,0,95,27.664,0.11588,191.1,127.21,0.53288,200.56
0.24,16.06,-21.49,5.5563,0,0,0,0,0,55,0,0,95,27.664,0.11588,191.1,127.21,0.53288,200.56
0.24,16.06,-21.25,5.5602,0,0,0,0,0,55,0,0,95,27.664,0.11588,191.1,127.25,0.53304,200.14
0.24,16.06,-21.25,5.5642,0,0,0,0,0,55,0,0,95,27.664,0.11588,191.1,127.25,0.53304,200.14
0.24,16.06,-21.25,5.5671,0,0,0,0,0,55,0,0,95,27.664,0.11588,191.1,127.25,0.53304,200.14
0.24,16.06,-21.25,5.5699,0,0,0,0,0,55,0,0,95,27.664,0.11588,191.1,127.25,0.53304,200.14
0.24,16.06,-21.25,5.5726,0,0,0,0,0,55,0,0,95,27.664,0.11588,191.1,127.25,0.53304,200.14
0.24,14.86,-20.53,5.5752,0,0,0,0,0,55,0,0,95,25.646,0.10742,191.66,125.16,0.52425,201.54
0.24,14.86,-20.53,5.5779,0,0,0,0,0,55,0,0,95,25.646,0.10742,191.66,125.16,0.52425,201.54
0.24,14.86,-20.53,5.5813,0,0,0,0,0,55,0,0,95,25.646,0.10742,191.66,125.16,0.52425,201.54
0.24,14.86,-20.53,5.5833,0,0,0,0,0,55,0,0,95,25.646,0.10742,191.66,125.16,0.52425,201.54
0.24,14.86,-20.53,5.5859,0,0,0,0,0,55,0,0,95,25.646,0.10742,191.66,125.16,0.52425,201.54
0.24,14.86,-20.53,5.5886,0,0,0,0,0,55,0,0,95,25.646,0.10742,191.66,125.16,0.52425,201.54
0.24,14.62,-20.29,5.5917,0,0,0,0,0,55,0,0,95,25.24,0.10573,191.76,124.75,0.52256,201.64
0.24,14.62,-20.29,5.5947,0,0,0,0,0,55,0,0,95,25.24,0.10573,191.76,124.75,0.52256,201.64
0.24,14.62,-20.29,5.6,0,0,0,0,0,55,0,0,95,25.24,0.10573,191.76,124.75,0.52256,201.64
0.24,14.62,-20.29,5.6027,0,0,0,0,0,55,0,0,95,25.24,0.10573,191.76,124.75,0.52256,201.64
0.24,14.62,-20.29,5.6054,0,0,0,0,0,55,0,0,95,25.24,0.10573,191.76,124.75,0.52256,201.64
0.24,14.38,-19.81,5.6116,0,0,0,0,0,55,0,0,95,24.835,0.10403,191.87,124.39,0.52103,201.33
0.24,14.38,-19.81,5.6143,0,0,0,0,0,55,0,0,95,24.835,0.10403,191.87,124.39,0.52103,201.33
0.24,14.38,-19.81,5.6171,0,0,0,0,0,55,0,0,95,24.835,0.10403,191.87,124.39,0.52103,201.33
0.24,14.38,-19.81,5.6195,0,0,0,0,0,55,0,0,95,24.835,0.10403,191.87,124.39,0.52103,201.33
0.24,14.38,-19.81,5.6221,0,0,0,0,0,55,0,0,95,24.835,0.10403,191.87,124.39,0.52103,201.33
0.24,13.66,-19.09,5.625,0,0,0,0,0,55,0,0,95,23.616,0.098922,192.17,123.17,0.51592,201.63
0.24,13.66,-19.09,5.6277,0,0,0,0,0,55,0,0,95,23.616,0.098922,192.17,123.17,0.51592,201.63
0.24,13.66,-19.09,5.6313,0,0,0,0,0,55,0,0,95,23.616,0.098922,192.17,123.17,0.51592,201.63
0.24,13.66,-19.09,5.6332,0,0,0,0,0,55,0,0,95,23.616,0.098922,192.17,123.17,0.51592,201.63
0.24,13.66,-19.09,5.6357,0,0,0,0,0,55,0,0,95,23.616,0.098922,192.17,123.17,0.51592,201.63
0.24,13.66,-19.09,5.6381,0,0,0,0,0,55,0,0,95,23.616,0.098922,192.17,123.17,0.51592,201.63
0.24,13.42,-18.37,5.6403,0,0,0,0,0,55,0,0,95,23.209,0.097216,192.27,122.83,0.51453,200.9
0.24,13.42,-18.37,5.6425,0,0,0,0,0,55,0,0,95,23.209,0.097216,192.27,122.83,0.51453,200.9
0.24,13.42,-18.37,5.6448,0,0,0,0,0,55,0,0,95,23.209,0.097216,192.27,122.83,0.51453,200.9
0.24,13.42,-18.37,5.6471,0,0,0,0,0,55,0,0,95,23.209,0.097216,192.27,122.83,0.51453,200.9
0.24,13.42,-18.37,5.6494,0,0,0,0,0,55,0,0,95,23.209,0.097216,192.27,122.83,0.51453,200.9
0.24,13.42,-18.37,5.6517,0,0,0,0,0,55,0,0,95,23.209,0.097216,192.27,122.83,0.51453,200.9
0.24,13.42,-18.37,5.6542,0,0,0,0,0,55,0,0,95,23.209,0.097216,192.27,122.83,0.51453,200.9
0.24,13.18,-17.41,5.6571,0,0,0,0,0,55,0,0,95,22.801,0.095509,192.37,122.53,0.51325,199.74
0.24,13.18,-17.41,5.6597,0,0,0,0,0,55,0,0,95,22.801,0.095509,192.37,122.53,0.51325,199.74
0.24,13.18,-17.41,5.6623,0,0,0,0,0,55,0,0,95,22.801,0.095509,192.37,122.53,0.51325,199.74
0.24,13.18,-17.41,5.6648,0,0,0,0,0,55,0,0,95,22.801,0.095509,192.37,122.53,0.51325,199.74
0.24,13.18,-17.41,5.6673,0,0,0,0,0,55,0,0,95,22.801,0.095509,192.37,122.53,0.51325,199.74
0.24,13.18,-17.41,5.6743,0,0,0,0,0,55,0,0,95,22.801,0.095509,192.37,122.53,0.51325,199.74
0.24,12.46,-17.65,5.6771,0,0,0,0,0,55,0,0,95,21.576,0.090376,192.64,121.16,0.50754,201.69
0.24,12.46,-17.65,5.6804,0,0,0,0,0,55,0,0,95,21.576,0.090376,192.64,121.16,0.50754,201.69
0.24,12.46,-17.65,5.684,0,0,0,0,0,55,0,0,95,21.576,0.090376,192.64,121.16,0.50754,201.69
0.24,12.46,-17.65,5.6874,0,0,0,0,0,55,0,0,95,21.576,0.090376,192.64,121.16,0.50754,201.69
0.24,12.46,-16.45,5.69,0,0,0,0,0,55,0,0,95,21.576,0.090376,192.64,121.33,0.50824,199.6
0.24,12.46,-16.45,5.6922,0,0,0,0,0,55,0,0,95,21.576,0.090376,192.64,121.33,0.50824,199.6
0.24,12.46,-16.45,5.6946,0,0,0,0,0,55,0,0,95,21.576,0.090376,192.64,121.33,0.50824,199.6
0.24,12.46,-16.45,5.6969,0,0,0,0,0,55,0,0,95,21.576,0.090376,192.64,121.33,0.50824,199.6
0.24,12.46,-16.45,5.6992,0,0,0,0,0,55,0,0,95,21.576,0.090376,192.64,121.33,0.50824,199.6
0.24,12.46,-16.45,5.7015,0,0,0,0,0,55,0,0,95,21.576,0.090376,192.64,121.33,0.50824,199.6
0.24,12.22,-15.97,5.7042,0,0,0,0,0,55,0,0,95,21.166,0.088662,192.73,120.95,0.50664,199.27
0.24,12.22,-15.97,5.7067,0,0,0,0,0,55,0,0,95,21.166,0.088662,192.73,120.95,0.50664,199.27
0.24,12.22,-15.97,5.7098,0,0,0,0,0,55,0,0,95,21.166,0.088662,192.73,120.95,0.50664,199.27
0.24,12.22,-15.97,5.7124,0,0,0,0,0,55,0,0,95,21.166,0.088662,192.73,120.95,0.50664,199.27
0.24,12.22,-15.97,5.7149,0,0,0,0,0,55,0,0,95,21.166,0.088662,192.73,120.95,0.50664,199.27
0.24,12.22,-15.97,5.7172,0,0,0,0,0,55,0,0,95,21.166,0.088662,192.73,120.95,0.50664,199.27
0.24,11.26,-15.25,5.7195,0,0,0,0,0,55,0,0,95,19.526,0.081791,193.08,119.28,0.49965,200.03
0.24,11.26,-15.25,5.7216,0,0,0,0,0,55,0,0,95,19.526,0.081791,193.08,119.28,0.49965,200.03
0.24,11.26,-15.25,5.724,0,0,0,0,0,55,0,0,95,19.526,0.081791,193.08,119.28,0.49965,200.03
0.24,11.26,-15.25,5.7262,0,0,0,0,0,55,0,0,95,19.526,0.081791,193.08,119.28,0.49965,200.03
0.24,11.26,-15.25,5.7284,0,0,0,0,0,55,0,0,95,19.526,0.081791,193.08,119.28,0.49965,200.03
0.24,11.26,-15.25,5.7313,0,0,0,0,0,55,0,0,95,19.526,0.081791,193.08,119.28,0.49965,200.03
0.24,11.26,-15.25,5.738,0,0,0,0,0,55,0,0,95,19.526,0.081791,193.08,119.28,0.49965,200.03
0.24,10.78,-14.77,5.7402,0,0,0,0,0,55,0,0,95,18.704,0.078346,193.24,118.46,0.49621,200.19
0.24,10.78,-14.77,5.7423,0,0,0,0,0,55,0,0,95,18.704,0.078346,193.24,118.46,0.49621,200.19
0.24,10.78,-14.77,5.7447,0,0,0,0,0,55,0,0,95,18.704,0.078346,193.24,118.46,0.49621,200.19
0.24,10.78,-14.77,5.7469,0,0,0,0,0,55,0,0,95,18.704,0.078346,193.24,118.46,0.49621,200.19
0.24,10.78,-14.77,5.7492,0,0,0,0,0,55,0,0,95,18.704,0.078346,193.24,118.46,0.49621,200.19
0.24,10.06,-14.29,5.7526,0,0,0,0,0,55,0,0,95,17.468,0.073169,193.46,117.19,0.49091,200.84
0.24,10.06,-14.29,5.7555,0,0,0,0,0,55,0,0,95,17.468,0.073169,193.46,117.19,0.49091,200.84
0.24,10.06,-14.29,5.7582,0,0,0,0,0,55,0,0,95,17.468,0.073169,193.46,117.19,0.49091,200.84
0.24,10.06,-14.29,5.761,0,0,0,0,0,55,0,0,95,17.468,0.073169,193.46,117.19,0.49091,200.84
0.24,10.06,-14.29,5.7637,0,0,0,0,0,55,0,0,95,17.468,0.073169,193.46,117.19,0.49091,200.84
0.24,10.06,-14.29,5.7666,0,0,0,0,0,55,0,0,95,17.468,0.073169,193.46,117.19,0.49091,200.84
0.24,9.82,-13.33,5.7702,0,0,0,0,0,55,0,0,95,17.055,0.071441,193.53,116.87,0.48953,199.66
0.24,9.82,-13.33,5.7723,0,0,0,0,0,55,0,0,95,17.055,0.071441,193.53,116.87,0.48953,199.66
0.24,9.82,-13.33,5.7744,0,0,0,0,0,55,0,0,95,17.055,0.071441,193.53,116.87,0.48953,199.66
0.24,9.82,-13.33,5.7771,0,0,0,0,0,55,0,0,95,17.055,0.071441,193.53,116.87,0.48953,199.66
0.24,9.82,-13.33,5.7795,0,0,0,0,0,55,0,0,95,17.055,0.071441,193.53,116.87,0.48953,199.66
0.24,9.82,-13.33,5.7821,0,0,0,0,0,55,0,0,95,17.055,0.071441,193.53,116.87,0.48953,199.66
0.24,9.58,-13.09,5.7854,0,0,0,0,0,55,0,0,95,16.642,0.069712,193.61,116.45,0.4878,199.73
0.24,9.58,-13.09,5.7884,0,0,0,0,0,55,0,0,95,16.642,0.069712,193.61,116.45,0.4878,199.73
0.24,9.58,-13.09,5.7913,0,0,0,0,0,55,0,0,95,16.642,0.069712,193.61,116.45,0.4878,199.73
0.24,9.58,-13.09,5.7943,0,0,0,0,0,55,0,0,95,16.642,0.069712,193.61,116.45,0.4878,199.73
0.24,9.58,-13.09,5.7974,0,0,0,0,0,55,0,0,95,16.642,0.069712,193.61,116.45,0.4878,199.73
0.24,9.34,-12.37,5.8046,0,0,0,0,0,55,0,0,95,16.229,0.067981,193.67,116.09,0.48627,198.96
0.24,9.34,-12.37,5.8071,0,0,0,0,0,55,0,0,95,16.229,0.067981,193.67,116.09,0.48627,198.96
0.24,9.34,-12.37,5.8104,0,0,0,0,0,55,0,0,95,16.229,0.067981,193.67,116.09,0.48627,198.96
0.24,9.34,-12.37,5.8139,0,0,0,0,0,55,0,0,95,16.229,0.067981,193.67,116.09,0.48627,198.96
0.24,8.62,-12.13,5.8187,0,0,0,0,0,55,0,0,95,14.988,0.062782,193.87,114.8,0.48087,199.99
0.24,8.62,-12.13,5.8218,0,0,0,0,0,55,0,0,95,14.988,0.062782,193.87,114.8,0.48087,199.99
0.24,8.62,-12.13,5.8248,0,0,0,0,0,55,0,0,95,14.988,0.062782,193.87,114.8,0.48087,199.99
0.24,8.62,-12.13,5.8281,0,0,0,0,0,55,0,0,95,14.988,0.062782,193.87,114.8,0.48087,199.99
0.24,8.62,-12.13,5.8307,0,0,0,0,0,55,0,0,95,14.988,0.062782,193.87,114.8,0.48087,199.99
0.24,8.38,-11.41,5.8343,0,0,0,0,0,55,0,0,95,14.574,0.061046,193.93,114.43,0.47934,199.22
0.24,8.38,-11.41,5.8372,0,0,0,0,0,55,0,0,95,14.574,0.061046,193.93,114.43,0.47934,199.22
0.24,8.38,-11.41,5.8398,0,0,0,0,0,55,0,0,95,14.574,0.061046,193.93,114.43,0.47934,199.22
0.24,8.38,-11.41,5.8423,0,0,0,0,0,55,0,0,95,14.574,0.061046,193.93,114.43,0.47934,199.22
0.24,8.38,-11.41,5.8458,0,0,0,0,0,55,0,0,95,14.574,0.061046,193.93,114.43,0.47934,199.22
0.24,8.38,-11.41,5.8498,0,0,0,0,0,55,0,0,95,14.574,0.061046,193.93,114.43,0.47934,199.22
0.24,8.14,-11.17,5.8522,0,0,0,0,0,55,0,0,95,14.159,0.05931,193.99,114.02,0.4776,199.28
0.24,8.14,-11.17,5.8544,0,0,0,0,0,55,0,0,95,14.159,0.05931,193.99,114.02,0.4776,199.28
0.24,8.14,-11.17,5.8567,0,0,0,0,0,55,0,0,95,14.159,0.05931,193.99,114.02,0.4776,199.28
0.24,8.14,-11.17,5.8591,0,0,0,0,0,55,0,0,95,14.159,0.05931,193.99,114.02,0.4776,199.28
0.24,8.14,-11.17,5.8613,0,0,0,0,0,55,0,0,95,14.159,0.05931,193.99,114.02,0.4776,199.28
0.24,7.66,-10.45,5.8638,0,0,0,0,0,55,0,0,95,13.329,0.055834,194.11,113.21,0.47422,198.98
0.24,7.66,-10.45,5.8662,0,0,0,0,0,55,0,0,95,13.329,0.055834,194.11,113.21,0.47422,198.98
0.24,7.66,-10.45,5.8685,0,0,0,0,0,55,0,0,95,13.329,0.055834,194.11,113.21,0.47422,198.98
0.24,7.66,-10.45,5.8754,0,0,0,0,0,55,0,0,95,13.329,0.055834,194.11,113.21,0.47422,198.98
0.24,7.66,-10.45,5.8785,0,0,0,0,0,55,0,0,95,13.329,0.055834,194.11,113.21,0.47422,198.98
0.24,7.42,-9.73,5.8824,0,0,0,0,0,55,0,0,95,12.914,0.054095,194.16,112.83,0.47263,198.19
0.24,7.42,-9.73,5.8868,0,0,0,0,0,55,0,0,95,12.914,0.054095,194.16,112.83,0.47263,198.19
0.24,7.42,-9.73,5.8898,0,0,0,0,0,55,0,0,95,12.914,0.054095,194.16,112.83,0.47263,198.19
0.24,7.42,-9.73,5.8922,0,0,0,0,0,55,0,0,95,12.914,0.054095,194.16,112.83,0.47263,198.19
0.24,7.42,-9.73,5.8947,0,0,0,0,0,55,0,0,95,12.914,0.054095,194.16,112.83,0.47263,198.19
0.24,7.18,-9.25,5.8971,0,0,0,0,0,55,0,0,95,12.499,0.052354,194.22,112.43,0.47096,197.83
0.24,7.18,-9.25,5.8995,0,0,0,0,0,55,0,0,95,12.499,0.052354,194.22,112.43,0.47096,197.83
0.24,7.18,-9.25,5.902,0,0,0,0,0,55,0,0,95,12.499,0.052354,194.22,112.43,0.47096,197.83
0.24,7.18,-9.25,5.9043,0,0,0,0,0,55,0,0,95,12.499,0.052354,194.22,112.43,0.47096,197.83
0.24,7.18,-9.25,5.9074,0,0,0,0,0,55,0,0,95,12.499,0.052354,194.22,112.43,0.47096,197.83
0.24,7.18,-9.25,5.9104,0,0,0,0,0,55,0,0,95,12.499,0.052354,194.22,112.43,0.47096,197.83
0.24,6.46,-8.77,5.9129,0,0,0,0,0,55,0,0,95,11.251,0.047128,194.37,111.17,0.46567,198.4
0.24,6.46,-8.77,5.9154,0,0,0,0,0,55,0,0,95,11.251,0.047128,194.37,111.17,0.46567,198.4
0.24,6.46,-8.77,5.9182,0,0,0,0,0,55,0,0,95,11.251,0.047128,194.37,111.17,0.46567,198.4
0.24,6.46,-8.77,5.9217,0,0,0,0,0,55,0,0,95,11.251,0.047128,194.37,111.17,0.46567,198.4
0.24,6.46,-8.77,5.9241,0,0,0,0,0,55,0,0,95,11.251,0.047128,194.37,111.17,0.46567,198.4
0.24,6.46,-8.77,5.9266,0,0,0,0,0,55,0,0,95,11.251,0.047128,194.37,111.17,0.46567,198.4
0.24,5.98,-8.29,5.9288,0,0,0,0,0,55,0,0,95,10.418,0.043639,194.46,110.34,0.46218,198.49
0.24,5.98,-8.29,5.9311,0,0,0,0,0,55,0,0,95,10.418,0.043639,194.46,110.34,0.46218,198.49
0.24,5.98,-8.29,5.9342,0,0,0,0,0,55,0,0,95,10.418,0.043639,194.46,110.34,0.46218,198.49
0.24,5.98,-8.29,5.9375,0,0,0,0,0,55,0,0,95,10.418,0.043639,194.46,110.34,0.46218,198.49
0.24,5.98,-8.29,5.9436,0,0,0,0,0,55,0,0,95,10.418,0.043639,194.46,110.34,0.46218,198.49
0.24,5.5,-7.81,5.9459,0,0,0,0,0,55,0,0,95,9.5845,0.040148,194.54,109.5,0.45869,198.57
0.24,5.5,-7.81,5.9483,0,0,0,0,0,55,0,0,95,9.5845,0.040148,194.54,109.5,0.45869,198.57
0.24,5.5,-7.81,5.9516,0,0,0,0,0,55,0,0,95,9.5845,0.040148,194.54,109.5,0.45869,198.57
0.24,5.5,-7.81,5.9546,0,0,0,0,0,55,0,0,95,9.5845,0.040148,194.54,109.5,0.45869,198.57
0.24,5.5,-7.81,5.957,0,0,0,0,0,55,0,0,95,9.5845,0.040148,194.54,109.5,0.45869,198.57
0.24,4.78,-7.33,5.9593,0,0,0,0,0,55,0,0,95,8.3329,0.034905,194.65,108.23,0.45337,199.1
0.24,4.78,-7.33,5.9615,0,0,0,0,0,55,0,0,95,8.3329,0.034905,194.65,108.23,0.45337,199.1
0.24,4.78,-7.33,5.9638,0,0,0,0,0,55,0,0,95,8.3329,0.034905,194.65,108.23,0.45337,199.1
0.24,4.78,-7.33,5.9661,0,0,0,0,0,55,0,0,95,8.3329,0.034905,194.65,108.23,0.45337,199.1
0.24,4.78,-7.33,5.9694,0,0,0,0,0,55,0,0,95,8.3329,0.034905,194.65,108.23,0.45337,199.1
0.24,4.78,-7.33,5.9722,0,0,0,0,0,55,0,0,95,8.3329,0.034905,194.65,108.23,0.45337,199.1
0.24,4.78,-7.33,5.9748,0,0,0,0,0,55,0,0,95,8.3329,0.034905,194.65,108.23,0.45337,199.1
0.24,4.78,-6.37,5.977,0,0,0,0,0,55,0,0,95,8.3329,0.034905,194.65,108.29,0.45362,197.43
0.24,4.78,-6.37,5.9794,0,0,0,0,0,55,0,0,95,8.3329,0.034905,194.65,108.29,0.45362,197.43
0.24,4.78,-6.37,5.9818,0,0,0,0,0,55,0,0,95,8.3329,0.034905,194.65,108.29,0.45362,197.43
0.24,4.78,-6.37,5.9842,0,0,0,0,0,55,0,0,95,8.3329,0.034905,194.65,108.29,0.45362,197.43
0.24,4.78,-6.37,5.9874,0,0,0,0,0,55,0,0,95,8.3329,0.034905,194.65,108.29,0.45362,197.43
0.24,4.78,-6.37,5.9905,0,0,0,0,0,55,0,0,95,8.3329,0.034905,194.65,108.29,0.45362,197.43
0.24,4.3,-6.13,5.993,0,0,0,0,0,55,0,0,95,7.4978,0.031407,194.72,107.45,0.45007,197.91
0.24,4.3,-6.13,5.9955,0,0,0,0,0,55,0,0,95,7.4978,0.031407,194.72,107.45,0.45007,197.91
0.24,4.3,-6.13,5.9978,0,0,0,0,0,55,0,0,95,7.4978,0.031407,194.72,107.45,0.45007,197.91
0.24,4.3,-6.13,6.0002,0,0,0,0,0,55,0,0,95,7.4978,0.031407,194.72,107.45,0.45007,197.91
0.24,4.3,-6.13,6.0078,0,0,0,0,0,55,0,0,95,7.4978,0.031407,194.72,107.45,0.45007,197.91
0.24,4.06,-5.65,6.01,0,0,0,0,0,55,0,0,95,7.08,0.029657,194.75,107.04,0.44837,197.52
0.24,4.06,-5.65,6.0127,0,0,0,0,0,55,0,0,95,7.08,0.029657,194.75,107.04,0.44837,197.52
0.24,4.06,-5.65,6.0163,0,0,0,0,0,55,0,0,95,7.08,0.029657,194.75,107.04,0.44837,197.52
0.24,4.06,-5.65,6.0195,0,0,0,0,0,55,0,0,95,7.08,0.029657,194.75,107.04,0.44837,197.52
0.24,4.06,-5.65,6.0217,0,0,0,0,0,55,0,0,95,7.08,0.029657,194.75,107.04,0.44837,197.52
0.24,3.58,-5.17,6.024,0,0,0,0,0,55,0,0,95,6.2442,0.026156,194.8,106.2,0.44487,197.58
0.24,3.58,-5.17,6.0263,0,0,0,0,0,55,0,0,95,6.2442,0.026156,194.8,106.2,0.44487,197.58
0.24,3.58,-5.17,6.0286,0,0,0,0,0,55,0,0,95,6.2442,0.026156,194.8,106.2,0.44487,197.58
0.24,3.58,-5.17,6.0309,0,0,0,0,0,55,0,0,95,6.2442,0.026156,194.8,106.2,0.44487,197.58
0.24,3.58,-5.17,6.0333,0,0,0,0,0,55,0,0,95,6.2442,0.026156,194.8,106.2,0.44487,197.58
0.24,3.58,-5.17,6.0356,0,0,0,0,0,55,0,0,95,6.2442,0.026156,194.8,106.2,0.44487,197.58
0.24,3.58,-5.17,6.0389,0,0,0,0,0,55,0,0,95,6.2442,0.026156,194.8,106.2,0.44487,197.58
0.24,2.86,-4.45,6.0418,0,0,0,0,0,55,0,0,95,4.9895,0.0209,194.88,104.95,0.43962,197.65
0.24,2.86,-4.45,6.0443,0,0,0,0,0,55,0,0,95,4.9895,0.0209,194.88,104.95,0.43962,197.65
0.24,2.86,-4.45,6.0468,0,0,0,0,0,55,0,0,95,4.9895,0.0209,194.88,104.95,0.43962,197.65
0.24,2.86,-4.45,6.0494,0,0,0,0,0,55,0,0,95,4.9895,0.0209,194.88,104.95,0.43962,197.65
0.24,2.86,-4.45,6.0519,0,0,0,0,0,55,0,0,95,4.9895,0.0209,194.88,104.95,0.43962,197.65
0.24,2.86,-4.45,6.0548,0,0,0,0,0,55,0,0,95,4.9895,0.0209,194.88,104.95,0.43962,197.65
0.24,2.86,-3.49,6.0574,0,0,0,0,0,55,0,0,95,4.9895,0.0209,194.88,104.98,0.43975,195.97
0.24,2.86,-3.49,6.0608,0,0,0,0,0,55,0,0,95,4.9895,0.0209,194.88,104.98,0.43975,195.97
0.24,2.86,-3.49,6.0637,0,0,0,0,0,55,0,0,95,4.9895,0.0209,194.88,104.98,0.43975,195.97
0.24,2.86,-3.49,6.0662,0,0,0,0,0,55,0,0,95,4.9895,0.0209,194.88,104.98,0.43975,195.97
0.24,2.86,-3.49,6.0727,0,0,0,0,0,55,0,0,95,4.9895,0.0209,194.88,104.98,0.43975,195.97
0.24,2.14,-3.01,6.0752,0,0,0,0,0,55,0,0,95,3.7341,0.015641,194.93,103.72,0.43447,196.45
0.24,2.14,-3.01,6.0778,0,0,0,0,0,55,0,0,95,3.7341,0.015641,194.93,103.72,0.43447,196.45
0.24,2.14,-3.01,6.0811,0,0,0,0,0,55,0,0,95,3.7341,0.015641,194.93,103.72,0.43447,196.45
0.24,2.14,-3.01,6.0847,0,0,0,0,0,55,0,0,95,3.7341,0.015641,194.93,103.72,0.43447,196.45
0.24,2.14,-3.01,6.0877,0,0,0,0,0,55,0,0,95,3.7341,0.015641,194.93,103.72,0.43447,196.45
0.24,1.9,-2.77,6.09,0,0,0,0,0,55,0,0,95,3.3155,0.013888,194.95,103.3,0.43272,196.46
0.24,1.9,-2.77,6.0921,0,0,0,0,0,55,0,0,95,3.3155,0.013888,194.95,103.3,0.43272,196.46
0.24,1.9,-2.77,6.0944,0,0,0,0,0,55,0,0,95,3.3155,0.013888,194.95,103.3,0.43272,196.46
0.24,1.9,-2.77,6.0969,0,0,0,0,0,55,0,0,95,3.3155,0.013888,194.95,103.3,0.43272,196.46
0.24,1.9,-2.77,6.0994,0,0,0,0,0,55,0,0,95,3.3155,0.013888,194.95,103.3,0.43272,196.46
0.24,1.9,-2.77,6.1018,0,0,0,0,0,55,0,0,95,3.3155,0.013888,194.95,103.3,0.43272,196.46
0.24,1.9,-2.05,6.1054,0,0,0,0,0,55,0,0,95,3.3155,0.013888,194.95,103.31,0.43276,195.21
0.24,1.9,-2.05,6.1082,0,0,0,0,0,55,0,0,95,3.3155,0.013888,194.95,103.31,0.43276,195.21
0.24,1.9,-2.05,6.1114,0,0,0,0,0,55,0,0,95,3.3155,0.013888,194.95,103.31,0.43276,195.21
0.24,1.9,-2.05,6.1143,0,0,0,0,0,55,0,0,95,3.3155,0.013888,194.95,103.31,0.43276,195.21
0.24,1.9,-2.05,6.1171,0,0,0,0,0,55,0,0,95,3.3155,0.013888,194.95,103.31,0.43276,195.21
0.24,1.66,-2.05,6.1205,0,0,0,0,0,55,0,0,95,2.8968,0.012134,194.96,102.89,0.431,195.64
0.24,1.66,-2.05,6.1236,0,0,0,0,0,55,0,0,95,2.8968,0.012134,194.96,102.89,0.431,195.64
0.24,1.66,-2.05,6.1264,0,0,0,0,0,55,0,0,95,2.8968,0.012134,194.96,102.89,0.431,195.64
0.24,1.66,-2.05,6.1293,0,0,0,0,0,55,0,0,95,2.8968,0.012134,194.96,102.89,0.431,195.64
0.24,1.66,-2.05,6.1318,0,0,0,0,0,55,0,0,95,2.8968,0.012134,194.96,102.89,0.431,195.64
0.24,1.66,-2.05,6.1354,0,0,0,0,0,55,0,0,95,2.8968,0.012134,194.96,102.89,0.431,195.64
0.24,1.66,-1.57,6.1416,0,0,0,0,0,55,0,0,95,2.8968,0.012134,194.96,102.9,0.43101,194.8
