0.24,0.94,-0.85,0.5092,0,0,0,0,0,55,0,0,95,1.6405,0.0068718,194.99,101.64,0.42575,194.83
0.24,7.18,6.35,0.52361,0,0,0,0,0,55,0,0,95,12.499,0.052354,194.22,109.72,0.45961,170.82
0.24,7.42,6.59,0.53256,0,0,0,0,0,55,0,0,95,12.914,0.054095,194.16,109.94,0.46051,169.95
0.24,7.42,6.59,0.53681,0,0,0,0,0,55,0,0,95,12.914,0.054095,194.16,109.94,0.46051,169.95
0.24,7.42,6.59,0.55784,0,0,0,0,0,55,0,0,95,12.914,0.054095,194.16,109.94,0.46051,169.95
0.24,7.42,7.07,0.56256,0,0,0,0,0,55,0,0,95,12.914,0.054095,194.16,109.73,0.45965,169.14
0.24,7.42,7.07,0.5654,0,0,0,0,0,55,0,0,95,12.914,0.054095,194.16,109.73,0.45965,169.14
0.24,7.42,7.07,0.56676,0,0,0,0,0,55,0,0,95,12.914,0.054095,194.16,109.73,0.45965,169.14
0.24,7.42,7.07,0.56805,0,0,0,0,0,55,0,0,95,12.914,0.054095,194.16,109.73,0.45965,169.14
0.24,7.42,7.07,0.56964,0,0,0,0,0,55,0,0,95,12.914,0.054095,194.16,109.73,0.45965,169.14
0.24,7.42,7.07,0.57196,0,0,0,0,0,55,0,0,95,12.914,0.054095,194.16,109.73,0.45965,169.14
0.24,8.14,7.31,0.57379,0,0,0,0,0,55,0,0,95,14.159,0.05931,193.99,110.54,0.46305,167.35
0.24,8.14,7.31,0.57524,0,0,0,0,0,55,0,0,95,14.159,0.05931,193.99,110.54,0.46305,167.35
0.24,8.14,7.31,0.57686,0,0,0,0,0,55,0,0,95,14.159,0.05931,193.99,110.54,0.46305,167.35
0.24,8.14,7.31,0.5788,0,0,0,0,0,55,0,0,95,14.159,0.05931,193.99,110.54,0.46305,167.35
0.24,8.14,7.31,0.5814,0,0,0,0,0,55,0,0,95,14.159,0.05931,193.99,110.54,0.46305,167.35
0.24,8.14,7.31,0.58399,0,0,0,0,0,55,0,0,95,14.159,0.05931,193.99,110.54,0.46305,167.35
0.24,8.14,7.31,0.58651,0,0,0,0,0,55,0,0,95,14.159,0.05931,193.99,110.54,0.46305,167.35
0.24,8.14,7.31,0.58967,0,0,0,0,0,55,0,0,95,14.159,0.05931,193.99,110.54,0.46305,167.35
0.24,8.14,7.55,0.59126,0,0,0,0,0,55,0,0,95,14.159,0.05931,193.99,110.43,0.46258,166.95
0.24,8.14,7.55,0.59269,0,0,0,0,0,55,0,0,95,14.159,0.05931,193.99,110.43,0.46258,166.95
0.24,8.14,7.55,0.59413,0,0,0,0,0,55,0,0,95,14.159,0.05931,193.99,110.43,0.46258,166.95
0.24,8.14,7.55,0.59545,0,0,0,0,0,55,0,0,95,14.159,0.05931,193.99,110.43,0.46258,166.95
0.24,8.14,7.55,0.5969,0,0,0,0,0,55,0,0,95,14.159,0.05931,193.99,110.43,0.46258,166.95
0.24,8.14,7.55,0.59832,0,0,0,0,0,55,0,0,95,14.159,0.05931,193.99,110.43,0.46258,166.95
0.24,8.14,7.55,0.59961,0,0,0,0,0,55,0,0,95,14.159,0.05931,193.99,110.43,0.46258,166.95
0.24,8.14,7.55,0.60099,0,0,0,0,0,55,0,0,95,14.159,0.05931,193.99,110.43,0.46258,166.95
0.24,8.14,7.55,0.60257,0,0,0,0,0,55,0,0,95,14.159,0.05931,193.99,110.43,0.46258,166.95
0.24,8.14,7.55,0.60402,0,0,0,0,0,55,0,0,95,14.159,0.05931,193.99,110.43,0.46258,166.95
0.24,8.86,7.55,0.60549,0,0,0,0,0,55,0,0,95,15.402,0.064516,193.81,111.33,0.46633,165.56
0.24,8.86,7.55,0.6075,0,0,0,0,0,55,0,0,95,15.402,0.064516,193.81,111.33,0.46633,165.56
0.24,8.86,7.55,0.60922,0,0,0,0,0,55,0,0,95,15.402,0.064516,193.81,111.33,0.46633,165.56
0.24,8.86,7.55,0.61131,0,0,0,0,0,55,0,0,95,15.402,0.064516,193.81,111.33,0.46633,165.56
0.24,8.86,7.55,0.61331,0,0,0,0,0,55,0,0,95,15.402,0.064516,193.81,111.33,0.46633,165.56
0.24,8.86,7.55,0.61462,0,0,0,0,0,55,0,0,95,15.402,0.064516,193.81,111.33,0.46633,165.56
0.24,8.86,7.55,0.61659,0,0,0,0,0,55,0,0,95,15.402,0.064516,193.81,111.33,0.46633,165.56
0.24,8.86,7.55,0.61816,0,0,0,0,0,55,0,0,95,15.402,0.064516,193.81,111.33,0.46633,165.56
0.24,8.86,7.55,0.61963,0,0,0,0,0,55,0,0,95,15.402,0.064516,193.81,111.33,0.46633,165.56
0.24,8.86,7.55,0.62124,0,0,0,0,0,55,0,0,95,15.402,0.064516,193.81,111.33,0.46633,165.56
0.24,9.34,8.27,0.62261,0,0,0,0,0,55,0,0,95,16.229,0.067981,193.67,111.54,0.46723,163.42
0.24,9.34,8.27,0.62404,0,0,0,0,0,55,0,0,95,16.229,0.067981,193.67,111.54,0.46723,163.42
0.24,9.34,8.27,0.62547,0,0,0,0,0,55,0,0,95,16.229,0.067981,193.67,111.54,0.46723,163.42
0.24,9.34,8.27,0.62696,0,0,0,0,0,55,0,0,95,16.229,0.067981,193.67,111.54,0.46723,163.42
0.24,9.34,8.27,0.6283,0,0,0,0,0,55,0,0,95,16.229,0.067981,193.67,111.54,0.46723,163.42
0.24,9.34,8.27,0.62969,0,0,0,0,0,55,0,0,95,16.229,0.067981,193.67,111.54,0.46723,163.42
0.24,9.34,8.27,0.63118,0,0,0,0,0,55,0,0,95,16.229,0.067981,193.67,111.54,0.46723,163.42
0.24,9.34,8.27,0.63255,0,0,0,0,0,55,0,0,95,16.229,0.067981,193.67,111.54,0.46723,163.42
0.24,9.34,8.27,0.63389,0,0,0,0,0,55,0,0,95,16.229,0.067981,193.67,111.54,0.46723,163.42
0.24,9.34,8.27,0.63521,0,0,0,0,0,55,0,0,95,16.229,0.067981,193.67,111.54,0.46723,163.42
0.24,9.34,8.27,0.63666,0,0,0,0,0,55,0,0,95,16.229,0.067981,193.67,111.54,0.46723,163.42
0.24,9.34,8.51,0.63809,0,0,0,0,0,55,0,0,95,16.229,0.067981,193.67,111.41,0.46669,163.02
0.24,9.34,8.51,0.63962,0,0,0,0,0,55,0,0,95,16.229,0.067981,193.67,111.41,0.46669,163.02
0.24,9.34,8.51,0.64132,0,0,0,0,0,55,0,0,95,16.229,0.067981,193.67,111.41,0.46669,163.02
0.24,9.34,8.51,0.64293,0,0,0,0,0,55,0,0,95,16.229,0.067981,193.67,111.41,0.46669,163.02
0.24,9.34,8.51,0.64449,0,0,0,0,0,55,0,0,95,16.229,0.067981,193.67,111.41,0.46669,163.02
0.24,9.34,8.51,0.64598,0,0,0,0,0,55,0,0,95,16.229,0.067981,193.67,111.41,0.46669,163.02
0.24,9.34,8.51,0.64805,0,0,0,0,0,55,0,0,95,16.229,0.067981,193.67,111.41,0.46669,163.02
0.24,9.34,8.51,0.6498,0,0,0,0,0,55,0,0,95,16.229,0.067981,193.67,111.41,0.46669,163.02
0.24,9.34,8.51,0.65124,0,0,0,0,0,55,0,0,95,16.229,0.067981,193.67,111.41,0.46669,163.02
0.24,9.34,8.51,0.65263,0,0,0,0,0,55,0,0,95,16.229,0.067981,193.67,111.41,0.46669,163.02
0.24,9.58,8.99,0.6543,0,0,0,0,0,55,0,0,95,16.642,0.069712,193.61,111.44,0.46678,161.76
0.24,9.58,8.99,0.65605,0,0,0,0,0,55,0,0,95,16.642,0.069712,193.61,111.44,0.46678,161.76
0.24,9.58,8.99,0.65761,0,0,0,0,0,55,0,0,95,16.642,0.069712,193.61,111.44,0.46678,161.76
0.24,9.58,8.99,0.65905,0,0,0,0,0,55,0,0,95,16.642,0.069712,193.61,111.44,0.46678,161.76
0.24,9.58,8.99,0.66094,0,0,0,0,0,55,0,0,95,16.642,0.069712,193.61,111.44,0.46678,161.76
0.24,9.58,8.99,0.66231,0,0,0,0,0,55,0,0,95,16.642,0.069712,193.61,111.44,0.46678,161.76
0.24,9.58,8.99,0.664,0,0,0,0,0,55,0,0,95,16.642,0.069712,193.61,111.44,0.46678,161.76
0.24,9.58,8.99,0.66539,0,0,0,0,0,55,0,0,95,16.642,0.069712,193.61,111.44,0.46678,161.76
0.24,9.58,8.99,0.66707,0,0,0,0,0,55,0,0,95,16.642,0.069712,193.61,111.44,0.46678,161.76
0.24,9.58,8.99,0.66853,0,0,0,0,0,55,0,0,95,16.642,0.069712,193.61,111.44,0.46678,161.76
0.24,10.06,9.23,0.66993,0,0,0,0,0,55,0,0,95,17.468,0.073169,193.46,111.85,0.46853,160.43
0.24,10.06,9.23,0.67164,0,0,0,0,0,55,0,0,95,17.468,0.073169,193.46,111.85,0.46853,160.43
0.24,10.06,9.23,0.67326,0,0,0,0,0,55,0,0,95,17.468,0.073169,193.46,111.85,0.46853,160.43
0.24,10.06,9.23,0.67469,0,0,0,0,0,55,0,0,95,17.468,0.073169,193.46,111.85,0.46853,160.43
0.24,10.06,9.23,0.67617,0,0,0,0,0,55,0,0,95,17.468,0.073169,193.46,111.85,0.46853,160.43
0.24,10.06,9.23,0.67785,0,0,0,0,0,55,0,0,95,17.468,0.073169,193.46,111.85,0.46853,160.43
0.24,10.06,9.23,0.67944,0,0,0,0,0,55,0,0,95,17.468,0.073169,193.46,111.85,0.46853,160.43
0.24,10.06,9.23,0.68148,0,0,0,0,0,55,0,0,95,17.468,0.073169,193.46,111.85,0.46853,160.43
0.24,10.06,9.23,0.68309,0,0,0,0,0,55,0,0,95,17.468,0.073169,193.46,111.85,0.46853,160.43
0.24,10.06,9.23,0.68547,0,0,0,0,0,55,0,0,95,17.468,0.073169,193.46,111.85,0.46853,160.43
0.24,10.06,9.71,0.68722,0,0,0,0,0,55,0,0,95,17.468,0.073169,193.46,111.57,0.46736,159.64
0.24,10.06,9.71,0.68878,0,0,0,0,0,55,0,0,95,17.468,0.073169,193.46,111.57,0.46736,159.64
0.24,10.06,9.71,0.69033,0,0,0,0,0,55,0,0,95,17.468,0.073169,193.46,111.57,0.46736,159.64
0.24,10.06,9.71,0.692,0,0,0,0,0,55,0,0,95,17.468,0.073169,193.46,111.57,0.46736,159.64
0.24,10.06,9.71,0.69347,0,0,0,0,0,55,0,0,95,17.468,0.073169,193.46,111.57,0.46736,159.64
0.24,10.06,9.71,0.69519,0,0,0,0,0,55,0,0,95,17.468,0.073169,193.46,111.57,0.46736,159.64
0.24,10.06,9.71,0.69655,0,0,0,0,0,55,0,0,95,17.468,0.073169,193.46,111.57,0.46736,159.64
0.24,10.06,9.71,0.69802,0,0,0,0,0,55,0,0,95,17.468,0.073169,193.46,111.57,0.46736,159.64
0.24,10.06,9.71,0.69968,0,0,0,0,0,55,0,0,95,17.468,0.073169,193.46,111.57,0.46736,159.64
0.24,10.06,9.71,0.70116,0,0,0,0,0,55,0,0,95,17.468,0.073169,193.46,111.57,0.46736,159.64
0.24,10.54,9.71,0.70252,0,0,0,0,0,55,0,0,95,18.292,0.076622,193.31,112.11,0.46961,158.7
0.24,10.54,9.71,0.70395,0,0,0,0,0,55,0,0,95,18.292,0.076622,193.31,112.11,0.46961,158.7
0.24,10.54,9.71,0.70549,0,0,0,0,0,55,0,0,95,18.292,0.076622,193.31,112.11,0.46961,158.7
0.24,10.54,9.71,0.70788,0,0,0,0,0,55,0,0,95,18.292,0.076622,193.31,112.11,0.46961,158.7
0.24,10.54,9.71,0.70962,0,0,0,0,0,55,0,0,95,18.292,0.076622,193.31,112.11,0.46961,158.7
0.24,10.54,9.71,0.71123,0,0,0,0,0,55,0,0,95,18.292,0.076622,193.31,112.11,0.46961,158.7
0.24,10.54,9.71,0.71268,0,0,0,0,0,55,0,0,95,18.292,0.076622,193.31,112.11,0.46961,158.7
0.24,10.54,9.71,0.7142,0,0,0,0,0,55,0,0,95,18.292,0.076622,193.31,112.11,0.46961,158.7
0.24,10.54,9.71,0.71581,0,0,0,0,0,55,0,0,95,18.292,0.076622,193.31,112.11,0.46961,158.7
0.24,10.54,9.71,0.71742,0,0,0,0,0,55,0,0,95,18.292,0.076622,193.31,112.11,0.46961,158.7
0.24,10.78,9.95,0.7192,0,0,0,0,0,55,0,0,95,18.704,0.078346,193.24,112.23,0.47011,157.84
0.24,10.78,9.95,0.72073,0,0,0,0,0,55,0,0,95,18.704,0.078346,193.24,112.23,0.47011,157.84
0.24,10.78,9.95,0.7221,0,0,0,0,0,55,0,0,95,18.704,0.078346,193.24,112.23,0.47011,157.84
0.24,10.78,9.95,0.72347,0,0,0,0,0,55,0,0,95,18.704,0.078346,193.24,112.23,0.47011,157.84
0.24,10.78,9.95,0.72502,0,0,0,0,0,55,0,0,95,18.704,0.078346,193.24,112.23,0.47011,157.84
0.24,10.78,9.95,0.72641,0,0,0,0,0,55,0,0,95,18.704,0.078346,193.24,112.23,0.47011,157.84
0.24,10.78,9.95,0.72788,0,0,0,0,0,55,0,0,95,18.704,0.078346,193.24,112.23,0.47011,157.84
0.24,10.78,9.95,0.72934,0,0,0,0,0,55,0,0,95,18.704,0.078346,193.24,112.23,0.47011,157.84
0.24,10.78,9.95,0.7307,0,0,0,0,0,55,0,0,95,18.704,0.078346,193.24,112.23,0.47011,157.84
0.24,10.78,9.95,0.73215,0,0,0,0,0,55,0,0,95,18.704,0.078346,193.24,112.23,0.47011,157.84
0.24,11.26,10.19,0.73355,0,0,0,0,0,55,0,0,95,19.526,0.081791,193.08,112.6,0.47166,156.51
0.24,11.26,10.19,0.73522,0,0,0,0,0,55,0,0,95,19.526,0.081791,193.08,112.6,0.47166,156.51
0.24,11.26,10.19,0.73676,0,0,0,0,0,55,0,0,95,19.526,0.081791,193.08,112.6,0.47166,156.51
0.24,11.26,10.19,0.73831,0,0,0,0,0,55,0,0,95,19.526,0.081791,193.08,112.6,0.47166,156.51
0.24,11.26,10.19,0.74003,0,0,0,0,0,55,0,0,95,19.526,0.081791,193.08,112.6,0.47166,156.51
0.24,11.26,10.19,0.7417,0,0,0,0,0,55,0,0,95,19.526,0.081791,193.08,112.6,0.47166,156.51
0.24,11.26,10.19,0.74312,0,0,0,0,0,55,0,0,95,19.526,0.081791,193.08,112.6,0.47166,156.51
0.24,11.26,10.19,0.74523,0,0,0,0,0,55,0,0,95,19.526,0.081791,193.08,112.6,0.47166,156.51
0.24,11.26,10.19,0.74665,0,0,0,0,0,55,0,0,95,19.526,0.081791,193.08,112.6,0.47166,156.51
0.24,11.26,10.19,0.74794,0,0,0,0,0,55,0,0,95,19.526,0.081791,193.08,112.6,0.47166,156.51
0.24,11.26,10.19,0.74963,0,0,0,0,0,55,0,0,95,19.526,0.081791,193.08,112.6,0.47166,156.51
0.24,11.5,10.91,0.75125,0,0,0,0,0,55,0,0,95,19.937,0.083511,192.99,112.38,0.47075,154.87
0.24,11.5,10.91,0.75304,0,0,0,0,0,55,0,0,95,19.937,0.083511,192.99,112.38,0.47075,154.87
0.24,11.5,10.91,0.75504,0,0,0,0,0,55,0,0,95,19.937,0.083511,192.99,112.38,0.47075,154.87
0.24,11.5,10.91,0.75651,0,0,0,0,0,55,0,0,95,19.937,0.083511,192.99,112.38,0.47075,154.87
0.24,11.5,10.91,0.75831,0,0,0,0,0,55,0,0,95,19.937,0.083511,192.99,112.38,0.47075,154.87
0.24,11.5,10.91,0.76027,0,0,0,0,0,55,0,0,95,19.937,0.083511,192.99,112.38,0.47075,154.87
0.24,11.5,10.91,0.76337,0,0,0,0,0,55,0,0,95,19.937,0.083511,192.99,112.38,0.47075,154.87
0.24,11.5,10.91,0.76634,0,0,0,0,0,55,0,0,95,19.937,0.083511,192.99,112.38,0.47075,154.87
0.48,12.22,10.91,0.76926,0,0,0,0,0,55,0,0,95,21.166,0.17732,192.73,113.12,0.94773,153.45
0.48,12.22,10.91,0.7714,0,0,0,0,0,55,0,0,95,21.166,0.17732,192.73,113.12,0.94773,153.45
0.48,12.22,10.91,0.77288,0,0,0,0,0,55,0,0,95,21.166,0.17732,192.73,113.12,0.94773,153.45
0.48,12.22,10.91,0.77432,0,0,0,0,0,55,0,0,95,21.166,0.17732,192.73,113.12,0.94773,153.45
0.48,12.22,10.91,0.77583,0,0,0,0,0,55,0,0,95,21.166,0.17732,192.73,113.12,0.94773,153.45
0.48,12.22,10.91,0.77751,0,0,0,0,0,55,0,0,95,21.166,0.17732,192.73,113.12,0.94773,153.45
0.48,12.22,10.91,0.77914,0,0,0,0,0,55,0,0,95,21.166,0.17732,192.73,113.12,0.94773,153.45
0.48,12.22,10.91,0.78076,0,0,0,0,0,55,0,0,95,21.166,0.17732,192.73,113.12,0.94773,153.45
0.24,12.46,11.15,0.78218,0,0,0,0,0,55,0,0,95,21.576,0.090376,192.64,113.2,0.47419,152.59
0.24,12.46,11.15,0.78355,0,0,0,0,0,55,0,0,95,21.576,0.090376,192.64,113.2,0.47419,152.59
0.24,12.46,11.15,0.78528,0,0,0,0,0,55,0,0,95,21.576,0.090376,192.64,113.2,0.47419,152.59
0.24,12.46,11.15,0.78719,0,0,0,0,0,55,0,0,95,21.576,0.090376,192.64,113.2,0.47419,152.59
0.24,12.46,11.15,0.7893,0,0,0,0,0,55,0,0,95,21.576,0.090376,192.64,113.2,0.47419,152.59
0.24,12.46,11.15,0.79114,0,0,0,0,0,55,0,0,95,21.576,0.090376,192.64,113.2,0.47419,152.59
0.24,12.46,11.15,0.79257,0,0,0,0,0,55,0,0,95,21.576,0.090376,192.64,113.2,0.47419,152.59
0.24,12.46,11.15,0.79415,0,0,0,0,0,55,0,0,95,21.576,0.090376,192.64,113.2,0.47419,152.59
0.24,12.46,11.15,0.79561,0,0,0,0,0,55,0,0,95,21.576,0.090376,192.64,113.2,0.47419,152.59
0.24,12.46,11.15,0.79706,0,0,0,0,0,55,0,0,95,21.576,0.090376,192.64,113.2,0.47419,152.59
0.24,12.7,11.63,0.79847,0,0,0,0,0,55,0,0,95,21.984,0.092089,192.55,113.1,0.47376,151.35
0.24,12.7,11.63,0.80023,0,0,0,0,0,55,0,0,95,21.984,0.092089,192.55,113.1,0.47376,151.35
0.24,12.7,11.63,0.80173,0,0,0,0,0,55,0,0,95,21.984,0.092089,192.55,113.1,0.47376,151.35
0.24,12.7,11.63,0.80309,0,0,0,0,0,55,0,0,95,21.984,0.092089,192.55,113.1,0.47376,151.35
0.24,12.7,11.63,0.80478,0,0,0,0,0,55,0,0,95,21.984,0.092089,192.55,113.1,0.47376,151.35
0.24,12.7,11.63,0.80625,0,0,0,0,0,55,0,0,95,21.984,0.092089,192.55,113.1,0.47376,151.35
0.24,12.7,11.63,0.80766,0,0,0,0,0,55,0,0,95,21.984,0.092089,192.55,113.1,0.47376,151.35
0.24,12.7,11.63,0.80928,0,0,0,0,0,55,0,0,95,21.984,0.092089,192.55,113.1,0.47376,151.35
0.24,12.7,11.63,0.81102,0,0,0,0,0,55,0,0,95,21.984,0.092089,192.55,113.1,0.47376,151.35
0.24,12.7,11.63,0.81253,0,0,0,0,0,55,0,0,95,21.984,0.092089,192.55,113.1,0.47376,151.35
0.24,13.18,12.11,0.81427,0,0,0,0,0,55,0,0,95,22.801,0.095509,192.37,113.22,0.47424,149.65
0.24,13.18,12.11,0.81585,0,0,0,0,0,55,0,0,95,22.801,0.095509,192.37,113.22,0.47424,149.65
0.24,13.18,12.11,0.81719,0,0,0,0,0,55,0,0,95,22.801,0.095509,192.37,113.22,0.47424,149.65
0.24,13.18,12.11,0.81859,0,0,0,0,0,55,0,0,95,22.801,0.095509,192.37,113.22,0.47424,149.65
0.24,13.18,12.11,0.81995,0,0,0,0,0,55,0,0,95,22.801,0.095509,192.37,113.22,0.47424,149.65
0.24,13.18,12.11,0.82128,0,0,0,0,0,55,0,0,95,22.801,0.095509,192.37,113.22,0.47424,149.65
0.24,13.18,12.11,0.8226,0,0,0,0,0,55,0,0,95,22.801,0.095509,192.37,113.22,0.47424,149.65
0.24,13.18,12.11,0.82398,0,0,0,0,0,55,0,0,95,22.801,0.095509,192.37,113.22,0.47424,149.65
0.24,13.18,12.11,0.8255,0,0,0,0,0,55,0,0,95,22.801,0.095509,192.37,113.22,0.47424,149.65
0.24,13.18,12.11,0.82694,0,0,0,0,0,55,0,0,95,22.801,0.095509,192.37,113.22,0.47424,149.65
0.24,13.18,12.11,0.82836,0,0,0,0,0,55,0,0,95,22.801,0.095509,192.37,113.22,0.47424,149.65
0.24,13.18,12.11,0.83003,0,0,0,0,0,55,0,0,95,22.801,0.095509,192.37,113.22,0.47424,149.65
0.24,13.18,12.11,0.83143,0,0,0,0,0,55,0,0,95,22.801,0.095509,192.37,113.22,0.47424,149.65
0.24,13.18,12.11,0.83287,0,0,0,0,0,55,0,0,95,22.801,0.095509,192.37,113.22,0.47424,149.65
0.24,13.18,12.11,0.83464,0,0,0,0,0,55,0,0,95,22.801,0.095509,192.37,113.22,0.47424,149.65
0.24,13.18,12.11,0.83628,0,0,0,0,0,55,0,0,95,22.801,0.095509,192.37,113.22,0.47424,149.65
0.24,13.18,12.11,0.83833,0,0,0,0,0,55,0,0,95,22.801,0.095509,192.37,113.22,0.47424,149.65
0.24,13.18,12.11,0.8399,0,0,0,0,0,55,0,0,95,22.801,0.095509,192.37,113.22,0.47424,149.65
0.24,13.18,12.11,0.84169,0,0,0,0,0,55,0,0,95,22.801,0.095509,192.37,113.22,0.47424,149.65
0.24,13.18,12.11,0.84316,0,0,0,0,0,55,0,0,95,22.801,0.095509,192.37,113.22,0.47424,149.65
0.24,13.18,12.11,0.84468,0,0,0,0,0,55,0,0,95,22.801,0.095509,192.37,113.22,0.47424,149.65
0.24,13.66,12.35,0.8474,0,0,0,0,0,55,0,0,95,23.616,0.098922,192.17,113.49,0.47537,148.32
0.24,13.66,12.35,0.84985,0,0,0,0,0,55,0,0,95,23.616,0.098922,192.17,113.49,0.47537,148.32
0.24,13.66,12.35,0.85251,0,0,0,0,0,55,0,0,95,23.616,0.098922,192.17,113.49,0.47537,148.32
0.24,13.66,12.35,0.8547,0,0,0,0,0,55,0,0,95,23.616,0.098922,192.17,113.49,0.47537,148.32
0.24,13.66,12.35,0.85645,0,0,0,0,0,55,0,0,95,23.616,0.098922,192.17,113.49,0.47537,148.32
0.24,13.66,12.35,0.85795,0,0,0,0,0,55,0,0,95,23.616,0.098922,192.17,113.49,0.47537,148.32
0.24,13.66,12.35,0.85952,0,0,0,0,0,55,0,0,95,23.616,0.098922,192.17,113.49,0.47537,148.32
0.24,13.66,12.35,0.86126,0,0,0,0,0,55,0,0,95,23.616,0.098922,192.17,113.49,0.47537,148.32
0.24,14.38,12.83,0.86328,0,0,0,0,0,55,0,0,95,24.835,0.10403,191.87,113.77,0.47655,146.14
0.24,14.38,12.83,0.86586,0,0,0,0,0,55,0,0,95,24.835,0.10403,191.87,113.77,0.47655,146.14
0.24,14.38,12.83,0.86782,0,0,0,0,0,55,0,0,95,24.835,0.10403,191.87,113.77,0.47655,146.14
0.24,14.38,12.83,0.86944,0,0,0,0,0,55,0,0,95,24.835,0.10403,191.87,113.77,0.47655,146.14
0.24,14.38,12.83,0.87075,0,0,0,0,0,55,0,0,95,24.835,0.10403,191.87,113.77,0.47655,146.14
0.24,14.38,12.83,0.87212,0,0,0,0,0,55,0,0,95,24.835,0.10403,191.87,113.77,0.47655,146.14
0.24,14.38,12.83,0.87355,0,0,0,0,0,55,0,0,95,24.835,0.10403,191.87,113.77,0.47655,146.14
0.24,14.38,12.83,0.87515,0,0,0,0,0,55,0,0,95,24.835,0.10403,191.87,113.77,0.47655,146.14
0.24,14.38,12.83,0.8767,0,0,0,0,0,55,0,0,95,24.835,0.10403,191.87,113.77,0.47655,146.14
0.24,14.62,13.55,0.87808,0,0,0,0,0,55,0,0,95,25.24,0.10573,191.76,113.39,0.47499,144.55
0.24,14.62,13.55,0.87961,0,0,0,0,0,55,0,0,95,25.24,0.10573,191.76,113.39,0.47499,144.55
0.24,14.62,13.55,0.88112,0,0,0,0,0,55,0,0,95,25.24,0.10573,191.76,113.39,0.47499,144.55
0.24,14.62,13.55,0.88296,0,0,0,0,0,55,0,0,95,25.24,0.10573,191.76,113.39,0.47499,144.55
0.24,14.62,13.55,0.88476,0,0,0,0,0,55,0,0,95,25.24,0.10573,191.76,113.39,0.47499,144.55
0.24,14.62,13.55,0.88624,0,0,0,0,0,55,0,0,95,25.24,0.10573,191.76,113.39,0.47499,144.55
0.24,14.62,13.55,0.88785,0,0,0,0,0,55,0,0,95,25.24,0.10573,191.76,113.39,0.47499,144.55
0.24,14.62,13.55,0.88948,0,0,0,0,0,55,0,0,95,25.24,0.10573,191.76,113.39,0.47499,144.55
0.24,14.62,13.55,0.89092,0,0,0,0,0,55,0,0,95,25.24,0.10573,191.76,113.39,0.47499,144.55
0.24,14.62,13.55,0.89235,0,0,0,0,0,55,0,0,95,25.24,0.10573,191.76,113.39,0.47499,144.55
0.24,14.62,13.79,0.89388,0,0,0,0,0,55,0,0,95,25.24,0.10573,191.76,113.2,0.47416,144.18
0.24,14.62,13.79,0.89532,0,0,0,0,0,55,0,0,95,25.24,0.10573,191.76,113.2,0.47416,144.18
0.24,14.62,13.79,0.89681,0,0,0,0,0,55,0,0,95,25.24,0.10573,191.76,113.2,0.47416,144.18
0.24,14.62,13.79,0.89831,0,0,0,0,0,55,0,0,95,25.24,0.10573,191.76,113.2,0.47416,144.18
0.24,14.62,13.79,0.89982,0,0,0,0,0,55,0,0,95,25.24,0.10573,191.76,113.2,0.47416,144.18
0.24,14.62,13.79,0.90128,0,0,0,0,0,55,0,0,95,25.24,0.10573,191.76,113.2,0.47416,144.18
0.24,14.62,13.79,0.90255,0,0,0,0,0,55,0,0,95,25.24,0.10573,191.76,113.2,0.47416,144.18
0.24,14.62,13.79,0.90431,0,0,0,0,0,55,0,0,95,25.24,0.10573,191.76,113.2,0.47416,144.18
0.24,14.62,13.79,0.90648,0,0,0,0,0,55,0,0,95,25.24,0.10573,191.76,113.2,0.47416,144.18
0.24,14.62,13.79,0.90807,0,0,0,0,0,55,0,0,95,25.24,0.10573,191.76,113.2,0.47416,144.18
0.24,14.62,13.79,0.91003,0,0,0,0,0,55,0,0,95,25.24,0.10573,191.76,113.2,0.47416,144.18
0.24,15.34,14.03,0.91163,0,0,0,0,0,55,0,0,95,26.454,0.11081,191.44,113.6,0.47585,142.39
0.24,15.34,14.03,0.91318,0,0,0,0,0,55,0,0,95,26.454,0.11081,191.44,113.6,0.47585,142.39
0.24,15.34,14.03,0.91463,0,0,0,0,0,55,0,0,95,26.454,0.11081,191.44,113.6,0.47585,142.39
0.24,15.34,14.03,0.91611,0,0,0,0,0,55,0,0,95,26.454,0.11081,191.44,113.6,0.47585,142.39
0.24,15.34,14.03,0.91769,0,0,0,0,0,55,0,0,95,26.454,0.11081,191.44,113.6,0.47585,142.39
0.24,15.34,14.03,0.91914,0,0,0,0,0,55,0,0,95,26.454,0.11081,191.44,113.6,0.47585,142.39
0.24,15.34,14.03,0.92057,0,0,0,0,0,55,0,0,95,26.454,0.11081,191.44,113.6,0.47585,142.39
0.24,15.34,14.03,0.9221,0,0,0,0,0,55,0,0,95,26.454,0.11081,191.44,113.6,0.47585,142.39
0.24,15.34,14.03,0.9236,0,0,0,0,0,55,0,0,95,26.454,0.11081,191.44,113.6,0.47585,142.39
0.24,15.34,14.03,0.9254,0,0,0,0,0,55,0,0,95,26.454,0.11081,191.44,113.6,0.47585,142.39
0.24,16.06,14.51,0.92695,0,0,0,0,0,55,0,0,95,27.664,0.11588,191.1,113.76,0.47654,140.24
0.24,16.06,14.51,0.92852,0,0,0,0,0,55,0,0,95,27.664,0.11588,191.1,113.76,0.47654,140.24
0.24,16.06,14.51,0.93017,0,0,0,0,0,55,0,0,95,27.664,0.11588,191.1,113.76,0.47654,140.24
0.24,16.06,14.51,0.9318,0,0,0,0,0,55,0,0,95,27.664,0.11588,191.1,113.76,0.47654,140.24
0.24,16.06,14.51,0.93355,0,0,0,0,0,55,0,0,95,27.664,0.11588,191.1,113.76,0.47654,140.24
0.24,16.06,14.51,0.93524,0,0,0,0,0,55,0,0,95,27.664,0.11588,191.1,113.76,0.47654,140.24
0.24,16.06,14.51,0.93718,0,0,0,0,0,55,0,0,95,27.664,0.11588,191.1,113.76,0.47654,140.24
0.24,16.06,14.51,0.9389,0,0,0,0,0,55,0,0,95,27.664,0.11588,191.1,113.76,0.47654,140.24
0.24,16.06,14.51,0.9405,0,0,0,0,0,55,0,0,95,27.664,0.11588,191.1,113.76,0.47654,140.24
0.24,16.3,14.75,0.94211,0,0,0,0,0,55,0,0,95,28.066,0.11757,190.98,113.74,0.47642,139.4
0.24,16.3,14.75,0.94349,0,0,0,0,0,55,0,0,95,28.066,0.11757,190.98,113.74,0.47642,139.4
0.24,16.3,14.75,0.94505,0,0,0,0,0,55,0,0,95,28.066,0.11757,190.98,113.74,0.47642,139.4
0.24,16.3,14.75,0.94647,0,0,0,0,0,55,0,0,95,28.066,0.11757,190.98,113.74,0.47642,139.4
0.24,16.3,14.75,0.94793,0,0,0,0,0,55,0,0,95,28.066,0.11757,190.98,113.74,0.47642,139.4
0.24,16.3,14.75,0.95078,0,0,0,0,0,55,0,0,95,28.066,0.11757,190.98,113.74,0.47642,139.4
0.24,16.3,14.75,0.95222,0,0,0,0,0,55,0,0,95,28.066,0.11757,190.98,113.74,0.47642,139.4
0.24,16.3,14.75,0.95356,0,0,0,0,0,55,0,0,95,28.066,0.11757,190.98,113.74,0.47642,139.4
0.24,16.3,14.75,0.95529,0,0,0,0,0,55,0,0,95,28.066,0.11757,190.98,113.74,0.47642,139.4
0.24,16.3,14.75,0.95704,0,0,0,0,0,55,0,0,95,28.066,0.11757,190.98,113.74,0.47642,139.4
0.24,16.3,14.99,0.95869,0,0,0,0,0,55,0,0,95,28.066,0.11757,190.98,113.52,0.47552,139.04
0.24,16.3,14.99,0.96054,0,0,0,0,0,55,0,0,95,28.066,0.11757,190.98,113.52,0.47552,139.04
0.24,16.3,14.99,0.96202,0,0,0,0,0,55,0,0,95,28.066,0.11757,190.98,113.52,0.47552,139.04
0.24,16.3,14.99,0.96343,0,0,0,0,0,55,0,0,95,28.066,0.11757,190.98,113.52,0.47552,139.04
0.24,16.3,14.99,0.96476,0,0,0,0,0,55,0,0,95,28.066,0.11757,190.98,113.52,0.47552,139.04
0.24,16.3,14.99,0.96618,0,0,0,0,0,55,0,0,95,28.066,0.11757,190.98,113.52,0.47552,139.04
0.24,16.3,14.99,0.96754,0,0,0,0,0,55,0,0,95,28.066,0.11757,190.98,113.52,0.47552,139.04
0.24,16.3,14.99,0.9691,0,0,0,0,0,55,0,0,95,28.066,0.11757,190.98,113.52,0.47552,139.04
0.24,16.3,14.99,0.97062,0,0,0,0,0,55,0,0,95,28.066,0.11757,190.98,113.52,0.47552,139.04
0.24,16.3,14.99,0.97196,0,0,0,0,0,55,0,0,95,28.066,0.11757,190.98,113.52,0.47552,139.04
0.24,16.78,15.47,0.97346,0,0,0,0,0,55,0,0,95,28.87,0.12093,190.74,113.44,0.47519,137.38
0.24,16.78,15.47,0.97531,0,0,0,0,0,55,0,0,95,28.87,0.12093,190.74,113.44,0.47519,137.38
0.24,16.78,15.47,0.97671,0,0,0,0,0,55,0,0,95,28.87,0.12093,190.74,113.44,0.47519,137.38
0.24,16.78,15.47,0.97816,0,0,0,0,0,55,0,0,95,28.87,0.12093,190.74,113.44,0.47519,137.38
0.24,16.78,15.47,0.97975,0,0,0,0,0,55,0,0,95,28.87,0.12093,190.74,113.44,0.47519,137.38
0.24,16.78,15.47,0.98132,0,0,0,0,0,55,0,0,95,28.87,0.12093,190.74,113.44,0.47519,137.38
0.24,16.78,15.47,0.98265,0,0,0,0,0,55,0,0,95,28.87,0.12093,190.74,113.44,0.47519,137.38
0.24,16.78,15.47,0.98428,0,0,0,0,0,55,0,0,95,28.87,0.12093,190.74,113.44,0.47519,137.38
0.24,16.78,15.47,0.98669,0,0,0,0,0,55,0,0,95,28.87,0.12093,190.74,113.44,0.47519,137.38
0.24,16.78,15.47,0.98864,0,0,0,0,0,55,0,0,95,28.87,0.12093,190.74,113.44,0.47519,137.38
0.24,17.26,15.71,0.99025,0,0,0,0,0,55,0,0,95,29.671,0.12428,190.5,113.57,0.4757,136.08
0.24,17.26,15.71,0.99161,0,0,0,0,0,55,0,0,95,29.671,0.12428,190.5,113.57,0.4757,136.08
0.24,17.26,15.71,0.99325,0,0,0,0,0,55,0,0,95,29.671,0.12428,190.5,113.57,0.4757,136.08
0.24,17.26,15.71,0.99478,0,0,0,0,0,55,0,0,95,29.671,0.12428,190.5,113.57,0.4757,136.08
0.24,17.26,15.71,0.99618,0,0,0,0,0,55,0,0,95,29.671,0.12428,190.5,113.57,0.4757,136.08
0.24,17.26,15.71,0.99751,0,0,0,0,0,55,0,0,95,29.671,0.12428,190.5,113.57,0.4757,136.08
0.24,17.26,15.71,0.99925,0,0,0,0,0,55,0,0,95,29.671,0.12428,190.5,113.57,0.4757,136.08
0.24,17.26,15.71,1.0012,0,0,0,0,0,55,0,0,95,29.671,0.12428,190.5,113.57,0.4757,136.08
0.24,17.26,15.71,1.0027,0,0,0,0,0,55,0,0,95,29.671,0.12428,190.5,113.57,0.4757,136.08
0.24,17.26,15.71,1.0041,0,0,0,0,0,55,0,0,95,29.671,0.12428,190.5,113.57,0.4757,136.08
0.24,17.26,15.95,1.0057,0,0,0,0,0,55,0,0,95,29.671,0.12428,190.5,113.34,0.47475,135.73
0.24,17.26,15.95,1.0077,0,0,0,0,0,55,0,0,95,29.671,0.12428,190.5,113.34,0.47475,135.73
0.24,17.26,15.95,1.0094,0,0,0,0,0,55,0,0,95,29.671,0.12428,190.5,113.34,0.47475,135.73
0.24,17.26,15.95,1.0109,0,0,0,0,0,55,0,0,95,29.671,0.12428,190.5,113.34,0.47475,135.73
0.24,17.26,15.95,1.0123,0,0,0,0,0,55,0,0,95,29.671,0.12428,190.5,113.34,0.47475,135.73
0.24,17.26,15.95,1.0139,0,0,0,0,0,55,0,0,95,29.671,0.12428,190.5,113.34,0.47475,135.73
0.24,17.26,15.95,1.0153,0,0,0,0,0,55,0,0,95,29.671,0.12428,190.5,113.34,0.47475,135.73
0.24,17.26,15.95,1.0168,0,0,0,0,0,55,0,0,95,29.671,0.12428,190.5,113.34,0.47475,135.73
0.24,17.26,15.95,1.0183,0,0,0,0,0,55,0,0,95,29.671,0.12428,190.5,113.34,0.47475,135.73
0.24,17.26,15.95,1.0197,0,0,0,0,0,55,0,0,95,29.671,0.12428,190.5,113.34,0.47475,135.73
0.24,17.26,15.95,1.0212,0,0,0,0,0,55,0,0,95,29.671,0.12428,190.5,113.34,0.47475,135.73
0.24,17.74,16.19,1.0234,0,0,0,0,0,55,0,0,95,30.47,0.12763,190.24,113.44,0.47518,134.43
0.24,17.74,16.19,1.025,0,0,0,0,0,55,0,0,95,30.47,0.12763,190.24,113.44,0.47518,134.43
0.24,17.74,16.19,1.0266,0,0,0,0,0,55,0,0,95,30.47,0.12763,190.24,113.44,0.47518,134.43
0.24,17.74,16.19,1.0283,0,0,0,0,0,55,0,0,95,30.47,0.12763,190.24,113.44,0.47518,134.43
0.24,17.74,16.19,1.0303,0,0,0,0,0,55,0,0,95,30.47,0.12763,190.24,113.44,0.47518,134.43
0.24,17.74,16.19,1.0323,0,0,0,0,0,55,0,0,95,30.47,0.12763,190.24,113.44,0.47518,134.43
0.24,17.74,16.19,1.0345,0,0,0,0,0,55,0,0,95,30.47,0.12763,190.24,113.44,0.47518,134.43
0.24,17.74,16.19,1.0366,0,0,0,0,0,55,0,0,95,30.47,0.12763,190.24,113.44,0.47518,134.43
0.24,17.74,16.67,1.0383,0,0,0,0,0,55,0,0,95,30.47,0.12763,190.24,112.97,0.47321,133.73
0.24,17.74,16.67,1.0403,0,0,0,0,0,55,0,0,95,30.47,0.12763,190.24,112.97,0.47321,133.73
0.24,17.74,16.67,1.0424,0,0,0,0,0,55,0,0,95,30.47,0.12763,190.24,112.97,0.47321,133.73
0.24,17.74,16.67,1.0439,0,0,0,0,0,55,0,0,95,30.47,0.12763,190.24,112.97,0.47321,133.73
0.24,17.74,16.67,1.0453,0,0,0,0,0,55,0,0,95,30.47,0.12763,190.24,112.97,0.47321,133.73
0.24,17.74,16.67,1.0467,0,0,0,0,0,55,0,0,95,30.47,0.12763,190.24,112.97,0.47321,133.73
0.24,17.74,16.67,1.0481,0,0,0,0,0,55,0,0,95,30.47,0.12763,190.24,112.97,0.47321,133.73
0.24,17.74,16.67,1.0499,0,0,0,0,0,55,0,0,95,30.47,0.12763,190.24,112.97,0.47321,133.73
0.24,17.74,16.67,1.0513,0,0,0,0,0,55,0,0,95,30.47,0.12763,190.24,112.97,0.47321,133.73
0.24,17.74,16.67,1.0528,0,0,0,0,0,55,0,0,95,30.47,0.12763,190.24,112.97,0.47321,133.73
0.24,18.46,17.39,1.0544,0,0,0,0,0,55,0,0,95,31.664,0.13263,189.85,112.72,0.47216,131.29
0.24,18.46,17.39,1.0561,0,0,0,0,0,55,0,0,95,31.664,0.13263,189.85,112.72,0.47216,131.29
0.24,18.46,17.39,1.0579,0,0,0,0,0,55,0,0,95,31.664,0.13263,189.85,112.72,0.47216,131.29
0.24,18.46,17.39,1.0596,0,0,0,0,0,55,0,0,95,31.664,0.13263,189.85,112.72,0.47216,131.29
0.24,18.46,17.39,1.0613,0,0,0,0,0,55,0,0,95,31.664,0.13263,189.85,112.72,0.47216,131.29
0.24,18.46,17.39,1.0644,0,0,0,0,0,55,0,0,95,31.664,0.13263,189.85,112.72,0.47216,131.29
0.24,18.46,17.39,1.0662,0,0,0,0,0,55,0,0,95,31.664,0.13263,189.85,112.72,0.47216,131.29
0.24,18.46,17.39,1.0682,0,0,0,0,0,55,0,0,95,31.664,0.13263,189.85,112.72,0.47216,131.29
0.24,18.7,17.63,1.0697,0,0,0,0,0,55,0,0,95,32.061,0.1343,189.72,112.62,0.47175,130.48
0.24,18.7,17.63,1.0711,0,0,0,0,0,55,0,0,95,32.061,0.1343,189.72,112.62,0.47175,130.48
0.24,18.7,17.63,1.0726,0,0,0,0,0,55,0,0,95,32.061,0.1343,189.72,112.62,0.47175,130.48
0.24,18.7,17.63,1.0741,0,0,0,0,0,55,0,0,95,32.061,0.1343,189.72,112.62,0.47175,130.48
0.24,18.7,17.63,1.0758,0,0,0,0,0,55,0,0,95,32.061,0.1343,189.72,112.62,0.47175,130.48
0.24,18.7,17.63,1.0773,0,0,0,0,0,55,0,0,95,32.061,0.1343,189.72,112.62,0.47175,130.48
0.24,18.7,17.63,1.0787,0,0,0,0,0,55,0,0,95,32.061,0.1343,189.72,112.62,0.47175,130.48
0.24,18.7,17.63,1.0802,0,0,0,0,0,55,0,0,95,32.061,0.1343,189.72,112.62,0.47175,130.48
0.24,18.7,17.63,1.0818,0,0,0,0,0,55,0,0,95,32.061,0.1343,189.72,112.62,0.47175,130.48
0.24,18.7,17.63,1.0834,0,0,0,0,0,55,0,0,95,32.061,0.1343,189.72,112.62,0.47175,130.48
0.24,18.7,17.63,1.0853,0,0,0,0,0,55,0,0,95,32.061,0.1343,189.72,112.62,0.47175,130.48
0.24,19.18,17.63,1.0872,0,0,0,0,0,55,0,0,95,32.853,0.13762,189.45,112.92,0.47298,129.53
0.24,19.18,17.63,1.0889,0,0,0,0,0,55,0,0,95,32.853,0.13762,189.45,112.92,0.47298,129.53
0.24,19.18,17.63,1.0903,0,0,0,0,0,55,0,0,95,32.853,0.13762,189.45,112.92,0.47298,129.53
0.24,19.18,17.63,1.0916,0,0,0,0,0,55,0,0,95,32.853,0.13762,189.45,112.92,0.47298,129.53
0.24,19.18,17.63,1.093,0,0,0,0,0,55,0,0,95,32.853,0.13762,189.45,112.92,0.47298,129.53
0.24,19.18,17.63,1.0944,0,0,0,0,0,55,0,0,95,32.853,0.13762,189.45,112.92,0.47298,129.53
0.24,19.18,17.63,1.0957,0,0,0,0,0,55,0,0,95,32.853,0.13762,189.45,112.92,0.47298,129.53
0.24,19.18,17.63,1.0972,0,0,0,0,0,55,0,0,95,32.853,0.13762,189.45,112.92,0.47298,129.53
0.24,19.18,17.63,1.0988,0,0,0,0,0,55,0,0,95,32.853,0.13762,189.45,112.92,0.47298,129.53
0.24,19.18,17.63,1.1015,0,0,0,0,0,55,0,0,95,32.853,0.13762,189.45,112.92,0.47298,129.53
0.24,19.66,18.59,1.1034,0,0,0,0,0,55,0,0,95,33.643,0.14093,189.17,112.17,0.46988,127.26
0.24,19.66,18.59,1.1055,0,0,0,0,0,55,0,0,95,33.643,0.14093,189.17,112.17,0.46988,127.26
0.24,19.66,18.59,1.1078,0,0,0,0,0,55,0,0,95,33.643,0.14093,189.17,112.17,0.46988,127.26
0.24,19.66,18.59,1.1097,0,0,0,0,0,55,0,0,95,33.643,0.14093,189.17,112.17,0.46988,127.26
0.24,19.66,18.59,1.1118,0,0,0,0,0,55,0,0,95,33.643,0.14093,189.17,112.17,0.46988,127.26
0.24,19.66,18.59,1.1135,0,0,0,0,0,55,0,0,95,33.643,0.14093,189.17,112.17,0.46988,127.26
0.24,19.66,18.59,1.1149,0,0,0,0,0,55,0,0,95,33.643,0.14093,189.17,112.17,0.46988,127.26
0.24,19.66,18.59,1.1162,0,0,0,0,0,55,0,0,95,33.643,0.14093,189.17,112.17,0.46988,127.26
0.24,19.9,18.35,1.1182,0,0,0,0,0,55,0,0,95,34.038,0.14258,189.03,112.57,0.47153,127.12
0.24,19.9,18.35,1.1202,0,0,0,0,0,55,0,0,95,34.038,0.14258,189.03,112.57,0.47153,127.12
0.24,19.9,18.35,1.1217,0,0,0,0,0,55,0,0,95,34.038,0.14258,189.03,112.57,0.47153,127.12
0.24,19.9,18.35,1.1231,0,0,0,0,0,55,0,0,95,34.038,0.14258,189.03,112.57,0.47153,127.12
0.24,19.9,18.35,1.1247,0,0,0,0,0,55,0,0,95,34.038,0.14258,189.03,112.57,0.47153,127.12
0.24,19.9,18.35,1.1265,0,0,0,0,0,55,0,0,95,34.038,0.14258,189.03,112.57,0.47153,127.12
0.24,19.9,18.35,1.1282,0,0,0,0,0,55,0,0,95,34.038,0.14258,189.03,112.57,0.47153,127.12
0.24,19.9,18.35,1.1299,0,0,0,0,0,55,0,0,95,34.038,0.14258,189.03,112.57,0.47153,127.12
0.24,19.9,18.35,1.1325,0,0,0,0,0,55,0,0,95,34.038,0.14258,189.03,112.57,0.47153,127.12
0.24,20.14,18.83,1.1342,0,0,0,0,0,55,0,0,95,34.431,0.14423,188.89,112.18,0.46989,125.99
0.24,20.14,18.83,1.1361,0,0,0,0,0,55,0,0,95,34.431,0.14423,188.89,112.18,0.46989,125.99
0.24,20.14,18.83,1.1376,0,0,0,0,0,55,0,0,95,34.431,0.14423,188.89,112.18,0.46989,125.99
0.24,20.14,18.83,1.1389,0,0,0,0,0,55,0,0,95,34.431,0.14423,188.89,112.18,0.46989,125.99
0.24,20.14,18.83,1.1405,0,0,0,0,0,55,0,0,95,34.431,0.14423,188.89,112.18,0.46989,125.99
0.24,20.14,18.83,1.1432,0,0,0,0,0,55,0,0,95,34.431,0.14423,188.89,112.18,0.46989,125.99
0.24,20.14,18.83,1.1447,0,0,0,0,0,55,0,0,95,34.431,0.14423,188.89,112.18,0.46989,125.99
0.24,20.14,18.83,1.1462,0,0,0,0,0,55,0,0,95,34.431,0.14423,188.89,112.18,0.46989,125.99
0.24,20.14,18.83,1.1477,0,0,0,0,0,55,0,0,95,34.431,0.14423,188.89,112.18,0.46989,125.99
0.24,20.14,18.83,1.1494,0,0,0,0,0,55,0,0,95,34.431,0.14423,188.89,112.18,0.46989,125.99
0.24,20.38,19.07,1.1509,0,0,0,0,0,55,0,0,95,34.824,0.14587,188.74,112.04,0.46932,125.2
0.24,20.38,19.07,1.1522,0,0,0,0,0,55,0,0,95,34.824,0.14587,188.74,112.04,0.46932,125.2
0.24,20.38,19.07,1.1536,0,0,0,0,0,55,0,0,95,34.824,0.14587,188.74,112.04,0.46932,125.2
0.24,20.38,19.07,1.1549,0,0,0,0,0,55,0,0,95,34.824,0.14587,188.74,112.04,0.46932,125.2
0.24,20.38,19.07,1.1563,0,0,0,0,0,55,0,0,95,34.824,0.14587,188.74,112.04,0.46932,125.2
0.24,20.38,19.07,1.1578,0,0,0,0,0,55,0,0,95,34.824,0.14587,188.74,112.04,0.46932,125.2
0.24,20.38,19.07,1.1592,0,0,0,0,0,55,0,0,95,34.824,0.14587,188.74,112.04,0.46932,125.2
0.24,20.38,19.07,1.1608,0,0,0,0,0,55,0,0,95,34.824,0.14587,188.74,112.04,0.46932,125.2
0.24,20.38,19.07,1.1622,0,0,0,0,0,55,0,0,95,34.824,0.14587,188.74,112.04,0.46932,125.2
0.24,20.38,19.07,1.1636,0,0,0,0,0,55,0,0,95,34.824,0.14587,188.74,112.04,0.46932,125.2
0.24,20.38,19.07,1.1652,0,0,0,0,0,55,0,0,95,34.824,0.14587,188.74,112.04,0.46932,125.2
0.24,20.38,19.07,1.167,0,0,0,0,0,55,0,0,95,34.824,0.14587,188.74,112.04,0.46932,125.2
0.24,20.38,20.27,1.1687,0,0,0,0,0,55,0,0,95,34.824,0.14587,188.74,110.69,0.46368,123.6
0.24,20.38,20.27,1.1705,0,0,0,0,0,55,0,0,95,34.824,0.14587,188.74,110.69,0.46368,123.6
0.24,20.38,20.27,1.1719,0,0,0,0,0,55,0,0,95,34.824,0.14587,188.74,110.69,0.46368,123.6
0.24,20.38,20.27,1.1734,0,0,0,0,0,55,0,0,95,34.824,0.14587,188.74,110.69,0.46368,123.6
0.24,20.38,20.27,1.175,0,0,0,0,0,55,0,0,95,34.824,0.14587,188.74,110.69,0.46368,123.6
0.24,20.38,20.27,1.1764,0,0,0,0,0,55,0,0,95,34.824,0.14587,188.74,110.69,0.46368,123.6
0.24,20.38,20.27,1.1787,0,0,0,0,0,55,0,0,95,34.824,0.14587,188.74,110.69,0.46368,123.6
0.24,20.38,20.27,1.1801,0,0,0,0,0,55,0,0,95,34.824,0.14587,188.74,110.69,0.46368,123.6
0.24,20.38,20.27,1.1816,0,0,0,0,0,55,0,0,95,34.824,0.14587,188.74,110.69,0.46368,123.6
0.24,20.38,20.27,1.183,0,0,0,0,0,55,0,0,95,34.824,0.14587,188.74,110.69,0.46368,123.6
0.24,21.1,19.79,1.1844,0,0,0,0,0,55,0,0,95,35.999,0.15079,188.3,111.6,0.46745,122.83
0.24,21.1,19.79,1.186,0,0,0,0,0,55,0,0,95,35.999,0.15079,188.3,111.6,0.46745,122.83
0.24,21.1,19.79,1.1878,0,0,0,0,0,55,0,0,95,35.999,0.15079,188.3,111.6,0.46745,122.83
0.24,21.1,19.79,1.1897,0,0,0,0,0,55,0,0,95,35.999,0.15079,188.3,111.6,0.46745,122.83
0.24,21.1,19.79,1.1912,0,0,0,0,0,55,0,0,95,35.999,0.15079,188.3,111.6,0.46745,122.83
0.24,21.1,19.79,1.1927,0,0,0,0,0,55,0,0,95,35.999,0.15079,188.3,111.6,0.46745,122.83
0.24,21.1,19.79,1.1944,0,0,0,0,0,55,0,0,95,35.999,0.15079,188.3,111.6,0.46745,122.83
0.24,21.1,19.79,1.1959,0,0,0,0,0,55,0,0,95,35.999,0.15079,188.3,111.6,0.46745,122.83
0.24,21.1,19.79,1.1973,0,0,0,0,0,55,0,0,95,35.999,0.15079,188.3,111.6,0.46745,122.83
0.24,21.58,19.79,1.1987,0,0,0,0,0,55,0,0,95,36.78,0.15406,187.99,111.82,0.46841,121.9
0.24,21.58,19.79,1.2002,0,0,0,0,0,55,0,0,95,36.78,0.15406,187.99,111.82,0.46841,121.9
0.24,21.58,19.79,1.2018,0,0,0,0,0,55,0,0,95,36.78,0.15406,187.99,111.82,0.46841,121.9
0.24,21.58,19.79,1.2032,0,0,0,0,0,55,0,0,95,36.78,0.15406,187.99,111.82,0.46841,121.9
0.24,21.58,19.79,1.2049,0,0,0,0,0,55,0,0,95,36.78,0.15406,187.99,111.82,0.46841,121.9
0.24,21.58,19.79,1.2065,0,0,0,0,0,55,0,0,95,36.78,0.15406,187.99,111.82,0.46841,121.9
0.24,21.58,19.79,1.2079,0,0,0,0,0,55,0,0,95,36.78,0.15406,187.99,111.82,0.46841,121.9
0.24,21.58,19.79,1.2094,0,0,0,0,0,55,0,0,95,36.78,0.15406,187.99,111.82,0.46841,121.9
0.24,21.58,19.79,1.2109,0,0,0,0,0,55,0,0,95,36.78,0.15406,187.99,111.82,0.46841,121.9
0.24,21.58,19.79,1.2124,0,0,0,0,0,55,0,0,95,36.78,0.15406,187.99,111.82,0.46841,121.9
0.24,21.58,19.79,1.2151,0,0,0,0,0,55,0,0,95,36.78,0.15406,187.99,111.82,0.46841,121.9
0.24,21.82,19.79,1.2172,0,0,0,0,0,55,0,0,95,37.169,0.15569,187.84,111.94,0.46888,121.43
0.24,21.82,19.79,1.2188,0,0,0,0,0,55,0,0,95,37.169,0.15569,187.84,111.94,0.46888,121.43
0.24,21.82,19.79,1.2212,0,0,0,0,0,55,0,0,95,37.169,0.15569,187.84,111.94,0.46888,121.43
0.24,21.82,19.79,1.2227,0,0,0,0,0,55,0,0,95,37.169,0.15569,187.84,111.94,0.46888,121.43
0.24,21.82,19.79,1.2243,0,0,0,0,0,55,0,0,95,37.169,0.15569,187.84,111.94,0.46888,121.43
0.24,21.82,19.79,1.2256,0,0,0,0,0,55,0,0,95,37.169,0.15569,187.84,111.94,0.46888,121.43
0.24,21.82,19.79,1.2269,0,0,0,0,0,55,0,0,95,37.169,0.15569,187.84,111.94,0.46888,121.43
0.24,21.82,19.79,1.2282,0,0,0,0,0,55,0,0,95,37.169,0.15569,187.84,111.94,0.46888,121.43
0.24,22.3,20.03,1.2297,0,0,0,0,0,55,0,0,95,37.945,0.15895,187.52,111.87,0.46861,120.18
0.24,22.3,20.03,1.231,0,0,0,0,0,55,0,0,95,37.945,0.15895,187.52,111.87,0.46861,120.18
0.24,22.3,20.03,1.2326,0,0,0,0,0,55,0,0,95,37.945,0.15895,187.52,111.87,0.46861,120.18
0.24,22.3,20.03,1.2343,0,0,0,0,0,55,0,0,95,37.945,0.15895,187.52,111.87,0.46861,120.18
0.24,22.3,20.03,1.236,0,0,0,0,0,55,0,0,95,37.945,0.15895,187.52,111.87,0.46861,120.18
0.24,22.3,20.03,1.2385,0,0,0,0,0,55,0,0,95,37.945,0.15895,187.52,111.87,0.46861,120.18
0.24,22.3,20.03,1.2413,0,0,0,0,0,55,0,0,95,37.945,0.15895,187.52,111.87,0.46861,120.18
0.24,22.3,20.03,1.2442,0,0,0,0,0,55,0,0,95,37.945,0.15895,187.52,111.87,0.46861,120.18
0.24,22.3,20.03,1.2471,0,0,0,0,0,55,0,0,95,37.945,0.15895,187.52,111.87,0.46861,120.18
0.24,22.3,20.51,1.2491,0,0,0,0,0,55,0,0,95,37.945,0.15895,187.52,111.31,0.46624,119.56
0.24,22.3,20.51,1.2505,0,0,0,0,0,55,0,0,95,37.945,0.15895,187.52,111.31,0.46624,119.56
0.24,22.3,20.51,1.2524,0,0,0,0,0,55,0,0,95,37.945,0.15895,187.52,111.31,0.46624,119.56
0.24,22.3,20.51,1.2549,0,0,0,0,0,55,0,0,95,37.945,0.15895,187.52,111.31,0.46624,119.56
0.24,22.3,20.51,1.2576,0,0,0,0,0,55,0,0,95,37.945,0.15895,187.52,111.31,0.46624,119.56
0.24,22.3,20.51,1.2611,0,0,0,0,0,55,0,0,95,37.945,0.15895,187.52,111.31,0.46624,119.56
0.24,22.3,20.51,1.2628,0,0,0,0,0,55,0,0,95,37.945,0.15895,187.52,111.31,0.46624,119.56
0.24,22.54,21.23,1.2648,0,0,0,0,0,55,0,0,95,38.332,0.16057,187.36,110.54,0.46305,118.18
0.24,22.54,21.23,1.2667,0,0,0,0,0,55,0,0,95,38.332,0.16057,187.36,110.54,0.46305,118.18
0.24,22.54,21.23,1.2683,0,0,0,0,0,55,0,0,95,38.332,0.16057,187.36,110.54,0.46305,118.18
0.24,22.54,21.23,1.2698,0,0,0,0,0,55,0,0,95,38.332,0.16057,187.36,110.54,0.46305,118.18
0.24,22.54,21.23,1.2712,0,0,0,0,0,55,0,0,95,38.332,0.16057,187.36,110.54,0.46305,118.18
0.24,22.54,21.23,1.2727,0,0,0,0,0,55,0,0,95,38.332,0.16057,187.36,110.54,0.46305,118.18
0.24,22.54,21.23,1.2741,0,0,0,0,0,55,0,0,95,38.332,0.16057,187.36,110.54,0.46305,118.18
0.24,22.54,21.23,1.2757,0,0,0,0,0,55,0,0,95,38.332,0.16057,187.36,110.54,0.46305,118.18
0.24,22.54,21.23,1.2774,0,0,0,0,0,55,0,0,95,38.332,0.16057,187.36,110.54,0.46305,118.18
0.24,22.54,21.23,1.2791,0,0,0,0,0,55,0,0,95,38.332,0.16057,187.36,110.54,0.46305,118.18
0.24,22.78,21.23,1.2807,0,0,0,0,0,55,0,0,95,38.719,0.16219,187.2,110.64,0.46345,117.72
0.24,22.78,21.23,1.2823,0,0,0,0,0,55,0,0,95,38.719,0.16219,187.2,110.64,0.46345,117.72
0.24,22.78,21.23,1.2839,0,0,0,0,0,55,0,0,95,38.719,0.16219,187.2,110.64,0.46345,117.72
0.24,22.78,21.23,1.2857,0,0,0,0,0,55,0,0,95,38.719,0.16219,187.2,110.64,0.46345,117.72
0.24,22.78,21.23,1.2872,0,0,0,0,0,55,0,0,95,38.719,0.16219,187.2,110.64,0.46345,117.72
0.24,22.78,21.23,1.2886,0,0,0,0,0,55,0,0,95,38.719,0.16219,187.2,110.64,0.46345,117.72
0.24,22.78,21.23,1.2901,0,0,0,0,0,55,0,0,95,38.719,0.16219,187.2,110.64,0.46345,117.72
0.24,22.78,21.23,1.2915,0,0,0,0,0,55,0,0,95,38.719,0.16219,187.2,110.64,0.46345,117.72
0.24,22.78,21.23,1.2931,0,0,0,0,0,55,0,0,95,38.719,0.16219,187.2,110.64,0.46345,117.72
0.24,22.78,21.23,1.2944,0,0,0,0,0,55,0,0,95,38.719,0.16219,187.2,110.64,0.46345,117.72
0.24,23.26,21.47,1.2959,0,0,0,0,0,55,0,0,95,39.49,0.16542,186.87,110.53,0.463,116.5
0.24,23.26,21.47,1.2982,0,0,0,0,0,55,0,0,95,39.49,0.16542,186.87,110.53,0.463,116.5
0.24,23.26,21.47,1.3003,0,0,0,0,0,55,0,0,95,39.49,0.16542,186.87,110.53,0.463,116.5
0.24,23.26,21.47,1.3022,0,0,0,0,0,55,0,0,95,39.49,0.16542,186.87,110.53,0.463,116.5
0.24,23.26,21.47,1.3037,0,0,0,0,0,55,0,0,95,39.49,0.16542,186.87,110.53,0.463,116.5
0.24,23.26,21.47,1.3055,0,0,0,0,0,55,0,0,95,39.49,0.16542,186.87,110.53,0.463,116.5
0.24,23.26,21.47,1.3072,0,0,0,0,0,55,0,0,95,39.49,0.16542,186.87,110.53,0.463,116.5
0.24,23.26,21.47,1.3089,0,0,0,0,0,55,0,0,95,39.49,0.16542,186.87,110.53,0.463,116.5
0.24,23.26,21.47,1.3106,0,0,0,0,0,55,0,0,95,39.49,0.16542,186.87,110.53,0.463,116.5
0.24,23.74,21.95,1.3121,0,0,0,0,0,55,0,0,95,40.258,0.16863,186.54,110.11,0.46124,114.98
0.24,23.74,21.95,1.3135,0,0,0,0,0,55,0,0,95,40.258,0.16863,186.54,110.11,0.46124,114.98
0.24,23.74,21.95,1.315,0,0,0,0,0,55,0,0,95,40.258,0.16863,186.54,110.11,0.46124,114.98
0.24,23.74,21.95,1.3164,0,0,0,0,0,55,0,0,95,40.258,0.16863,186.54,110.11,0.46124,114.98
0.24,23.74,21.95,1.3178,0,0,0,0,0,55,0,0,95,40.258,0.16863,186.54,110.11,0.46124,114.98
0.24,23.74,21.95,1.3193,0,0,0,0,0,55,0,0,95,40.258,0.16863,186.54,110.11,0.46124,114.98
0.24,23.74,21.95,1.3207,0,0,0,0,0,55,0,0,95,40.258,0.16863,186.54,110.11,0.46124,114.98
0.24,23.74,21.95,1.3223,0,0,0,0,0,55,0,0,95,40.258,0.16863,186.54,110.11,0.46124,114.98
0.24,23.74,21.95,1.324,0,0,0,0,0,55,0,0,95,40.258,0.16863,186.54,110.11,0.46124,114.98
0.24,23.74,21.95,1.3257,0,0,0,0,0,55,0,0,95,40.258,0.16863,186.54,110.11,0.46124,114.98
0.24,23.74,21.95,1.3274,0,0,0,0,0,55,0,0,95,40.258,0.16863,186.54,110.11,0.46124,114.98
0.24,23.74,22.43,1.3292,0,0,0,0,0,55,0,0,95,40.258,0.16863,186.54,109.51,0.45872,114.4
0.24,23.74,22.43,1.3328,0,0,0,0,0,55,0,0,95,40.258,0.16863,186.54,109.51,0.45872,114.4
0.24,23.74,22.43,1.3347,0,0,0,0,0,55,0,0,95,40.258,0.16863,186.54,109.51,0.45872,114.4
0.24,23.74,22.43,1.3364,0,0,0,0,0,55,0,0,95,40.258,0.16863,186.54,109.51,0.45872,114.4
0.24,23.74,22.43,1.3395,0,0,0,0,0,55,0,0,95,40.258,0.16863,186.54,109.51,0.45872,114.4
0.24,23.74,22.43,1.3418,0,0,0,0,0,55,0,0,95,40.258,0.16863,186.54,109.51,0.45872,114.4
0.24,23.74,22.43,1.3433,0,0,0,0,0,55,0,0,95,40.258,0.16863,186.54,109.51,0.45872,114.4
0.24,24.46,22.67,1.3447,0,0,0,0,0,55,0,0,95,41.405,0.17344,186.03,109.44,0.45842,112.74
0.24,24.46,22.67,1.346,0,0,0,0,0,55,0,0,95,41.405,0.17344,186.03,109.44,0.45842,112.74
0.24,24.46,22.67,1.3474,0,0,0,0,0,55,0,0,95,41.405,0.17344,186.03,109.44,0.45842,112.74
0.24,24.46,22.67,1.3488,0,0,0,0,0,55,0,0,95,41.405,0.17344,186.03,109.44,0.45842,112.74
0.24,24.46,22.67,1.3509,0,0,0,0,0,55,0,0,95,41.405,0.17344,186.03,109.44,0.45842,112.74
0.24,24.46,22.67,1.3531,0,0,0,0,0,55,0,0,95,41.405,0.17344,186.03,109.44,0.45842,112.74
0.24,24.46,22.67,1.3548,0,0,0,0,0,55,0,0,95,41.405,0.17344,186.03,109.44,0.45842,112.74
0.24,24.46,22.67,1.3564,0,0,0,0,0,55,0,0,95,41.405,0.17344,186.03,109.44,0.45842,112.74
0.24,24.46,22.67,1.358,0,0,0,0,0,55,0,0,95,41.405,0.17344,186.03,109.44,0.45842,112.74
0.24,24.46,22.67,1.3597,0,0,0,0,0,55,0,0,95,41.405,0.17344,186.03,109.44,0.45842,112.74
0.24,24.46,22.67,1.3616,0,0,0,0,0,55,0,0,95,41.405,0.17344,186.03,109.44,0.45842,112.74
0.24,24.94,22.67,1.3632,0,0,0,0,0,55,0,0,95,42.167,0.17663,185.67,109.58,0.45902,111.82
0.24,24.94,22.67,1.3646,0,0,0,0,0,55,0,0,95,42.167,0.17663,185.67,109.58,0.45902,111.82
0.24,24.94,22.67,1.3666,0,0,0,0,0,55,0,0,95,42.167,0.17663,185.67,109.58,0.45902,111.82
0.24,24.94,22.67,1.368,0,0,0,0,0,55,0,0,95,42.167,0.17663,185.67,109.58,0.45902,111.82
0.24,24.94,22.67,1.3695,0,0,0,0,0,55,0,0,95,42.167,0.17663,185.67,109.58,0.45902,111.82
0.24,24.94,22.67,1.3712,0,0,0,0,0,55,0,0,95,42.167,0.17663,185.67,109.58,0.45902,111.82
0.24,24.94,22.67,1.3726,0,0,0,0,0,55,0,0,95,42.167,0.17663,185.67,109.58,0.45902,111.82
0.24,24.94,22.67,1.3741,0,0,0,0,0,55,0,0,95,42.167,0.17663,185.67,109.58,0.45902,111.82
0.24,25.18,23.15,1.3759,0,0,0,0,0,55,0,0,95,42.546,0.17822,185.5,109.03,0.4567,110.8
0.24,25.18,23.15,1.3817,0,0,0,0,0,55,0,0,95,42.546,0.17822,185.5,109.03,0.4567,110.8
0.24,25.18,23.15,1.3845,0,0,0,0,0,55,0,0,95,42.546,0.17822,185.5,109.03,0.4567,110.8
0.24,25.18,23.15,1.3875,0,0,0,0,0,55,0,0,95,42.546,0.17822,185.5,109.03,0.4567,110.8
0.24,25.18,23.15,1.3909,0,0,0,0,0,55,0,0,95,42.546,0.17822,185.5,109.03,0.4567,110.8
0.24,25.18,23.87,1.3935,0,0,0,0,0,55,0,0,95,42.546,0.17822,185.5,108.09,0.45275,109.97
0.24,25.18,23.87,1.3952,0,0,0,0,0,55,0,0,95,42.546,0.17822,185.5,108.09,0.45275,109.97
0.24,25.18,23.87,1.397,0,0,0,0,0,55,0,0,95,42.546,0.17822,185.5,108.09,0.45275,109.97
0.24,25.18,23.87,1.3988,0,0,0,0,0,55,0,0,95,42.546,0.17822,185.5,108.09,0.45275,109.97
0.24,25.18,23.87,1.4003,0,0,0,0,0,55,0,0,95,42.546,0.17822,185.5,108.09,0.45275,109.97
0.24,25.18,23.87,1.4018,0,0,0,0,0,55,0,0,95,42.546,0.17822,185.5,108.09,0.45275,109.97
0.24,25.18,23.87,1.4033,0,0,0,0,0,55,0,0,95,42.546,0.17822,185.5,108.09,0.45275,109.97
0.24,25.18,23.87,1.4048,0,0,0,0,0,55,0,0,95,42.546,0.17822,185.5,108.09,0.45275,109.97
0.24,25.18,23.87,1.4064,0,0,0,0,0,55,0,0,95,42.546,0.17822,185.5,108.09,0.45275,109.97
0.24,25.42,24.11,1.4081,0,0,0,0,0,55,0,0,95,42.925,0.1798,185.32,107.83,0.45168,109.24
0.24,25.42,24.11,1.4095,0,0,0,0,0,55,0,0,95,42.925,0.1798,185.32,107.83,0.45168,109.24
0.24,25.42,24.11,1.4111,0,0,0,0,0,55,0,0,95,42.925,0.1798,185.32,107.83,0.45168,109.24
0.24,25.42,24.11,1.4127,0,0,0,0,0,55,0,0,95,42.925,0.1798,185.32,107.83,0.45168,109.24
0.24,25.42,24.11,1.4143,0,0,0,0,0,55,0,0,95,42.925,0.1798,185.32,107.83,0.45168,109.24
0.24,25.42,24.11,1.4158,0,0,0,0,0,55,0,0,95,42.925,0.1798,185.32,107.83,0.45168,109.24
0.24,25.42,24.11,1.4176,0,0,0,0,0,55,0,0,95,42.925,0.1798,185.32,107.83,0.45168,109.24
0.24,25.42,24.11,1.4191,0,0,0,0,0,55,0,0,95,42.925,0.1798,185.32,107.83,0.45168,109.24
0.24,25.42,24.11,1.4204,0,0,0,0,0,55,0,0,95,42.925,0.1798,185.32,107.83,0.45168,109.24
0.24,25.42,24.11,1.4219,0,0,0,0,0,55,0,0,95,42.925,0.1798,185.32,107.83,0.45168,109.24
0.24,25.42,24.11,1.4231,0,0,0,0,0,55,0,0,95,42.925,0.1798,185.32,107.83,0.45168,109.24
0.24,26.14,24.35,1.4257,0,0,0,0,0,55,0,0,95,44.056,0.18454,184.77,107.68,0.45104,107.62
0.24,26.14,24.35,1.4277,0,0,0,0,0,55,0,0,95,44.056,0.18454,184.77,107.68,0.45104,107.62
0.24,26.14,24.35,1.4293,0,0,0,0,0,55,0,0,95,44.056,0.18454,184.77,107.68,0.45104,107.62
0.24,26.14,24.35,1.4308,0,0,0,0,0,55,0,0,95,44.056,0.18454,184.77,107.68,0.45104,107.62
0.24,26.14,24.35,1.4326,0,0,0,0,0,55,0,0,95,44.056,0.18454,184.77,107.68,0.45104,107.62
0.24,26.14,24.35,1.4341,0,0,0,0,0,55,0,0,95,44.056,0.18454,184.77,107.68,0.45104,107.62
0.24,26.14,24.35,1.4354,0,0,0,0,0,55,0,0,95,44.056,0.18454,184.77,107.68,0.45104,107.62
0.24,26.14,24.35,1.437,0,0,0,0,0,55,0,0,95,44.056,0.18454,184.77,107.68,0.45104,107.62
0.24,26.14,24.35,1.4385,0,0,0,0,0,55,0,0,95,44.056,0.18454,184.77,107.68,0.45104,107.62
0.24,26.38,24.83,1.4401,0,0,0,0,0,55,0,0,95,44.432,0.18612,184.59,107.08,0.44853,106.64
0.24,26.38,24.83,1.4473,0,0,0,0,0,55,0,0,95,44.432,0.18612,184.59,107.08,0.44853,106.64
0.24,26.38,24.83,1.449,0,0,0,0,0,55,0,0,95,44.432,0.18612,184.59,107.08,0.44853,106.64
0.24,26.38,24.83,1.4515,0,0,0,0,0,55,0,0,95,44.432,0.18612,184.59,107.08,0.44853,106.64
0.24,26.38,24.83,1.4543,0,0,0,0,0,55,0,0,95,44.432,0.18612,184.59,107.08,0.44853,106.64
0.24,26.62,25.31,1.4572,0,0,0,0,0,55,0,0,95,44.807,0.18769,184.4,106.47,0.44598,105.67
0.24,26.62,25.31,1.4599,0,0,0,0,0,55,0,0,95,44.807,0.18769,184.4,106.47,0.44598,105.67
0.24,26.62,25.31,1.4616,0,0,0,0,0,55,0,0,95,44.807,0.18769,184.4,106.47,0.44598,105.67
0.24,26.62,25.31,1.4633,0,0,0,0,0,55,0,0,95,44.807,0.18769,184.4,106.47,0.44598,105.67
0.24,26.62,25.31,1.4647,0,0,0,0,0,55,0,0,95,44.807,0.18769,184.4,106.47,0.44598,105.67
0.24,26.62,25.31,1.4672,0,0,0,0,0,55,0,0,95,44.807,0.18769,184.4,106.47,0.44598,105.67
0.24,26.62,25.31,1.4689,0,0,0,0,0,55,0,0,95,44.807,0.18769,184.4,106.47,0.44598,105.67
0.24,26.62,25.31,1.4707,0,0,0,0,0,55,0,0,95,44.807,0.18769,184.4,106.47,0.44598,105.67
0.24,26.62,25.31,1.4726,0,0,0,0,0,55,0,0,95,44.807,0.18769,184.4,106.47,0.44598,105.67
0.24,26.86,25.31,1.4777,0,0,0,0,0,55,0,0,95,45.181,0.18925,184.21,106.51,0.44616,105.23
0.24,26.86,25.31,1.4792,0,0,0,0,0,55,0,0,95,45.181,0.18925,184.21,106.51,0.44616,105.23
0.24,26.86,25.31,1.4805,0,0,0,0,0,55,0,0,95,45.181,0.18925,184.21,106.51,0.44616,105.23
0.24,26.86,25.31,1.484,0,0,0,0,0,55,0,0,95,45.181,0.18925,184.21,106.51,0.44616,105.23
0.24,26.86,25.31,1.4863,0,0,0,0,0,55,0,0,95,45.181,0.18925,184.21,106.51,0.44616,105.23
0.24,27.82,25.79,1.4898,0,0,0,0,0,55,0,0,95,46.669,0.19549,183.44,106,0.444,102.94
0.24,27.82,25.79,1.4921,0,0,0,0,0,55,0,0,95,46.669,0.19549,183.44,106,0.444,102.94
0.24,27.82,25.79,1.4937,0,0,0,0,0,55,0,0,95,46.669,0.19549,183.44,106,0.444,102.94
0.24,27.82,25.79,1.4952,0,0,0,0,0,55,0,0,95,46.669,0.19549,183.44,106,0.444,102.94
0.24,27.82,25.79,1.4969,0,0,0,0,0,55,0,0,95,46.669,0.19549,183.44,106,0.444,102.94
0.24,27.82,25.79,1.4991,0,0,0,0,0,55,0,0,95,46.669,0.19549,183.44,106,0.444,102.94
0.24,27.82,25.79,1.5009,0,0,0,0,0,55,0,0,95,46.669,0.19549,183.44,106,0.444,102.94
0.24,27.82,25.79,1.5024,0,0,0,0,0,55,0,0,95,46.669,0.19549,183.44,106,0.444,102.94
0.24,28.06,26.03,1.5038,0,0,0,0,0,55,0,0,95,47.039,0.19704,183.25,105.69,0.44272,102.25
0.24,28.06,26.03,1.5052,0,0,0,0,0,55,0,0,95,47.039,0.19704,183.25,105.69,0.44272,102.25
0.24,28.06,26.03,1.5067,0,0,0,0,0,55,0,0,95,47.039,0.19704,183.25,105.69,0.44272,102.25
0.24,28.06,26.03,1.5086,0,0,0,0,0,55,0,0,95,47.039,0.19704,183.25,105.69,0.44272,102.25
0.24,28.06,26.03,1.5101,0,0,0,0,0,55,0,0,95,47.039,0.19704,183.25,105.69,0.44272,102.25
0.24,28.06,26.03,1.5115,0,0,0,0,0,55,0,0,95,47.039,0.19704,183.25,105.69,0.44272,102.25
0.24,28.06,26.03,1.5128,0,0,0,0,0,55,0,0,95,47.039,0.19704,183.25,105.69,0.44272,102.25
0.24,28.06,26.03,1.5144,0,0,0,0,0,55,0,0,95,47.039,0.19704,183.25,105.69,0.44272,102.25
0.24,28.06,26.03,1.5162,0,0,0,0,0,55,0,0,95,47.039,0.19704,183.25,105.69,0.44272,102.25
0.24,28.06,26.03,1.5185,0,0,0,0,0,55,0,0,95,47.039,0.19704,183.25,105.69,0.44272,102.25
0.24,28.06,26.51,1.5216,0,0,0,0,0,55,0,0,95,47.039,0.19704,183.25,105.01,0.43987,101.76
0.24,28.06,26.51,1.5231,0,0,0,0,0,55,0,0,95,47.039,0.19704,183.25,105.01,0.43987,101.76
0.24,28.06,26.51,1.5247,0,0,0,0,0,55,0,0,95,47.039,0.19704,183.25,105.01,0.43987,101.76
0.24,28.06,26.51,1.5262,0,0,0,0,0,55,0,0,95,47.039,0.19704,183.25,105.01,0.43987,101.76
0.24,28.06,26.51,1.5274,0,0,0,0,0,55,0,0,95,47.039,0.19704,183.25,105.01,0.43987,101.76
0.24,28.06,26.51,1.5289,0,0,0,0,0,55,0,0,95,47.039,0.19704,183.25,105.01,0.43987,101.76
0.24,28.06,26.51,1.5304,0,0,0,0,0,55,0,0,95,47.039,0.19704,183.25,105.01,0.43987,101.76
0.24,28.06,26.51,1.5319,0,0,0,0,0,55,0,0,95,47.039,0.19704,183.25,105.01,0.43987,101.76
0.24,28.06,26.51,1.5337,0,0,0,0,0,55,0,0,95,47.039,0.19704,183.25,105.01,0.43987,101.76
0.24,28.06,26.51,1.5353,0,0,0,0,0,55,0,0,95,47.039,0.19704,183.25,105.01,0.43987,101.76
0,28.3,26.51,1.5368,0,0,0,0,0,55,0,0,95,47.409,0,183.05,105.04,0,101.32
0,28.3,26.51,1.5385,0,0,0,0,0,55,0,0,95,47.409,0,183.05,105.04,0,101.32
0,28.3,26.51,1.5402,0,0,0,0,0,55,0,0,95,47.409,0,183.05,105.04,0,101.32
0,28.3,26.51,1.5419,0,0,0,0,0,55,0,0,95,47.409,0,183.05,105.04,0,101.32
0,28.3,26.51,1.5437,0,0,0,0,0,55,0,0,95,47.409,0,183.05,105.04,0,101.32
0,28.3,26.51,1.5451,0,0,0,0,0,55,0,0,95,47.409,0,183.05,105.04,0,101.32
0,28.3,26.51,1.5469,0,0,0,0,0,55,0,0,95,47.409,0,183.05,105.04,0,101.32
0,28.3,26.51,1.5484,0,0,0,0,0,55,0,0,95,47.409,0,183.05,105.04,0,101.32
0,28.3,26.51,1.5502,0,0,0,0,0,55,0,0,95,47.409,0,183.05,105.04,0,101.32
0.24,28.78,26.99,1.5518,0,0,0,0,0,55,0,0,95,48.144,0.20167,182.65,104.4,0.43729,99.969
0.24,28.78,26.99,1.5532,0,0,0,0,0,55,0,0,95,48.144,0.20167,182.65,104.4,0.43729,99.969
0.24,28.78,26.99,1.5546,0,0,0,0,0,55,0,0,95,48.144,0.20167,182.65,104.4,0.43729,99.969
0.24,28.78,26.99,1.556,0,0,0,0,0,55,0,0,95,48.144,0.20167,182.65,104.4,0.43729,99.969
0.24,28.78,26.99,1.5591,0,0,0,0,0,55,0,0,95,48.144,0.20167,182.65,104.4,0.43729,99.969
0.24,28.78,26.99,1.5608,0,0,0,0,0,55,0,0,95,48.144,0.20167,182.65,104.4,0.43729,99.969
0.24,28.78,26.99,1.5624,0,0,0,0,0,55,0,0,95,48.144,0.20167,182.65,104.4,0.43729,99.969
0.24,28.78,26.99,1.5644,0,0,0,0,0,55,0,0,95,48.144,0.20167,182.65,104.4,0.43729,99.969
0.24,28.78,26.99,1.5663,0,0,0,0,0,55,0,0,95,48.144,0.20167,182.65,104.4,0.43729,99.969
0.24,28.78,26.99,1.5682,0,0,0,0,0,55,0,0,95,48.144,0.20167,182.65,104.4,0.43729,99.969
0.24,29.02,27.71,1.57,0,0,0,0,0,55,0,0,95,48.511,0.2032,182.45,103.37,0.43299,98.836
0.24,29.02,27.71,1.5713,0,0,0,0,0,55,0,0,95,48.511,0.2032,182.45,103.37,0.43299,98.836
0.24,29.02,27.71,1.5726,0,0,0,0,0,55,0,0,95,48.511,0.2032,182.45,103.37,0.43299,98.836
0.24,29.02,27.71,1.5748,0,0,0,0,0,55,0,0,95,48.511,0.2032,182.45,103.37,0.43299,98.836
0.24,29.02,27.71,1.5765,0,0,0,0,0,55,0,0,95,48.511,0.2032,182.45,103.37,0.43299,98.836
0.24,29.02,27.71,1.5783,0,0,0,0,0,55,0,0,95,48.511,0.2032,182.45,103.37,0.43299,98.836
0.24,29.02,27.71,1.58,0,0,0,0,0,55,0,0,95,48.511,0.2032,182.45,103.37,0.43299,98.836
0.24,29.02,27.71,1.5816,0,0,0,0,0,55,0,0,95,48.511,0.2032,182.45,103.37,0.43299,98.836
0.24,29.02,27.71,1.5841,0,0,0,0,0,55,0,0,95,48.511,0.2032,182.45,103.37,0.43299,98.836
0.24,29.5,27.95,1.5861,0,0,0,0,0,55,0,0,95,49.242,0.20627,182.04,103.04,0.43164,97.743
0.24,29.5,27.95,1.588,0,0,0,0,0,55,0,0,95,49.242,0.20627,182.04,103.04,0.43164,97.743
0.24,29.5,27.95,1.59,0,0,0,0,0,55,0,0,95,49.242,0.20627,182.04,103.04,0.43164,97.743
0.24,29.5,27.95,1.5916,0,0,0,0,0,55,0,0,95,49.242,0.20627,182.04,103.04,0.43164,97.743
0.24,29.5,27.95,1.5929,0,0,0,0,0,55,0,0,95,49.242,0.20627,182.04,103.04,0.43164,97.743
0.24,29.5,27.95,1.5943,0,0,0,0,0,55,0,0,95,49.242,0.20627,182.04,103.04,0.43164,97.743
0.24,29.5,27.95,1.5955,0,0,0,0,0,55,0,0,95,49.242,0.20627,182.04,103.04,0.43164,97.743
0.24,29.5,27.95,1.597,0,0,0,0,0,55,0,0,95,49.242,0.20627,182.04,103.04,0.43164,97.743
0.24,29.5,27.95,1.6,0,0,0,0,0,55,0,0,95,49.242,0.20627,182.04,103.04,0.43164,97.743
0.24,29.74,27.95,1.6019,0,0,0,0,0,55,0,0,95,49.606,0.20779,181.83,103.06,0.43168,97.312
0.24,29.74,27.95,1.6036,0,0,0,0,0,55,0,0,95,49.606,0.20779,181.83,103.06,0.43168,97.312
0.24,29.74,27.95,1.6051,0,0,0,0,0,55,0,0,95,49.606,0.20779,181.83,103.06,0.43168,97.312
0.24,29.74,27.95,1.6066,0,0,0,0,0,55,0,0,95,49.606,0.20779,181.83,103.06,0.43168,97.312
0.24,29.74,27.95,1.6082,0,0,0,0,0,55,0,0,95,49.606,0.20779,181.83,103.06,0.43168,97.312
0.24,29.74,27.95,1.6098,0,0,0,0,0,55,0,0,95,49.606,0.20779,181.83,103.06,0.43168,97.312
0.24,29.74,27.95,1.6114,0,0,0,0,0,55,0,0,95,49.606,0.20779,181.83,103.06,0.43168,97.312
0.24,29.74,27.95,1.6131,0,0,0,0,0,55,0,0,95,49.606,0.20779,181.83,103.06,0.43168,97.312
0.24,29.74,27.95,1.6145,0,0,0,0,0,55,0,0,95,49.606,0.20779,181.83,103.06,0.43168,97.312
0.24,30.22,28.19,1.6159,0,0,0,0,0,55,0,0,95,50.332,0.21083,181.41,102.71,0.43025,96.228
0.24,30.22,28.19,1.6174,0,0,0,0,0,55,0,0,95,50.332,0.21083,181.41,102.71,0.43025,96.228
0.24,30.22,28.19,1.6189,0,0,0,0,0,55,0,0,95,50.332,0.21083,181.41,102.71,0.43025,96.228
0.24,30.22,28.19,1.6202,0,0,0,0,0,55,0,0,95,50.332,0.21083,181.41,102.71,0.43025,96.228
0.24,30.22,28.19,1.6216,0,0,0,0,0,55,0,0,95,50.332,0.21083,181.41,102.71,0.43025,96.228
0.24,30.22,28.19,1.6231,0,0,0,0,0,55,0,0,95,50.332,0.21083,181.41,102.71,0.43025,96.228
0.24,30.22,28.19,1.6244,0,0,0,0,0,55,0,0,95,50.332,0.21083,181.41,102.71,0.43025,96.228
0.24,30.22,28.19,1.6259,0,0,0,0,0,55,0,0,95,50.332,0.21083,181.41,102.71,0.43025,96.228
0.24,30.22,28.19,1.6274,0,0,0,0,0,55,0,0,95,50.332,0.21083,181.41,102.71,0.43025,96.228
0.24,30.22,28.19,1.6291,0,0,0,0,0,55,0,0,95,50.332,0.21083,181.41,102.71,0.43025,96.228
0.24,30.22,28.19,1.6311,0,0,0,0,0,55,0,0,95,50.332,0.21083,181.41,102.71,0.43025,96.228
0.24,30.46,28.43,1.6333,0,0,0,0,0,55,0,0,95,50.693,0.21234,181.2,102.36,0.42877,95.581
0.24,30.46,28.43,1.6357,0,0,0,0,0,55,0,0,95,50.693,0.21234,181.2,102.36,0.42877,95.581
0.24,30.46,28.43,1.638,0,0,0,0,0,55,0,0,95,50.693,0.21234,181.2,102.36,0.42877,95.581
0.24,30.46,28.43,1.6398,0,0,0,0,0,55,0,0,95,50.693,0.21234,181.2,102.36,0.42877,95.581
0.24,30.46,28.43,1.6411,0,0,0,0,0,55,0,0,95,50.693,0.21234,181.2,102.36,0.42877,95.581
0.24,30.46,28.43,1.6425,0,0,0,0,0,55,0,0,95,50.693,0.21234,181.2,102.36,0.42877,95.581
0.24,30.46,28.43,1.644,0,0,0,0,0,55,0,0,95,50.693,0.21234,181.2,102.36,0.42877,95.581
0.24,30.46,28.43,1.6455,0,0,0,0,0,55,0,0,95,50.693,0.21234,181.2,102.36,0.42877,95.581
0.24,30.46,28.43,1.6468,0,0,0,0,0,55,0,0,95,50.693,0.21234,181.2,102.36,0.42877,95.581
0.24,30.7,28.43,1.6483,0,0,0,0,0,55,0,0,95,51.054,0.21386,180.99,102.36,0.42878,95.152
0.24,30.7,28.43,1.6498,0,0,0,0,0,55,0,0,95,51.054,0.21386,180.99,102.36,0.42878,95.152
0.24,30.7,28.43,1.6513,0,0,0,0,0,55,0,0,95,51.054,0.21386,180.99,102.36,0.42878,95.152
0.24,30.7,28.43,1.6577,0,0,0,0,0,55,0,0,95,51.054,0.21386,180.99,102.36,0.42878,95.152
0.24,30.7,28.43,1.6686,0,0,0,0,0,55,0,0,95,51.054,0.21386,180.99,102.36,0.42878,95.152
0.24,30.7,29.15,1.6767,0,0,0,0,0,55,0,0,95,51.054,0.21386,180.99,101.28,0.42424,94.514
0.24,30.7,29.15,1.6824,0,0,0,0,0,55,0,0,95,51.054,0.21386,180.99,101.28,0.42424,94.514
0.24,31.18,29.63,1.6855,0,0,0,0,0,55,0,0,95,51.772,0.21686,180.55,100.54,0.42115,93.254
0.24,31.18,29.63,1.688,0,0,0,0,0,55,0,0,95,51.772,0.21686,180.55,100.54,0.42115,93.254
0.24,31.18,29.63,1.6899,0,0,0,0,0,55,0,0,95,51.772,0.21686,180.55,100.54,0.42115,93.254
0.24,31.18,29.63,1.6918,0,0,0,0,0,55,0,0,95,51.772,0.21686,180.55,100.54,0.42115,93.254
0.24,31.18,29.63,1.6937,0,0,0,0,0,55,0,0,95,51.772,0.21686,180.55,100.54,0.42115,93.254
0.24,31.18,29.63,1.6956,0,0,0,0,0,55,0,0,95,51.772,0.21686,180.55,100.54,0.42115,93.254
0.24,31.18,29.87,1.6977,0,0,0,0,0,55,0,0,95,51.772,0.21686,180.55,100.18,0.41962,93.05
0.24,31.18,29.87,1.6994,0,0,0,0,0,55,0,0,95,51.772,0.21686,180.55,100.18,0.41962,93.05
0.24,31.18,29.87,1.7013,0,0,0,0,0,55,0,0,95,51.772,0.21686,180.55,100.18,0.41962,93.05
0.24,31.18,29.87,1.7038,0,0,0,0,0,55,0,0,95,51.772,0.21686,180.55,100.18,0.41962,93.05
0.24,31.18,29.87,1.7055,0,0,0,0,0,55,0,0,95,51.772,0.21686,180.55,100.18,0.41962,93.05
0.24,31.18,29.87,1.7069,0,0,0,0,0,55,0,0,95,51.772,0.21686,180.55,100.18,0.41962,93.05
0.24,31.18,29.87,1.7082,0,0,0,0,0,55,0,0,95,51.772,0.21686,180.55,100.18,0.41962,93.05
0.24,31.18,29.87,1.7097,0,0,0,0,0,55,0,0,95,51.772,0.21686,180.55,100.18,0.41962,93.05
0.24,31.18,29.87,1.7113,0,0,0,0,0,55,0,0,95,51.772,0.21686,180.55,100.18,0.41962,93.05
0.24,31.66,30.35,1.7127,0,0,0,0,0,55,0,0,95,52.487,0.21986,180.12,99.419,0.41645,91.815
0.24,31.66,30.35,1.7143,0,0,0,0,0,55,0,0,95,52.487,0.21986,180.12,99.419,0.41645,91.815
0.24,31.66,30.35,1.7158,0,0,0,0,0,55,0,0,95,52.487,0.21986,180.12,99.419,0.41645,91.815
0.24,31.66,30.35,1.7176,0,0,0,0,0,55,0,0,95,52.487,0.21986,180.12,99.419,0.41645,91.815
0.24,31.66,30.35,1.7192,0,0,0,0,0,55,0,0,95,52.487,0.21986,180.12,99.419,0.41645,91.815
0.24,31.66,30.35,1.7206,0,0,0,0,0,55,0,0,95,52.487,0.21986,180.12,99.419,0.41645,91.815
0.24,31.66,30.35,1.7223,0,0,0,0,0,55,0,0,95,52.487,0.21986,180.12,99.419,0.41645,91.815
0.24,31.66,30.35,1.7243,0,0,0,0,0,55,0,0,95,52.487,0.21986,180.12,99.419,0.41645,91.815
0.24,31.66,30.35,1.7262,0,0,0,0,0,55,0,0,95,52.487,0.21986,180.12,99.419,0.41645,91.815
0.24,32.14,30.35,1.7279,0,0,0,0,0,55,0,0,95,53.199,0.22284,179.68,99.388,0.41632,90.982
0.24,32.14,30.35,1.7294,0,0,0,0,0,55,0,0,95,53.199,0.22284,179.68,99.388,0.41632,90.982
0.24,32.14,30.35,1.7308,0,0,0,0,0,55,0,0,95,53.199,0.22284,179.68,99.388,0.41632,90.982
0.24,32.14,30.35,1.7324,0,0,0,0,0,55,0,0,95,53.199,0.22284,179.68,99.388,0.41632,90.982
0.24,32.14,30.35,1.7339,0,0,0,0,0,55,0,0,95,53.199,0.22284,179.68,99.388,0.41632,90.982
0.24,32.14,30.35,1.7353,0,0,0,0,0,55,0,0,95,53.199,0.22284,179.68,99.388,0.41632,90.982
0.24,32.14,30.35,1.7367,0,0,0,0,0,55,0,0,95,53.199,0.22284,179.68,99.388,0.41632,90.982
0.24,32.14,30.35,1.7381,0,0,0,0,0,55,0,0,95,53.199,0.22284,179.68,99.388,0.41632,90.982
0.24,32.14,30.35,1.7408,0,0,0,0,0,55,0,0,95,53.199,0.22284,179.68,99.388,0.41632,90.982
0.24,32.14,30.35,1.7426,0,0,0,0,0,55,0,0,95,53.199,0.22284,179.68,99.388,0.41632,90.982
0.24,32.86,30.35,1.7442,0,0,0,0,0,55,0,0,95,54.258,0.22728,179,99.33,0.41608,89.733
0.24,32.86,30.35,1.7456,0,0,0,0,0,55,0,0,95,54.258,0.22728,179,99.33,0.41608,89.733
0.24,32.86,30.35,1.7471,0,0,0,0,0,55,0,0,95,54.258,0.22728,179,99.33,0.41608,89.733
0.24,32.86,30.35,1.7488,0,0,0,0,0,55,0,0,95,54.258,0.22728,179,99.33,0.41608,89.733
0.24,32.86,30.35,1.7506,0,0,0,0,0,55,0,0,95,54.258,0.22728,179,99.33,0.41608,89.733
0.24,32.86,30.35,1.7524,0,0,0,0,0,55,0,0,95,54.258,0.22728,179,99.33,0.41608,89.733
0.24,32.86,30.35,1.754,0,0,0,0,0,55,0,0,95,54.258,0.22728,179,99.33,0.41608,89.733
0.24,32.86,30.35,1.7555,0,0,0,0,0,55,0,0,95,54.258,0.22728,179,99.33,0.41608,89.733
0.24,32.86,30.35,1.757,0,0,0,0,0,55,0,0,95,54.258,0.22728,179,99.33,0.41608,89.733
0.24,32.86,30.35,1.7589,0,0,0,0,0,55,0,0,95,54.258,0.22728,179,99.33,0.41608,89.733
0.24,32.86,30.59,1.7605,0,0,0,0,0,55,0,0,95,54.258,0.22728,179,98.956,0.41451,89.545
0.24,32.86,30.59,1.762,0,0,0,0,0,55,0,0,95,54.258,0.22728,179,98.956,0.41451,89.545
0.24,32.86,30.59,1.7635,0,0,0,0,0,55,0,0,95,54.258,0.22728,179,98.956,0.41451,89.545
0.24,32.86,30.59,1.7651,0,0,0,0,0,55,0,0,95,54.258,0.22728,179,98.956,0.41451,89.545
0.24,32.86,30.59,1.7668,0,0,0,0,0,55,0,0,95,54.258,0.22728,179,98.956,0.41451,89.545
0.24,32.86,30.59,1.7683,0,0,0,0,0,55,0,0,95,54.258,0.22728,179,98.956,0.41451,89.545
0.24,32.86,30.59,1.7698,0,0,0,0,0,55,0,0,95,54.258,0.22728,179,98.956,0.41451,89.545
0.24,32.86,30.59,1.7714,0,0,0,0,0,55,0,0,95,54.258,0.22728,179,98.956,0.41451,89.545
0.24,32.86,30.59,1.773,0,0,0,0,0,55,0,0,95,54.258,0.22728,179,98.956,0.41451,89.545
0.24,32.86,30.59,1.7748,0,0,0,0,0,55,0,0,95,54.258,0.22728,179,98.956,0.41451,89.545
0.24,33.1,31.31,1.7767,0,0,0,0,0,55,0,0,95,54.61,0.22875,178.77,97.802,0.40968,88.581
0.24,33.1,31.31,1.7797,0,0,0,0,0,55,0,0,95,54.61,0.22875,178.77,97.802,0.40968,88.581
0.24,33.1,31.31,1.7814,0,0,0,0,0,55,0,0,95,54.61,0.22875,178.77,97.802,0.40968,88.581
0.24,33.1,31.31,1.7829,0,0,0,0,0,55,0,0,95,54.61,0.22875,178.77,97.802,0.40968,88.581
0.24,33.1,31.31,1.7842,0,0,0,0,0,55,0,0,95,54.61,0.22875,178.77,97.802,0.40968,88.581
0.24,33.1,31.31,1.7857,0,0,0,0,0,55,0,0,95,54.61,0.22875,178.77,97.802,0.40968,88.581
0.24,33.1,31.31,1.7874,0,0,0,0,0,55,0,0,95,54.61,0.22875,178.77,97.802,0.40968,88.581
0.24,33.1,31.31,1.7894,0,0,0,0,0,55,0,0,95,54.61,0.22875,178.77,97.802,0.40968,88.581
0.24,33.1,31.31,1.7909,0,0,0,0,0,55,0,0,95,54.61,0.22875,178.77,97.802,0.40968,88.581
0.24,33.58,31.79,1.7927,0,0,0,0,0,55,0,0,95,55.31,0.23168,178.31,96.985,0.40625,87.41
0.24,33.58,31.79,1.7943,0,0,0,0,0,55,0,0,95,55.31,0.23168,178.31,96.985,0.40625,87.41
0.24,33.58,31.79,1.7958,0,0,0,0,0,55,0,0,95,55.31,0.23168,178.31,96.985,0.40625,87.41
0.24,33.58,31.79,1.7975,0,0,0,0,0,55,0,0,95,55.31,0.23168,178.31,96.985,0.40625,87.41
0.24,33.58,31.79,1.7997,0,0,0,0,0,55,0,0,95,55.31,0.23168,178.31,96.985,0.40625,87.41
0.24,33.58,31.79,1.8016,0,0,0,0,0,55,0,0,95,55.31,0.23168,178.31,96.985,0.40625,87.41
0.24,33.58,31.79,1.8031,0,0,0,0,0,55,0,0,95,55.31,0.23168,178.31,96.985,0.40625,87.41
0.24,33.58,31.79,1.8047,0,0,0,0,0,55,0,0,95,55.31,0.23168,178.31,96.985,0.40625,87.41
0.24,33.58,31.79,1.8061,0,0,0,0,0,55,0,0,95,55.31,0.23168,178.31,96.985,0.40625,87.41
0.24,33.58,31.79,1.8076,0,0,0,0,0,55,0,0,95,55.31,0.23168,178.31,96.985,0.40625,87.41
0.24,33.58,31.79,1.8091,0,0,0,0,0,55,0,0,95,55.31,0.23168,178.31,96.985,0.40625,87.41
0.24,33.58,31.79,1.8106,0,0,0,0,0,55,0,0,95,55.31,0.23168,178.31,96.985,0.40625,87.41
0.24,33.58,31.79,1.812,0,0,0,0,0,55,0,0,95,55.31,0.23168,178.31,96.985,0.40625,87.41
0.24,33.58,31.79,1.8134,0,0,0,0,0,55,0,0,95,55.31,0.23168,178.31,96.985,0.40625,87.41
0.24,33.58,31.79,1.8148,0,0,0,0,0,55,0,0,95,55.31,0.23168,178.31,96.985,0.40625,87.41
0.24,33.58,31.79,1.8183,0,0,0,0,0,55,0,0,95,55.31,0.23168,178.31,96.985,0.40625,87.41
0.24,33.58,31.79,1.8198,0,0,0,0,0,55,0,0,95,55.31,0.23168,178.31,96.985,0.40625,87.41
0.24,33.58,31.79,1.8213,0,0,0,0,0,55,0,0,95,55.31,0.23168,178.31,96.985,0.40625,87.41
0.24,33.58,31.79,1.8238,0,0,0,0,0,55,0,0,95,55.31,0.23168,178.31,96.985,0.40625,87.41
0.24,34.06,32.75,1.827,0,0,0,0,0,55,0,0,95,56.006,0.2346,177.85,95.383,0.39954,85.925
0.24,34.06,32.75,1.8297,0,0,0,0,0,55,0,0,95,56.006,0.2346,177.85,95.383,0.39954,85.925
0.24,34.06,32.75,1.8325,0,0,0,0,0,55,0,0,95,56.006,0.2346,177.85,95.383,0.39954,85.925
0.24,34.06,32.75,1.8354,0,0,0,0,0,55,0,0,95,56.006,0.2346,177.85,95.383,0.39954,85.925
0.24,34.06,32.75,1.8376,0,0,0,0,0,55,0,0,95,56.006,0.2346,177.85,95.383,0.39954,85.925
0.24,34.06,32.75,1.8396,0,0,0,0,0,55,0,0,95,56.006,0.2346,177.85,95.383,0.39954,85.925
0.24,34.06,32.75,1.8411,0,0,0,0,0,55,0,0,95,56.006,0.2346,177.85,95.383,0.39954,85.925
0.24,34.06,32.75,1.8426,0,0,0,0,0,55,0,0,95,56.006,0.2346,177.85,95.383,0.39954,85.925
0.24,34.06,32.75,1.8444,0,0,0,0,0,55,0,0,95,56.006,0.2346,177.85,95.383,0.39954,85.925
0.24,34.06,32.75,1.8461,0,0,0,0,0,55,0,0,95,56.006,0.2346,177.85,95.383,0.39954,85.925
0.24,34.06,32.75,1.8477,0,0,0,0,0,55,0,0,95,56.006,0.2346,177.85,95.383,0.39954,85.925
0.24,34.06,32.75,1.8492,0,0,0,0,0,55,0,0,95,56.006,0.2346,177.85,95.383,0.39954,85.925
0.24,34.06,32.75,1.8506,0,0,0,0,0,55,0,0,95,56.006,0.2346,177.85,95.383,0.39954,85.925
0.24,34.06,32.75,1.852,0,0,0,0,0,55,0,0,95,56.006,0.2346,177.85,95.383,0.39954,85.925
0.24,34.06,32.75,1.8534,0,0,0,0,0,55,0,0,95,56.006,0.2346,177.85,95.383,0.39954,85.925
0.24,34.06,32.75,1.8549,0,0,0,0,0,55,0,0,95,56.006,0.2346,177.85,95.383,0.39954,85.925
0.24,34.78,32.99,1.8563,0,0,0,0,0,55,0,0,95,57.042,0.23894,177.13,94.874,0.39741,84.568
0.24,34.78,32.99,1.8578,0,0,0,0,0,55,0,0,95,57.042,0.23894,177.13,94.874,0.39741,84.568
0.24,34.78,32.99,1.8593,0,0,0,0,0,55,0,0,95,57.042,0.23894,177.13,94.874,0.39741,84.568
0.24,34.78,32.99,1.862,0,0,0,0,0,55,0,0,95,57.042,0.23894,177.13,94.874,0.39741,84.568
0.24,34.78,32.99,1.8635,0,0,0,0,0,55,0,0,95,57.042,0.23894,177.13,94.874,0.39741,84.568
0.24,34.78,32.99,1.865,0,0,0,0,0,55,0,0,95,57.042,0.23894,177.13,94.874,0.39741,84.568
0.24,34.78,32.99,1.8665,0,0,0,0,0,55,0,0,95,57.042,0.23894,177.13,94.874,0.39741,84.568
0.24,34.78,32.99,1.868,0,0,0,0,0,55,0,0,95,57.042,0.23894,177.13,94.874,0.39741,84.568
0.24,34.78,32.99,1.8695,0,0,0,0,0,55,0,0,95,57.042,0.23894,177.13,94.874,0.39741,84.568
0.24,34.78,32.99,1.8711,0,0,0,0,0,55,0,0,95,57.042,0.23894,177.13,94.874,0.39741,84.568
0.24,34.78,32.99,1.8728,0,0,0,0,0,55,0,0,95,57.042,0.23894,177.13,94.874,0.39741,84.568
0.24,35.26,33.23,1.8743,0,0,0,0,0,55,0,0,95,57.728,0.24181,176.65,94.394,0.3954,83.619
0.24,35.26,33.23,1.8757,0,0,0,0,0,55,0,0,95,57.728,0.24181,176.65,94.394,0.3954,83.619
0.24,35.26,33.23,1.8773,0,0,0,0,0,55,0,0,95,57.728,0.24181,176.65,94.394,0.3954,83.619
0.24,35.26,33.23,1.8787,0,0,0,0,0,55,0,0,95,57.728,0.24181,176.65,94.394,0.3954,83.619
0.24,35.26,33.23,1.8801,0,0,0,0,0,55,0,0,95,57.728,0.24181,176.65,94.394,0.3954,83.619
0.24,35.26,33.23,1.8816,0,0,0,0,0,55,0,0,95,57.728,0.24181,176.65,94.394,0.3954,83.619
0.24,35.26,33.23,1.8834,0,0,0,0,0,55,0,0,95,57.728,0.24181,176.65,94.394,0.3954,83.619
0.24,35.26,33.23,1.8848,0,0,0,0,0,55,0,0,95,57.728,0.24181,176.65,94.394,0.3954,83.619
0.24,35.26,33.23,1.8861,0,0,0,0,0,55,0,0,95,57.728,0.24181,176.65,94.394,0.3954,83.619
0.24,35.5,33.95,1.8879,0,0,0,0,0,55,0,0,95,58.07,0.24324,176.41,93.172,0.39028,82.775
0.24,35.5,33.95,1.8897,0,0,0,0,0,55,0,0,95,58.07,0.24324,176.41,93.172,0.39028,82.775
0.24,35.5,33.95,1.8915,0,0,0,0,0,55,0,0,95,58.07,0.24324,176.41,93.172,0.39028,82.775
0.24,35.5,33.95,1.8944,0,0,0,0,0,55,0,0,95,58.07,0.24324,176.41,93.172,0.39028,82.775
0.24,35.5,33.95,1.897,0,0,0,0,0,55,0,0,95,58.07,0.24324,176.41,93.172,0.39028,82.775
0.24,35.5,33.95,1.8996,0,0,0,0,0,55,0,0,95,58.07,0.24324,176.41,93.172,0.39028,82.775
0.24,35.5,33.95,1.9039,0,0,0,0,0,55,0,0,95,58.07,0.24324,176.41,93.172,0.39028,82.775
0.24,35.98,34.19,1.9066,0,0,0,0,0,55,0,0,95,58.75,0.24609,175.92,92.673,0.38819,81.852
0.24,35.98,34.19,1.9096,0,0,0,0,0,55,0,0,95,58.75,0.24609,175.92,92.673,0.38819,81.852
0.24,35.98,34.19,1.9112,0,0,0,0,0,55,0,0,95,58.75,0.24609,175.92,92.673,0.38819,81.852
0.24,35.98,34.19,1.9129,0,0,0,0,0,55,0,0,95,58.75,0.24609,175.92,92.673,0.38819,81.852
0.24,35.98,34.19,1.9145,0,0,0,0,0,55,0,0,95,58.75,0.24609,175.92,92.673,0.38819,81.852
0.24,35.98,34.19,1.9167,0,0,0,0,0,55,0,0,95,58.75,0.24609,175.92,92.673,0.38819,81.852
0.24,35.98,34.19,1.9182,0,0,0,0,0,55,0,0,95,58.75,0.24609,175.92,92.673,0.38819,81.852
0.24,36.22,34.43,1.9197,0,0,0,0,0,55,0,0,95,59.088,0.24751,175.68,92.222,0.3863,81.324
0.24,36.22,34.43,1.9216,0,0,0,0,0,55,0,0,95,59.088,0.24751,175.68,92.222,0.3863,81.324
0.24,36.22,34.43,1.9231,0,0,0,0,0,55,0,0,95,59.088,0.24751,175.68,92.222,0.3863,81.324
0.24,36.22,34.43,1.9246,0,0,0,0,0,55,0,0,95,59.088,0.24751,175.68,92.222,0.3863,81.324
0.24,36.22,34.43,1.9262,0,0,0,0,0,55,0,0,95,59.088,0.24751,175.68,92.222,0.3863,81.324
0.24,36.22,34.43,1.9279,0,0,0,0,0,55,0,0,95,59.088,0.24751,175.68,92.222,0.3863,81.324
0.24,36.22,34.43,1.9295,0,0,0,0,0,55,0,0,95,59.088,0.24751,175.68,92.222,0.3863,81.324
0.24,36.22,34.43,1.9309,0,0,0,0,0,55,0,0,95,59.088,0.24751,175.68,92.222,0.3863,81.324
0.24,36.22,34.43,1.9328,0,0,0,0,0,55,0,0,95,59.088,0.24751,175.68,92.222,0.3863,81.324
0.24,36.22,34.43,1.9346,0,0,0,0,0,55,0,0,95,59.088,0.24751,175.68,92.222,0.3863,81.324
0.24,36.46,34.67,1.9363,0,0,0,0,0,55,0,0,95,59.426,0.24892,175.43,91.768,0.3844,80.802
0.24,36.46,34.67,1.9378,0,0,0,0,0,55,0,0,95,59.426,0.24892,175.43,91.768,0.3844,80.802
0.24,36.46,34.67,1.9392,0,0,0,0,0,55,0,0,95,59.426,0.24892,175.43,91.768,0.3844,80.802
0.24,36.46,34.67,1.9411,0,0,0,0,0,55,0,0,95,59.426,0.24892,175.43,91.768,0.3844,80.802
0.24,36.46,34.67,1.9427,0,0,0,0,0,55,0,0,95,59.426,0.24892,175.43,91.768,0.3844,80.802
0.24,36.46,34.67,1.9453,0,0,0,0,0,55,0,0,95,59.426,0.24892,175.43,91.768,0.3844,80.802
0.24,36.46,34.67,1.947,0,0,0,0,0,55,0,0,95,59.426,0.24892,175.43,91.768,0.3844,80.802
0.24,36.46,34.67,1.9484,0,0,0,0,0,55,0,0,95,59.426,0.24892,175.43,91.768,0.3844,80.802
0.24,36.46,34.67,1.9499,0,0,0,0,0,55,0,0,95,59.426,0.24892,175.43,91.768,0.3844,80.802
0.24,36.94,34.91,1.9515,0,0,0,0,0,55,0,0,95,60.097,0.25174,174.93,91.248,0.38222,79.902
0.24,36.94,34.91,1.9533,0,0,0,0,0,55,0,0,95,60.097,0.25174,174.93,91.248,0.38222,79.902
0.24,36.94,34.91,1.9552,0,0,0,0,0,55,0,0,95,60.097,0.25174,174.93,91.248,0.38222,79.902
0.24,36.94,34.91,1.957,0,0,0,0,0,55,0,0,95,60.097,0.25174,174.93,91.248,0.38222,79.902
0.24,36.94,34.91,1.9585,0,0,0,0,0,55,0,0,95,60.097,0.25174,174.93,91.248,0.38222,79.902
0.24,36.94,34.91,1.9602,0,0,0,0,0,55,0,0,95,60.097,0.25174,174.93,91.248,0.38222,79.902
0.24,36.94,34.91,1.9617,0,0,0,0,0,55,0,0,95,60.097,0.25174,174.93,91.248,0.38222,79.902
0.24,36.94,34.91,1.9631,0,0,0,0,0,55,0,0,95,60.097,0.25174,174.93,91.248,0.38222,79.902
0.24,36.94,34.91,1.9647,0,0,0,0,0,55,0,0,95,60.097,0.25174,174.93,91.248,0.38222,79.902
0.24,36.94,34.91,1.9662,0,0,0,0,0,55,0,0,95,60.097,0.25174,174.93,91.248,0.38222,79.902
0.24,37.42,35.39,1.9678,0,0,0,0,0,55,0,0,95,60.765,0.25453,174.42,90.319,0.37833,78.887
0.24,37.42,35.39,1.9693,0,0,0,0,0,55,0,0,95,60.765,0.25453,174.42,90.319,0.37833,78.887
0.24,37.42,35.39,1.971,0,0,0,0,0,55,0,0,95,60.765,0.25453,174.42,90.319,0.37833,78.887
0.24,37.42,35.39,1.9725,0,0,0,0,0,55,0,0,95,60.765,0.25453,174.42,90.319,0.37833,78.887
0.24,37.42,35.39,1.974,0,0,0,0,0,55,0,0,95,60.765,0.25453,174.42,90.319,0.37833,78.887
0.24,37.42,35.39,1.9754,0,0,0,0,0,55,0,0,95,60.765,0.25453,174.42,90.319,0.37833,78.887
0.24,37.42,35.39,1.977,0,0,0,0,0,55,0,0,95,60.765,0.25453,174.42,90.319,0.37833,78.887
0.24,37.42,35.39,1.9787,0,0,0,0,0,55,0,0,95,60.765,0.25453,174.42,90.319,0.37833,78.887
0.24,37.42,35.39,1.9804,0,0,0,0,0,55,0,0,95,60.765,0.25453,174.42,90.319,0.37833,78.887
0.24,37.42,35.39,1.9835,0,0,0,0,0,55,0,0,95,60.765,0.25453,174.42,90.319,0.37833,78.887
0.24,37.9,35.63,1.985,0,0,0,0,0,55,0,0,95,61.428,0.25731,173.91,89.779,0.37607,78.012
0.24,37.9,35.63,1.9867,0,0,0,0,0,55,0,0,95,61.428,0.25731,173.91,89.779,0.37607,78.012
0.24,37.9,35.63,1.9882,0,0,0,0,0,55,0,0,95,61.428,0.25731,173.91,89.779,0.37607,78.012
0.24,37.9,35.63,1.9897,0,0,0,0,0,55,0,0,95,61.428,0.25731,173.91,89.779,0.37607,78.012
0.24,37.9,35.63,1.9913,0,0,0,0,0,55,0,0,95,61.428,0.25731,173.91,89.779,0.37607,78.012
0.24,37.9,35.63,2.0137,0,0,0,0,0,55,0,0,95,61.428,0.25731,173.91,89.779,0.37607,78.012
0.24,38.14,35.87,2.017,0,0,0,0,0,55,0,0,95,61.758,0.25869,173.65,89.305,0.37408,77.519
0.24,38.14,35.87,2.0224,0,0,0,0,0,55,0,0,95,61.758,0.25869,173.65,89.305,0.37408,77.519
0.24,38.14,35.87,2.0259,0,0,0,0,0,55,0,0,95,61.758,0.25869,173.65,89.305,0.37408,77.519
0.24,38.14,35.87,2.0287,0,0,0,0,0,55,0,0,95,61.758,0.25869,173.65,89.305,0.37408,77.519
0.24,38.14,35.87,2.0311,0,0,0,0,0,55,0,0,95,61.758,0.25869,173.65,89.305,0.37408,77.519
0.24,38.62,36.11,2.0336,0,0,0,0,0,55,0,0,95,62.415,0.26144,173.13,88.751,0.37176,76.661
0.24,38.62,36.11,2.036,0,0,0,0,0,55,0,0,95,62.415,0.26144,173.13,88.751,0.37176,76.661
0.24,38.62,36.11,2.0383,0,0,0,0,0,55,0,0,95,62.415,0.26144,173.13,88.751,0.37176,76.661
0.24,38.62,36.11,2.0407,0,0,0,0,0,55,0,0,95,62.415,0.26144,173.13,88.751,0.37176,76.661
0.24,38.62,36.11,2.043,0,0,0,0,0,55,0,0,95,62.415,0.26144,173.13,88.751,0.37176,76.661
0.24,38.62,36.11,2.0456,0,0,0,0,0,55,0,0,95,62.415,0.26144,173.13,88.751,0.37176,76.661
0.24,38.62,36.11,2.048,0,0,0,0,0,55,0,0,95,62.415,0.26144,173.13,88.751,0.37176,76.661
0.24,38.62,36.59,2.0511,0,0,0,0,0,55,0,0,95,62.415,0.26144,173.13,87.942,0.36837,76.443
0.24,38.62,36.59,2.0537,0,0,0,0,0,55,0,0,95,62.415,0.26144,173.13,87.942,0.36837,76.443
0.24,38.62,36.59,2.0563,0,0,0,0,0,55,0,0,95,62.415,0.26144,173.13,87.942,0.36837,76.443
0.24,38.62,36.59,2.0587,0,0,0,0,0,55,0,0,95,62.415,0.26144,173.13,87.942,0.36837,76.443
0.24,38.62,36.59,2.0619,0,0,0,0,0,55,0,0,95,62.415,0.26144,173.13,87.942,0.36837,76.443
0.24,38.86,36.83,2.0643,0,0,0,0,0,55,0,0,95,62.741,0.26281,172.87,87.458,0.36635,75.971
0.24,38.86,36.83,2.0667,0,0,0,0,0,55,0,0,95,62.741,0.26281,172.87,87.458,0.36635,75.971
0.24,38.86,36.83,2.07,0,0,0,0,0,55,0,0,95,62.741,0.26281,172.87,87.458,0.36635,75.971
0.24,38.86,36.83,2.0726,0,0,0,0,0,55,0,0,95,62.741,0.26281,172.87,87.458,0.36635,75.971
0.24,38.86,36.83,2.075,0,0,0,0,0,55,0,0,95,62.741,0.26281,172.87,87.458,0.36635,75.971
0.24,38.86,36.83,2.0774,0,0,0,0,0,55,0,0,95,62.741,0.26281,172.87,87.458,0.36635,75.971
0.24,38.86,36.83,2.0792,0,0,0,0,0,55,0,0,95,62.741,0.26281,172.87,87.458,0.36635,75.971
0.24,39.34,37.07,2.0809,0,0,0,0,0,55,0,0,95,63.392,0.26554,172.34,86.889,0.36396,75.14
0.24,39.34,37.07,2.083,0,0,0,0,0,55,0,0,95,63.392,0.26554,172.34,86.889,0.36396,75.14
0.24,39.34,37.07,2.085,0,0,0,0,0,55,0,0,95,63.392,0.26554,172.34,86.889,0.36396,75.14
0.24,39.34,37.07,2.087,0,0,0,0,0,55,0,0,95,63.392,0.26554,172.34,86.889,0.36396,75.14
0.24,39.34,37.07,2.0888,0,0,0,0,0,55,0,0,95,63.392,0.26554,172.34,86.889,0.36396,75.14
0.24,39.34,37.07,2.0905,0,0,0,0,0,55,0,0,95,63.392,0.26554,172.34,86.889,0.36396,75.14
0.24,39.34,37.07,2.0931,0,0,0,0,0,55,0,0,95,63.392,0.26554,172.34,86.889,0.36396,75.14
0.24,39.34,37.07,2.0958,0,0,0,0,0,55,0,0,95,63.392,0.26554,172.34,86.889,0.36396,75.14
0.24,39.34,37.07,2.0977,0,0,0,0,0,55,0,0,95,63.392,0.26554,172.34,86.889,0.36396,75.14
0.24,39.82,36.83,2.0994,0,0,0,0,0,55,0,0,95,64.037,0.26824,171.81,87.127,0.36496,74.508
0.24,39.82,36.83,2.1014,0,0,0,0,0,55,0,0,95,64.037,0.26824,171.81,87.127,0.36496,74.508
0.24,39.82,36.83,2.1039,0,0,0,0,0,55,0,0,95,64.037,0.26824,171.81,87.127,0.36496,74.508
0.24,39.82,36.83,2.1065,0,0,0,0,0,55,0,0,95,64.037,0.26824,171.81,87.127,0.36496,74.508
0.24,39.82,36.83,2.109,0,0,0,0,0,55,0,0,95,64.037,0.26824,171.81,87.127,0.36496,74.508
0.24,39.82,36.83,2.1114,0,0,0,0,0,55,0,0,95,64.037,0.26824,171.81,87.127,0.36496,74.508
0.24,39.82,36.83,2.1152,0,0,0,0,0,55,0,0,95,64.037,0.26824,171.81,87.127,0.36496,74.508
0.24,40.06,37.55,2.1184,0,0,0,0,0,55,0,0,95,64.358,0.26959,171.54,85.815,0.35946,73.866
0.24,40.06,37.55,2.121,0,0,0,0,0,55,0,0,95,64.358,0.26959,171.54,85.815,0.35946,73.866
0.24,40.06,37.55,2.1238,0,0,0,0,0,55,0,0,95,64.358,0.26959,171.54,85.815,0.35946,73.866
0.24,40.06,37.55,2.1269,0,0,0,0,0,55,0,0,95,64.358,0.26959,171.54,85.815,0.35946,73.866
0.24,40.54,37.79,2.1302,0,0,0,0,0,55,0,0,95,64.997,0.27226,171,85.225,0.35699,73.062
