0.24,32.86,-62.05,2.0178,0,0,0,0,0,55,0,0,95,54.258,0.22728,179,141.56,0.59296,227.77
0.24,32.86,-62.29,2.0239,0,0,0,0,0,55,0,0,95,54.258,0.22728,179,141.35,0.5921,228.14
0.24,32.86,-62.05,2.0279,0,0,0,0,0,55,0,0,95,54.258,0.22728,179,141.56,0.59296,227.77
0.24,32.86,-62.05,2.0304,0,0,0,0,0,55,0,0,95,54.258,0.22728,179,141.56,0.59296,227.77
0.24,32.86,-62.05,2.033,0,0,0,0,0,55,0,0,95,54.258,0.22728,179,141.56,0.59296,227.77
0.24,32.86,-62.05,2.0349,0,0,0,0,0,55,0,0,95,54.258,0.22728,179,141.56,0.59296,227.77
0.24,32.86,-62.05,2.037,0,0,0,0,0,55,0,0,95,54.258,0.22728,179,141.56,0.59296,227.77
0.24,32.86,-63.01,2.0387,0,0,0,0,0,55,0,0,95,54.258,0.22728,179,140.73,0.58949,229.23
0.24,32.86,-63.01,2.0404,0,0,0,0,0,55,0,0,95,54.258,0.22728,179,140.73,0.58949,229.23
0.24,32.86,-63.01,2.0424,0,0,0,0,0,55,0,0,95,54.258,0.22728,179,140.73,0.58949,229.23
0.24,32.86,-63.01,2.0441,0,0,0,0,0,55,0,0,95,54.258,0.22728,179,140.73,0.58949,229.23
0.24,32.86,-63.01,2.0461,0,0,0,0,0,55,0,0,95,54.258,0.22728,179,140.73,0.58949,229.23
0.24,32.86,-63.01,2.0482,0,0,0,0,0,55,0,0,95,54.258,0.22728,179,140.73,0.58949,229.23
0.24,32.86,-63.01,2.0509,0,0,0,0,0,55,0,0,95,54.258,0.22728,179,140.73,0.58949,229.23
0.24,32.86,-63.01,2.0528,0,0,0,0,0,55,0,0,95,54.258,0.22728,179,140.73,0.58949,229.23
0.24,32.62,-62.29,2.0547,0,0,0,0,0,55,0,0,95,53.906,0.2258,179.23,140.79,0.58976,228.73
0.24,32.62,-62.29,2.0564,0,0,0,0,0,55,0,0,95,53.906,0.2258,179.23,140.79,0.58976,228.73
0.24,32.62,-62.29,2.0581,0,0,0,0,0,55,0,0,95,53.906,0.2258,179.23,140.79,0.58976,228.73
0.24,32.62,-62.29,2.06,0,0,0,0,0,55,0,0,95,53.906,0.2258,179.23,140.79,0.58976,228.73
0.24,32.62,-62.29,2.0616,0,0,0,0,0,55,0,0,95,53.906,0.2258,179.23,140.79,0.58976,228.73
0.24,32.62,-62.29,2.0634,0,0,0,0,0,55,0,0,95,53.906,0.2258,179.23,140.79,0.58976,228.73
0.24,32.62,-62.29,2.0654,0,0,0,0,0,55,0,0,95,53.906,0.2258,179.23,140.79,0.58976,228.73
0.24,32.62,-62.29,2.0673,0,0,0,0,0,55,0,0,95,53.906,0.2258,179.23,140.79,0.58976,228.73
0.24,32.62,-62.29,2.0692,0,0,0,0,0,55,0,0,95,53.906,0.2258,179.23,140.79,0.58976,228.73
0.24,33.1,-62.29,2.0736,0,0,0,0,0,55,0,0,95,54.61,0.22875,178.77,141.91,0.59443,227.54
0.24,33.1,-62.29,2.0754,0,0,0,0,0,55,0,0,95,54.61,0.22875,178.77,141.91,0.59443,227.54
0.24,33.1,-62.29,2.077,0,0,0,0,0,55,0,0,95,54.61,0.22875,178.77,141.91,0.59443,227.54
0.24,33.1,-62.29,2.0787,0,0,0,0,0,55,0,0,95,54.61,0.22875,178.77,141.91,0.59443,227.54
0.24,33.1,-62.29,2.0803,0,0,0,0,0,55,0,0,95,54.61,0.22875,178.77,141.91,0.59443,227.54
0.24,33.1,-62.29,2.0819,0,0,0,0,0,55,0,0,95,54.61,0.22875,178.77,141.91,0.59443,227.54
0.24,33.1,-62.29,2.0835,0,0,0,0,0,55,0,0,95,54.61,0.22875,178.77,141.91,0.59443,227.54
0.24,33.1,-63.01,2.0852,0,0,0,0,0,55,0,0,95,54.61,0.22875,178.77,141.29,0.59184,228.64
0.24,33.1,-63.01,2.087,0,0,0,0,0,55,0,0,95,54.61,0.22875,178.77,141.29,0.59184,228.64
0.24,33.1,-63.01,2.0887,0,0,0,0,0,55,0,0,95,54.61,0.22875,178.77,141.29,0.59184,228.64
0.24,33.1,-63.01,2.0905,0,0,0,0,0,55,0,0,95,54.61,0.22875,178.77,141.29,0.59184,228.64
0.24,33.1,-63.01,2.0925,0,0,0,0,0,55,0,0,95,54.61,0.22875,178.77,141.29,0.59184,228.64
0.24,33.1,-63.01,2.0945,0,0,0,0,0,55,0,0,95,54.61,0.22875,178.77,141.29,0.59184,228.64
0.24,33.1,-63.01,2.0962,0,0,0,0,0,55,0,0,95,54.61,0.22875,178.77,141.29,0.59184,228.64
0.24,33.1,-63.01,2.0978,0,0,0,0,0,55,0,0,95,54.61,0.22875,178.77,141.29,0.59184,228.64
0.24,33.1,-63.01,2.0996,0,0,0,0,0,55,0,0,95,54.61,0.22875,178.77,141.29,0.59184,228.64
0.24,33.1,-62.77,2.1014,0,0,0,0,0,55,0,0,95,54.61,0.22875,178.77,141.5,0.59271,228.27
0.24,33.1,-62.77,2.1032,0,0,0,0,0,55,0,0,95,54.61,0.22875,178.77,141.5,0.59271,228.27
0.24,33.1,-62.77,2.1051,0,0,0,0,0,55,0,0,95,54.61,0.22875,178.77,141.5,0.59271,228.27
0.24,33.1,-62.77,2.1069,0,0,0,0,0,55,0,0,95,54.61,0.22875,178.77,141.5,0.59271,228.27
0.24,33.1,-62.77,2.1087,0,0,0,0,0,55,0,0,95,54.61,0.22875,178.77,141.5,0.59271,228.27
0.24,33.1,-62.77,2.1107,0,0,0,0,0,55,0,0,95,54.61,0.22875,178.77,141.5,0.59271,228.27
0.24,33.1,-62.77,2.1129,0,0,0,0,0,55,0,0,95,54.61,0.22875,178.77,141.5,0.59271,228.27
0.24,33.1,-62.77,2.1187,0,0,0,0,0,55,0,0,95,54.61,0.22875,178.77,141.5,0.59271,228.27
0.24,33.1,-62.53,2.1217,0,0,0,0,0,55,0,0,95,54.61,0.22875,178.77,141.7,0.59357,227.91
0.24,33.1,-62.53,2.1247,0,0,0,0,0,55,0,0,95,54.61,0.22875,178.77,141.7,0.59357,227.91
0.24,33.1,-62.53,2.1265,0,0,0,0,0,55,0,0,95,54.61,0.22875,178.77,141.7,0.59357,227.91
0.24,33.1,-62.53,2.1283,0,0,0,0,0,55,0,0,95,54.61,0.22875,178.77,141.7,0.59357,227.91
0.24,33.1,-62.53,2.1301,0,0,0,0,0,55,0,0,95,54.61,0.22875,178.77,141.7,0.59357,227.91
0.24,33.1,-62.53,2.1319,0,0,0,0,0,55,0,0,95,54.61,0.22875,178.77,141.7,0.59357,227.91
0.24,33.1,-63.25,2.1338,0,0,0,0,0,55,0,0,95,54.61,0.22875,178.77,141.08,0.59096,229
0.24,33.1,-63.25,2.1358,0,0,0,0,0,55,0,0,95,54.61,0.22875,178.77,141.08,0.59096,229
0.24,33.1,-63.25,2.1376,0,0,0,0,0,55,0,0,95,54.61,0.22875,178.77,141.08,0.59096,229
0.24,33.1,-63.25,2.1394,0,0,0,0,0,55,0,0,95,54.61,0.22875,178.77,141.08,0.59096,229
0.24,33.1,-63.25,2.1411,0,0,0,0,0,55,0,0,95,54.61,0.22875,178.77,141.08,0.59096,229
0.24,33.1,-63.25,2.1428,0,0,0,0,0,55,0,0,95,54.61,0.22875,178.77,141.08,0.59096,229
0.24,33.1,-63.25,2.1449,0,0,0,0,0,55,0,0,95,54.61,0.22875,178.77,141.08,0.59096,229
0.24,33.1,-63.25,2.1468,0,0,0,0,0,55,0,0,95,54.61,0.22875,178.77,141.08,0.59096,229
0.24,33.1,-63.25,2.1488,0,0,0,0,0,55,0,0,95,54.61,0.22875,178.77,141.08,0.59096,229
0.24,32.62,-63.25,2.1513,0,0,0,0,0,55,0,0,95,53.906,0.2258,179.23,139.95,0.58624,230.18
0.24,32.62,-63.25,2.1534,0,0,0,0,0,55,0,0,95,53.906,0.2258,179.23,139.95,0.58624,230.18
0.24,32.62,-63.25,2.155,0,0,0,0,0,55,0,0,95,53.906,0.2258,179.23,139.95,0.58624,230.18
0.24,32.62,-63.25,2.1567,0,0,0,0,0,55,0,0,95,53.906,0.2258,179.23,139.95,0.58624,230.18
0.24,32.62,-63.25,2.1585,0,0,0,0,0,55,0,0,95,53.906,0.2258,179.23,139.95,0.58624,230.18
0.24,32.62,-63.25,2.1601,0,0,0,0,0,55,0,0,95,53.906,0.2258,179.23,139.95,0.58624,230.18
0.24,32.62,-63.25,2.1619,0,0,0,0,0,55,0,0,95,53.906,0.2258,179.23,139.95,0.58624,230.18
0.24,32.62,-63.25,2.1676,0,0,0,0,0,55,0,0,95,53.906,0.2258,179.23,139.95,0.58624,230.18
0.24,32.86,-62.77,2.1699,0,0,0,0,0,55,0,0,95,54.258,0.22728,179,140.94,0.59037,228.86
0.24,32.86,-62.77,2.1727,0,0,0,0,0,55,0,0,95,54.258,0.22728,179,140.94,0.59037,228.86
0.24,32.86,-62.77,2.1756,0,0,0,0,0,55,0,0,95,54.258,0.22728,179,140.94,0.59037,228.86
0.24,32.86,-62.77,2.178,0,0,0,0,0,55,0,0,95,54.258,0.22728,179,140.94,0.59037,228.86
0.24,32.86,-62.77,2.1796,0,0,0,0,0,55,0,0,95,54.258,0.22728,179,140.94,0.59037,228.86
0.24,32.86,-63.01,2.1813,0,0,0,0,0,55,0,0,95,54.258,0.22728,179,140.73,0.58949,229.23
0.24,32.86,-63.01,2.1832,0,0,0,0,0,55,0,0,95,54.258,0.22728,179,140.73,0.58949,229.23
0.24,32.86,-63.01,2.1852,0,0,0,0,0,55,0,0,95,54.258,0.22728,179,140.73,0.58949,229.23
0.24,32.86,-63.01,2.1866,0,0,0,0,0,55,0,0,95,54.258,0.22728,179,140.73,0.58949,229.23
0.24,32.86,-63.01,2.1885,0,0,0,0,0,55,0,0,95,54.258,0.22728,179,140.73,0.58949,229.23
0.24,32.86,-63.01,2.1905,0,0,0,0,0,55,0,0,95,54.258,0.22728,179,140.73,0.58949,229.23
0.24,32.86,-63.01,2.1922,0,0,0,0,0,55,0,0,95,54.258,0.22728,179,140.73,0.58949,229.23
0.24,32.86,-63.01,2.1941,0,0,0,0,0,55,0,0,95,54.258,0.22728,179,140.73,0.58949,229.23
0.24,32.86,-63.01,2.1962,0,0,0,0,0,55,0,0,95,54.258,0.22728,179,140.73,0.58949,229.23
0.24,32.86,-63.01,2.1985,0,0,0,0,0,55,0,0,95,54.258,0.22728,179,140.73,0.58949,229.23
0.24,32.86,-63.01,2.2004,0,0,0,0,0,55,0,0,95,54.258,0.22728,179,140.73,0.58949,229.23
0.24,32.86,-63.01,2.2023,0,0,0,0,0,55,0,0,95,54.258,0.22728,179,140.73,0.58949,229.23
0.24,32.86,-63.01,2.2042,0,0,0,0,0,55,0,0,95,54.258,0.22728,179,140.73,0.58949,229.23
0.24,32.86,-63.01,2.2059,0,0,0,0,0,55,0,0,95,54.258,0.22728,179,140.73,0.58949,229.23
0.24,32.86,-63.01,2.2076,0,0,0,0,0,55,0,0,95,54.258,0.22728,179,140.73,0.58949,229.23
0.24,32.86,-63.01,2.2094,0,0,0,0,0,55,0,0,95,54.258,0.22728,179,140.73,0.58949,229.23
0.24,32.86,-63.01,2.2113,0,0,0,0,0,55,0,0,95,54.258,0.22728,179,140.73,0.58949,229.23
0.24,33.1,-63.01,2.2176,0,0,0,0,0,55,0,0,95,54.61,0.22875,178.77,141.29,0.59184,228.64
0.24,33.1,-63.01,2.2194,0,0,0,0,0,55,0,0,95,54.61,0.22875,178.77,141.29,0.59184,228.64
0.24,33.1,-63.01,2.2216,0,0,0,0,0,55,0,0,95,54.61,0.22875,178.77,141.29,0.59184,228.64
0.24,33.1,-63.01,2.2243,0,0,0,0,0,55,0,0,95,54.61,0.22875,178.77,141.29,0.59184,228.64
0.24,33.1,-63.01,2.2278,0,0,0,0,0,55,0,0,95,54.61,0.22875,178.77,141.29,0.59184,228.64
0.24,32.62,-62.77,2.2298,0,0,0,0,0,55,0,0,95,53.906,0.2258,179.23,140.38,0.58801,229.45
0.24,32.62,-62.77,2.2315,0,0,0,0,0,55,0,0,95,53.906,0.2258,179.23,140.38,0.58801,229.45
0.24,32.62,-62.77,2.2334,0,0,0,0,0,55,0,0,95,53.906,0.2258,179.23,140.38,0.58801,229.45
0.24,32.62,-62.77,2.2352,0,0,0,0,0,55,0,0,95,53.906,0.2258,179.23,140.38,0.58801,229.45
0.24,32.62,-62.77,2.237,0,0,0,0,0,55,0,0,95,53.906,0.2258,179.23,140.38,0.58801,229.45
0.24,32.62,-62.77,2.2389,0,0,0,0,0,55,0,0,95,53.906,0.2258,179.23,140.38,0.58801,229.45
0.24,32.62,-62.77,2.2407,0,0,0,0,0,55,0,0,95,53.906,0.2258,179.23,140.38,0.58801,229.45
0.24,32.62,-62.77,2.2426,0,0,0,0,0,55,0,0,95,53.906,0.2258,179.23,140.38,0.58801,229.45
0.24,32.62,-62.77,2.2443,0,0,0,0,0,55,0,0,95,53.906,0.2258,179.23,140.38,0.58801,229.45
0.24,33.34,-63.01,2.2463,0,0,0,0,0,55,0,0,95,54.96,0.23022,178.54,141.85,0.59418,228.04
0.24,33.34,-63.01,2.2482,0,0,0,0,0,55,0,0,95,54.96,0.23022,178.54,141.85,0.59418,228.04
0.24,33.34,-63.01,2.25,0,0,0,0,0,55,0,0,95,54.96,0.23022,178.54,141.85,0.59418,228.04
0.24,33.34,-63.01,2.2517,0,0,0,0,0,55,0,0,95,54.96,0.23022,178.54,141.85,0.59418,228.04
0.24,33.34,-63.01,2.2533,0,0,0,0,0,55,0,0,95,54.96,0.23022,178.54,141.85,0.59418,228.04
0.24,33.34,-63.01,2.2554,0,0,0,0,0,55,0,0,95,54.96,0.23022,178.54,141.85,0.59418,228.04
0.24,33.34,-63.01,2.2579,0,0,0,0,0,55,0,0,95,54.96,0.23022,178.54,141.85,0.59418,228.04
0.24,33.34,-63.01,2.2598,0,0,0,0,0,55,0,0,95,54.96,0.23022,178.54,141.85,0.59418,228.04
0.24,32.62,-63.01,2.2616,0,0,0,0,0,55,0,0,95,53.906,0.2258,179.23,140.17,0.58713,229.81
0.24,32.62,-63.01,2.2662,0,0,0,0,0,55,0,0,95,53.906,0.2258,179.23,140.17,0.58713,229.81
0.24,32.62,-63.01,2.2685,0,0,0,0,0,55,0,0,95,53.906,0.2258,179.23,140.17,0.58713,229.81
0.24,32.62,-63.01,2.2706,0,0,0,0,0,55,0,0,95,53.906,0.2258,179.23,140.17,0.58713,229.81
0.24,32.62,-63.01,2.2724,0,0,0,0,0,55,0,0,95,53.906,0.2258,179.23,140.17,0.58713,229.81
0.24,32.62,-63.01,2.2744,0,0,0,0,0,55,0,0,95,53.906,0.2258,179.23,140.17,0.58713,229.81
0.24,32.62,-63.01,2.2763,0,0,0,0,0,55,0,0,95,53.906,0.2258,179.23,140.17,0.58713,229.81
0.24,33.34,-63.01,2.278,0,0,0,0,0,55,0,0,95,54.96,0.23022,178.54,141.85,0.59418,228.04
0.24,33.34,-63.01,2.2797,0,0,0,0,0,55,0,0,95,54.96,0.23022,178.54,141.85,0.59418,228.04
0.24,33.34,-63.01,2.2814,0,0,0,0,0,55,0,0,95,54.96,0.23022,178.54,141.85,0.59418,228.04
0.24,33.34,-63.01,2.2842,0,0,0,0,0,55,0,0,95,54.96,0.23022,178.54,141.85,0.59418,228.04
0.24,33.34,-63.01,2.2874,0,0,0,0,0,55,0,0,95,54.96,0.23022,178.54,141.85,0.59418,228.04
0.24,33.34,-63.01,2.2901,0,0,0,0,0,55,0,0,95,54.96,0.23022,178.54,141.85,0.59418,228.04
0.24,33.34,-63.01,2.2928,0,0,0,0,0,55,0,0,95,54.96,0.23022,178.54,141.85,0.59418,228.04
0.24,33.58,-63.01,2.2948,0,0,0,0,0,55,0,0,95,55.31,0.23168,178.31,142.4,0.59651,227.45
0.24,33.58,-63.01,2.2967,0,0,0,0,0,55,0,0,95,55.31,0.23168,178.31,142.4,0.59651,227.45
0.24,33.58,-63.01,2.2986,0,0,0,0,0,55,0,0,95,55.31,0.23168,178.31,142.4,0.59651,227.45
0.24,33.58,-63.01,2.3004,0,0,0,0,0,55,0,0,95,55.31,0.23168,178.31,142.4,0.59651,227.45
0.24,33.58,-63.01,2.3024,0,0,0,0,0,55,0,0,95,55.31,0.23168,178.31,142.4,0.59651,227.45
0.24,33.58,-63.01,2.3044,0,0,0,0,0,55,0,0,95,55.31,0.23168,178.31,142.4,0.59651,227.45
0.24,33.58,-63.01,2.3064,0,0,0,0,0,55,0,0,95,55.31,0.23168,178.31,142.4,0.59651,227.45
0.24,33.58,-63.01,2.3084,0,0,0,0,0,55,0,0,95,55.31,0.23168,178.31,142.4,0.59651,227.45
0.24,33.82,-63.01,2.3103,0,0,0,0,0,55,0,0,95,55.658,0.23314,178.08,142.96,0.59882,226.85
0.24,33.82,-63.01,2.3121,0,0,0,0,0,55,0,0,95,55.658,0.23314,178.08,142.96,0.59882,226.85
0.24,33.82,-63.01,2.3166,0,0,0,0,0,55,0,0,95,55.658,0.23314,178.08,142.96,0.59882,226.85
0.24,33.82,-63.01,2.3187,0,0,0,0,0,55,0,0,95,55.658,0.23314,178.08,142.96,0.59882,226.85
0.24,33.82,-63.01,2.3204,0,0,0,0,0,55,0,0,95,55.658,0.23314,178.08,142.96,0.59882,226.85
0.24,33.82,-63.01,2.3224,0,0,0,0,0,55,0,0,95,55.658,0.23314,178.08,142.96,0.59882,226.85
0.24,33.82,-63.01,2.3242,0,0,0,0,0,55,0,0,95,55.658,0.23314,178.08,142.96,0.59882,226.85
0.24,34.06,-63.25,2.3261,0,0,0,0,0,55,0,0,95,56.006,0.2346,177.85,143.31,0.60028,226.62
0.24,34.06,-63.25,2.3281,0,0,0,0,0,55,0,0,95,56.006,0.2346,177.85,143.31,0.60028,226.62
0.24,34.06,-63.25,2.3299,0,0,0,0,0,55,0,0,95,56.006,0.2346,177.85,143.31,0.60028,226.62
0.24,34.06,-63.25,2.3318,0,0,0,0,0,55,0,0,95,56.006,0.2346,177.85,143.31,0.60028,226.62
0.24,34.06,-63.25,2.334,0,0,0,0,0,55,0,0,95,56.006,0.2346,177.85,143.31,0.60028,226.62
0.24,34.06,-63.25,2.3361,0,0,0,0,0,55,0,0,95,56.006,0.2346,177.85,143.31,0.60028,226.62
0.24,34.06,-63.25,2.338,0,0,0,0,0,55,0,0,95,56.006,0.2346,177.85,143.31,0.60028,226.62
0.24,34.06,-63.25,2.3398,0,0,0,0,0,55,0,0,95,56.006,0.2346,177.85,143.31,0.60028,226.62
0.24,34.06,-63.25,2.3416,0,0,0,0,0,55,0,0,95,56.006,0.2346,177.85,143.31,0.60028,226.62
0.24,34.06,-63.25,2.3433,0,0,0,0,0,55,0,0,95,56.006,0.2346,177.85,143.31,0.60028,226.62
0.24,34.06,-63.25,2.3451,0,0,0,0,0,55,0,0,95,56.006,0.2346,177.85,143.31,0.60028,226.62
0.24,34.06,-63.25,2.3468,0,0,0,0,0,55,0,0,95,56.006,0.2346,177.85,143.31,0.60028,226.62
0.24,34.06,-63.25,2.3486,0,0,0,0,0,55,0,0,95,56.006,0.2346,177.85,143.31,0.60028,226.62
0.24,34.06,-63.25,2.3503,0,0,0,0,0,55,0,0,95,56.006,0.2346,177.85,143.31,0.60028,226.62
0.24,34.06,-63.25,2.3536,0,0,0,0,0,55,0,0,95,56.006,0.2346,177.85,143.31,0.60028,226.62
0.24,34.06,-63.25,2.3559,0,0,0,0,0,55,0,0,95,56.006,0.2346,177.85,143.31,0.60028,226.62
0.24,34.54,-63.01,2.3582,0,0,0,0,0,55,0,0,95,56.698,0.2375,177.37,144.6,0.60572,225.04
0.24,34.54,-63.01,2.36,0,0,0,0,0,55,0,0,95,56.698,0.2375,177.37,144.6,0.60572,225.04
0.24,34.54,-63.01,2.3657,0,0,0,0,0,55,0,0,95,56.698,0.2375,177.37,144.6,0.60572,225.04
0.24,34.54,-63.01,2.3676,0,0,0,0,0,55,0,0,95,56.698,0.2375,177.37,144.6,0.60572,225.04
0.24,34.54,-63.01,2.3697,0,0,0,0,0,55,0,0,95,56.698,0.2375,177.37,144.6,0.60572,225.04
0.24,34.54,-63.01,2.3717,0,0,0,0,0,55,0,0,95,56.698,0.2375,177.37,144.6,0.60572,225.04
0.24,34.54,-63.01,2.374,0,0,0,0,0,55,0,0,95,56.698,0.2375,177.37,144.6,0.60572,225.04
0.24,34.54,-63.49,2.3764,0,0,0,0,0,55,0,0,95,56.698,0.2375,177.37,144.2,0.60403,225.78
0.24,34.54,-63.49,2.3783,0,0,0,0,0,55,0,0,95,56.698,0.2375,177.37,144.2,0.60403,225.78
0.24,34.54,-63.49,2.3802,0,0,0,0,0,55,0,0,95,56.698,0.2375,177.37,144.2,0.60403,225.78
0.24,34.54,-63.49,2.3824,0,0,0,0,0,55,0,0,95,56.698,0.2375,177.37,144.2,0.60403,225.78
0.24,34.54,-63.49,2.3854,0,0,0,0,0,55,0,0,95,56.698,0.2375,177.37,144.2,0.60403,225.78
0.24,34.54,-63.49,2.3883,0,0,0,0,0,55,0,0,95,56.698,0.2375,177.37,144.2,0.60403,225.78
0.24,35.02,-63.01,2.392,0,0,0,0,0,55,0,0,95,57.386,0.24038,176.9,145.69,0.61026,223.83
0.24,35.02,-63.01,2.3953,0,0,0,0,0,55,0,0,95,57.386,0.24038,176.9,145.69,0.61026,223.83
0.24,35.02,-63.01,2.3982,0,0,0,0,0,55,0,0,95,57.386,0.24038,176.9,145.69,0.61026,223.83
0.24,35.02,-63.01,2.4003,0,0,0,0,0,55,0,0,95,57.386,0.24038,176.9,145.69,0.61026,223.83
0.24,35.02,-63.01,2.4023,0,0,0,0,0,55,0,0,95,57.386,0.24038,176.9,145.69,0.61026,223.83
0.24,35.02,-63.01,2.4044,0,0,0,0,0,55,0,0,95,57.386,0.24038,176.9,145.69,0.61026,223.83
0.24,35.26,-63.01,2.4062,0,0,0,0,0,55,0,0,95,57.728,0.24181,176.65,146.23,0.61251,223.22
0.24,35.26,-63.01,2.4079,0,0,0,0,0,55,0,0,95,57.728,0.24181,176.65,146.23,0.61251,223.22
0.24,35.26,-63.01,2.4096,0,0,0,0,0,55,0,0,95,57.728,0.24181,176.65,146.23,0.61251,223.22
0.24,35.26,-63.01,2.4114,0,0,0,0,0,55,0,0,95,57.728,0.24181,176.65,146.23,0.61251,223.22
0.24,35.26,-63.01,2.4133,0,0,0,0,0,55,0,0,95,57.728,0.24181,176.65,146.23,0.61251,223.22
0.24,35.26,-63.01,2.4154,0,0,0,0,0,55,0,0,95,57.728,0.24181,176.65,146.23,0.61251,223.22
0.24,35.26,-63.01,2.4214,0,0,0,0,0,55,0,0,95,57.728,0.24181,176.65,146.23,0.61251,223.22
0.24,35.5,-63.01,2.424,0,0,0,0,0,55,0,0,95,58.07,0.24324,176.41,146.76,0.61476,222.6
0.24,35.5,-63.01,2.4259,0,0,0,0,0,55,0,0,95,58.07,0.24324,176.41,146.76,0.61476,222.6
0.24,35.5,-63.01,2.4278,0,0,0,0,0,55,0,0,95,58.07,0.24324,176.41,146.76,0.61476,222.6
0.24,35.5,-63.01,2.4295,0,0,0,0,0,55,0,0,95,58.07,0.24324,176.41,146.76,0.61476,222.6
0.24,35.5,-63.01,2.4312,0,0,0,0,0,55,0,0,95,58.07,0.24324,176.41,146.76,0.61476,222.6
0.24,35.5,-63.01,2.4333,0,0,0,0,0,55,0,0,95,58.07,0.24324,176.41,146.76,0.61476,222.6
0.24,35.5,-63.01,2.4352,0,0,0,0,0,55,0,0,95,58.07,0.24324,176.41,146.76,0.61476,222.6
0.24,35.5,-63.01,2.4371,0,0,0,0,0,55,0,0,95,58.07,0.24324,176.41,146.76,0.61476,222.6
0.24,35.5,-63.01,2.4389,0,0,0,0,0,55,0,0,95,58.07,0.24324,176.41,146.76,0.61476,222.6
0.24,35.5,-63.01,2.4417,0,0,0,0,0,55,0,0,95,58.07,0.24324,176.41,146.76,0.61476,222.6
0.24,35.5,-63.01,2.4438,0,0,0,0,0,55,0,0,95,58.07,0.24324,176.41,146.76,0.61476,222.6
0.24,35.5,-63.01,2.4461,0,0,0,0,0,55,0,0,95,58.07,0.24324,176.41,146.76,0.61476,222.6
0.24,35.5,-63.01,2.4478,0,0,0,0,0,55,0,0,95,58.07,0.24324,176.41,146.76,0.61476,222.6
0.24,35.5,-63.01,2.4495,0,0,0,0,0,55,0,0,95,58.07,0.24324,176.41,146.76,0.61476,222.6
0.24,35.5,-63.01,2.4513,0,0,0,0,0,55,0,0,95,58.07,0.24324,176.41,146.76,0.61476,222.6
0.24,35.5,-63.01,2.4533,0,0,0,0,0,55,0,0,95,58.07,0.24324,176.41,146.76,0.61476,222.6
0.24,35.5,-63.01,2.4556,0,0,0,0,0,55,0,0,95,58.07,0.24324,176.41,146.76,0.61476,222.6
0.24,35.5,-63.01,2.4576,0,0,0,0,0,55,0,0,95,58.07,0.24324,176.41,146.76,0.61476,222.6
0.24,35.5,-63.01,2.4596,0,0,0,0,0,55,0,0,95,58.07,0.24324,176.41,146.76,0.61476,222.6
0.24,35.5,-63.01,2.4615,0,0,0,0,0,55,0,0,95,58.07,0.24324,176.41,146.76,0.61476,222.6
0.24,35.5,-63.01,2.4632,0,0,0,0,0,55,0,0,95,58.07,0.24324,176.41,146.76,0.61476,222.6
0.24,35.5,-63.01,2.4651,0,0,0,0,0,55,0,0,95,58.07,0.24324,176.41,146.76,0.61476,222.6
0.24,35.5,-63.01,2.471,0,0,0,0,0,55,0,0,95,58.07,0.24324,176.41,146.76,0.61476,222.6
0.24,35.5,-63.25,2.4739,0,0,0,0,0,55,0,0,95,58.07,0.24324,176.41,146.57,0.61395,222.97
0.24,35.5,-63.25,2.4766,0,0,0,0,0,55,0,0,95,58.07,0.24324,176.41,146.57,0.61395,222.97
0.24,35.5,-63.25,2.4789,0,0,0,0,0,55,0,0,95,58.07,0.24324,176.41,146.57,0.61395,222.97
0.24,35.5,-63.25,2.4808,0,0,0,0,0,55,0,0,95,58.07,0.24324,176.41,146.57,0.61395,222.97
0.24,35.5,-63.25,2.4834,0,0,0,0,0,55,0,0,95,58.07,0.24324,176.41,146.57,0.61395,222.97
0.24,35.5,-63.01,2.4853,0,0,0,0,0,55,0,0,95,58.07,0.24324,176.41,146.76,0.61476,222.6
0.24,35.5,-63.01,2.4873,0,0,0,0,0,55,0,0,95,58.07,0.24324,176.41,146.76,0.61476,222.6
0.24,35.5,-63.01,2.4892,0,0,0,0,0,55,0,0,95,58.07,0.24324,176.41,146.76,0.61476,222.6
0.24,35.5,-63.01,2.4912,0,0,0,0,0,55,0,0,95,58.07,0.24324,176.41,146.76,0.61476,222.6
0.24,35.5,-63.01,2.4929,0,0,0,0,0,55,0,0,95,58.07,0.24324,176.41,146.76,0.61476,222.6
0.24,35.5,-63.01,2.4949,0,0,0,0,0,55,0,0,95,58.07,0.24324,176.41,146.76,0.61476,222.6
0.24,35.5,-63.01,2.497,0,0,0,0,0,55,0,0,95,58.07,0.24324,176.41,146.76,0.61476,222.6
0.24,35.5,-63.01,2.4987,0,0,0,0,0,55,0,0,95,58.07,0.24324,176.41,146.76,0.61476,222.6
0.24,35.5,-63.01,2.5004,0,0,0,0,0,55,0,0,95,58.07,0.24324,176.41,146.76,0.61476,222.6
0.24,35.5,-63.01,2.5024,0,0,0,0,0,55,0,0,95,58.07,0.24324,176.41,146.76,0.61476,222.6
0.24,35.5,-63.01,2.5044,0,0,0,0,0,55,0,0,95,58.07,0.24324,176.41,146.76,0.61476,222.6
0.24,35.5,-63.01,2.5066,0,0,0,0,0,55,0,0,95,58.07,0.24324,176.41,146.76,0.61476,222.6
0.24,35.5,-63.01,2.5083,0,0,0,0,0,55,0,0,95,58.07,0.24324,176.41,146.76,0.61476,222.6
0.24,35.5,-63.01,2.5101,0,0,0,0,0,55,0,0,95,58.07,0.24324,176.41,146.76,0.61476,222.6
0.24,35.5,-63.01,2.512,0,0,0,0,0,55,0,0,95,58.07,0.24324,176.41,146.76,0.61476,222.6
0.24,35.5,-63.01,2.5136,0,0,0,0,0,55,0,0,95,58.07,0.24324,176.41,146.76,0.61476,222.6
0.24,35.5,-63.01,2.5156,0,0,0,0,0,55,0,0,95,58.07,0.24324,176.41,146.76,0.61476,222.6
0.24,35.5,-63.25,2.5232,0,0,0,0,0,55,0,0,95,58.07,0.24324,176.41,146.57,0.61395,222.97
0.24,35.5,-63.25,2.526,0,0,0,0,0,55,0,0,95,58.07,0.24324,176.41,146.57,0.61395,222.97
0.24,35.5,-63.25,2.5288,0,0,0,0,0,55,0,0,95,58.07,0.24324,176.41,146.57,0.61395,222.97
0.24,35.5,-63.25,2.5315,0,0,0,0,0,55,0,0,95,58.07,0.24324,176.41,146.57,0.61395,222.97
0.24,35.74,-63.25,2.5334,0,0,0,0,0,55,0,0,95,58.41,0.24467,176.17,147.1,0.61619,222.36
0.24,35.74,-63.25,2.5354,0,0,0,0,0,55,0,0,95,58.41,0.24467,176.17,147.1,0.61619,222.36
0.24,35.74,-63.25,2.5372,0,0,0,0,0,55,0,0,95,58.41,0.24467,176.17,147.1,0.61619,222.36
0.24,35.74,-63.25,2.5388,0,0,0,0,0,55,0,0,95,58.41,0.24467,176.17,147.1,0.61619,222.36
0.24,35.74,-63.25,2.5407,0,0,0,0,0,55,0,0,95,58.41,0.24467,176.17,147.1,0.61619,222.36
0.24,35.74,-63.25,2.5424,0,0,0,0,0,55,0,0,95,58.41,0.24467,176.17,147.1,0.61619,222.36
0.24,35.74,-63.25,2.5441,0,0,0,0,0,55,0,0,95,58.41,0.24467,176.17,147.1,0.61619,222.36
0.24,35.74,-63.25,2.5473,0,0,0,0,0,55,0,0,95,58.41,0.24467,176.17,147.1,0.61619,222.36
0.24,35.98,-63.25,2.5497,0,0,0,0,0,55,0,0,95,58.75,0.24609,175.92,147.63,0.61841,221.74
0.24,35.98,-63.25,2.5514,0,0,0,0,0,55,0,0,95,58.75,0.24609,175.92,147.63,0.61841,221.74
0.24,35.98,-63.25,2.5532,0,0,0,0,0,55,0,0,95,58.75,0.24609,175.92,147.63,0.61841,221.74
0.24,35.98,-63.25,2.555,0,0,0,0,0,55,0,0,95,58.75,0.24609,175.92,147.63,0.61841,221.74
0.24,35.98,-63.25,2.5566,0,0,0,0,0,55,0,0,95,58.75,0.24609,175.92,147.63,0.61841,221.74
0.24,35.98,-63.25,2.5583,0,0,0,0,0,55,0,0,95,58.75,0.24609,175.92,147.63,0.61841,221.74
0.24,35.98,-63.25,2.5602,0,0,0,0,0,55,0,0,95,58.75,0.24609,175.92,147.63,0.61841,221.74
0.24,35.98,-63.25,2.562,0,0,0,0,0,55,0,0,95,58.75,0.24609,175.92,147.63,0.61841,221.74
0.24,35.98,-63.25,2.5642,0,0,0,0,0,55,0,0,95,58.75,0.24609,175.92,147.63,0.61841,221.74
0.24,35.98,-63.25,2.5663,0,0,0,0,0,55,0,0,95,58.75,0.24609,175.92,147.63,0.61841,221.74
0.24,35.98,-63.25,2.5681,0,0,0,0,0,55,0,0,95,58.75,0.24609,175.92,147.63,0.61841,221.74
0.24,35.98,-63.25,2.5725,0,0,0,0,0,55,0,0,95,58.75,0.24609,175.92,147.63,0.61841,221.74
0.24,35.98,-63.25,2.5742,0,0,0,0,0,55,0,0,95,58.75,0.24609,175.92,147.63,0.61841,221.74
0.24,35.98,-63.25,2.5774,0,0,0,0,0,55,0,0,95,58.75,0.24609,175.92,147.63,0.61841,221.74
0.24,35.98,-63.25,2.5807,0,0,0,0,0,55,0,0,95,58.75,0.24609,175.92,147.63,0.61841,221.74
0.24,35.98,-63.25,2.584,0,0,0,0,0,55,0,0,95,58.75,0.24609,175.92,147.63,0.61841,221.74
0.24,35.98,-63.25,2.5862,0,0,0,0,0,55,0,0,95,58.75,0.24609,175.92,147.63,0.61841,221.74
0.24,35.98,-63.25,2.5879,0,0,0,0,0,55,0,0,95,58.75,0.24609,175.92,147.63,0.61841,221.74
0.24,35.98,-63.25,2.5897,0,0,0,0,0,55,0,0,95,58.75,0.24609,175.92,147.63,0.61841,221.74
0.24,35.98,-63.25,2.5913,0,0,0,0,0,55,0,0,95,58.75,0.24609,175.92,147.63,0.61841,221.74
0.24,35.98,-63.25,2.5931,0,0,0,0,0,55,0,0,95,58.75,0.24609,175.92,147.63,0.61841,221.74
0.24,35.98,-63.25,2.5951,0,0,0,0,0,55,0,0,95,58.75,0.24609,175.92,147.63,0.61841,221.74
0.24,35.98,-63.25,2.5977,0,0,0,0,0,55,0,0,95,58.75,0.24609,175.92,147.63,0.61841,221.74
0.24,36.22,-63.49,2.5999,0,0,0,0,0,55,0,0,95,59.088,0.24751,175.68,147.97,0.61983,221.49
0.24,36.22,-63.49,2.6021,0,0,0,0,0,55,0,0,95,59.088,0.24751,175.68,147.97,0.61983,221.49
0.24,36.22,-63.49,2.6039,0,0,0,0,0,55,0,0,95,59.088,0.24751,175.68,147.97,0.61983,221.49
0.24,36.22,-63.49,2.6056,0,0,0,0,0,55,0,0,95,59.088,0.24751,175.68,147.97,0.61983,221.49
0.24,36.22,-63.49,2.6073,0,0,0,0,0,55,0,0,95,59.088,0.24751,175.68,147.97,0.61983,221.49
0.24,36.22,-63.49,2.6091,0,0,0,0,0,55,0,0,95,59.088,0.24751,175.68,147.97,0.61983,221.49
0.24,36.22,-63.49,2.6109,0,0,0,0,0,55,0,0,95,59.088,0.24751,175.68,147.97,0.61983,221.49
0.24,36.22,-63.49,2.6128,0,0,0,0,0,55,0,0,95,59.088,0.24751,175.68,147.97,0.61983,221.49
0.24,35.74,-63.49,2.6145,0,0,0,0,0,55,0,0,95,58.41,0.24467,176.17,146.91,0.61537,222.73
0.24,35.74,-63.49,2.6162,0,0,0,0,0,55,0,0,95,58.41,0.24467,176.17,146.91,0.61537,222.73
0.24,35.74,-63.49,2.6186,0,0,0,0,0,55,0,0,95,58.41,0.24467,176.17,146.91,0.61537,222.73
0.24,35.74,-63.49,2.6246,0,0,0,0,0,55,0,0,95,58.41,0.24467,176.17,146.91,0.61537,222.73
0.24,35.74,-63.49,2.6275,0,0,0,0,0,55,0,0,95,58.41,0.24467,176.17,146.91,0.61537,222.73
0.24,35.98,-63.49,2.631,0,0,0,0,0,55,0,0,95,58.75,0.24609,175.92,147.44,0.61761,222.11
0.24,35.98,-63.49,2.6334,0,0,0,0,0,55,0,0,95,58.75,0.24609,175.92,147.44,0.61761,222.11
0.24,35.98,-63.49,2.6353,0,0,0,0,0,55,0,0,95,58.75,0.24609,175.92,147.44,0.61761,222.11
0.24,35.98,-63.49,2.6372,0,0,0,0,0,55,0,0,95,58.75,0.24609,175.92,147.44,0.61761,222.11
0.24,35.98,-63.49,2.6388,0,0,0,0,0,55,0,0,95,58.75,0.24609,175.92,147.44,0.61761,222.11
0.24,35.98,-63.49,2.6405,0,0,0,0,0,55,0,0,95,58.75,0.24609,175.92,147.44,0.61761,222.11
0.24,35.98,-63.49,2.6423,0,0,0,0,0,55,0,0,95,58.75,0.24609,175.92,147.44,0.61761,222.11
0.24,35.98,-63.49,2.6441,0,0,0,0,0,55,0,0,95,58.75,0.24609,175.92,147.44,0.61761,222.11
0.24,36.22,-63.49,2.6459,0,0,0,0,0,55,0,0,95,59.088,0.24751,175.68,147.97,0.61983,221.49
0.24,36.22,-63.49,2.6475,0,0,0,0,0,55,0,0,95,59.088,0.24751,175.68,147.97,0.61983,221.49
0.24,36.22,-63.49,2.6492,0,0,0,0,0,55,0,0,95,59.088,0.24751,175.68,147.97,0.61983,221.49
0.24,36.22,-63.49,2.6511,0,0,0,0,0,55,0,0,95,59.088,0.24751,175.68,147.97,0.61983,221.49
0.24,36.22,-63.49,2.6527,0,0,0,0,0,55,0,0,95,59.088,0.24751,175.68,147.97,0.61983,221.49
0.24,36.22,-63.49,2.6544,0,0,0,0,0,55,0,0,95,59.088,0.24751,175.68,147.97,0.61983,221.49
0.24,36.22,-63.49,2.6566,0,0,0,0,0,55,0,0,95,59.088,0.24751,175.68,147.97,0.61983,221.49
0.24,36.22,-63.49,2.6599,0,0,0,0,0,55,0,0,95,59.088,0.24751,175.68,147.97,0.61983,221.49
0.24,36.7,-63.49,2.6632,0,0,0,0,0,55,0,0,95,59.762,0.25033,175.18,149.03,0.62425,220.25
0.24,36.7,-63.49,2.6672,0,0,0,0,0,55,0,0,95,59.762,0.25033,175.18,149.03,0.62425,220.25
0.24,36.7,-63.49,2.6697,0,0,0,0,0,55,0,0,95,59.762,0.25033,175.18,149.03,0.62425,220.25
0.24,36.7,-63.49,2.6716,0,0,0,0,0,55,0,0,95,59.762,0.25033,175.18,149.03,0.62425,220.25
0.24,36.7,-63.49,2.6735,0,0,0,0,0,55,0,0,95,59.762,0.25033,175.18,149.03,0.62425,220.25
0.24,36.7,-63.49,2.6777,0,0,0,0,0,55,0,0,95,59.762,0.25033,175.18,149.03,0.62425,220.25
0.24,36.7,-63.49,2.6796,0,0,0,0,0,55,0,0,95,59.762,0.25033,175.18,149.03,0.62425,220.25
0.24,36.7,-63.49,2.6814,0,0,0,0,0,55,0,0,95,59.762,0.25033,175.18,149.03,0.62425,220.25
0.24,36.7,-63.49,2.686,0,0,0,0,0,55,0,0,95,59.762,0.25033,175.18,149.03,0.62425,220.25
0.24,36.7,-63.49,2.6893,0,0,0,0,0,55,0,0,95,59.762,0.25033,175.18,149.03,0.62425,220.25
0.24,36.7,-63.49,2.6922,0,0,0,0,0,55,0,0,95,59.762,0.25033,175.18,149.03,0.62425,220.25
0.24,36.94,-63.49,2.6945,0,0,0,0,0,55,0,0,95,60.097,0.25174,174.93,149.55,0.62644,219.62
0.24,36.94,-63.49,2.6963,0,0,0,0,0,55,0,0,95,60.097,0.25174,174.93,149.55,0.62644,219.62
0.24,36.94,-63.49,2.6985,0,0,0,0,0,55,0,0,95,60.097,0.25174,174.93,149.55,0.62644,219.62
0.24,36.94,-63.49,2.7007,0,0,0,0,0,55,0,0,95,60.097,0.25174,174.93,149.55,0.62644,219.62
0.24,36.94,-63.49,2.7025,0,0,0,0,0,55,0,0,95,60.097,0.25174,174.93,149.55,0.62644,219.62
0.24,36.94,-63.49,2.7043,0,0,0,0,0,55,0,0,95,60.097,0.25174,174.93,149.55,0.62644,219.62
0.24,36.94,-63.49,2.7059,0,0,0,0,0,55,0,0,95,60.097,0.25174,174.93,149.55,0.62644,219.62
0.24,36.94,-63.49,2.7077,0,0,0,0,0,55,0,0,95,60.097,0.25174,174.93,149.55,0.62644,219.62
0.24,36.94,-63.73,2.7094,0,0,0,0,0,55,0,0,95,60.097,0.25174,174.93,149.36,0.62565,220
0.24,36.94,-63.73,2.7112,0,0,0,0,0,55,0,0,95,60.097,0.25174,174.93,149.36,0.62565,220
0.24,36.94,-63.73,2.7135,0,0,0,0,0,55,0,0,95,60.097,0.25174,174.93,149.36,0.62565,220
0.24,36.94,-63.73,2.716,0,0,0,0,0,55,0,0,95,60.097,0.25174,174.93,149.36,0.62565,220
0.24,36.94,-63.73,2.7181,0,0,0,0,0,55,0,0,95,60.097,0.25174,174.93,149.36,0.62565,220
0.24,36.94,-63.73,2.7198,0,0,0,0,0,55,0,0,95,60.097,0.25174,174.93,149.36,0.62565,220
0.24,36.94,-63.73,2.7218,0,0,0,0,0,55,0,0,95,60.097,0.25174,174.93,149.36,0.62565,220
0.24,36.94,-63.73,2.7238,0,0,0,0,0,55,0,0,95,60.097,0.25174,174.93,149.36,0.62565,220
0.24,36.94,-63.73,2.7256,0,0,0,0,0,55,0,0,95,60.097,0.25174,174.93,149.36,0.62565,220
0.24,37.18,-63.73,2.7318,0,0,0,0,0,55,0,0,95,60.432,0.25314,174.67,149.89,0.62784,219.37
0.24,37.18,-63.73,2.7344,0,0,0,0,0,55,0,0,95,60.432,0.25314,174.67,149.89,0.62784,219.37
0.24,37.18,-63.73,2.7363,0,0,0,0,0,55,0,0,95,60.432,0.25314,174.67,149.89,0.62784,219.37
0.24,37.18,-63.73,2.7387,0,0,0,0,0,55,0,0,95,60.432,0.25314,174.67,149.89,0.62784,219.37
0.24,37.18,-63.73,2.7408,0,0,0,0,0,55,0,0,95,60.432,0.25314,174.67,149.89,0.62784,219.37
0.24,37.42,-63.97,2.7432,0,0,0,0,0,55,0,0,95,60.765,0.25453,174.42,150.22,0.62924,219.12
0.24,37.42,-63.97,2.7454,0,0,0,0,0,55,0,0,95,60.765,0.25453,174.42,150.22,0.62924,219.12
0.24,37.42,-63.97,2.7473,0,0,0,0,0,55,0,0,95,60.765,0.25453,174.42,150.22,0.62924,219.12
0.24,37.42,-63.97,2.7493,0,0,0,0,0,55,0,0,95,60.765,0.25453,174.42,150.22,0.62924,219.12
0.24,37.42,-63.97,2.7517,0,0,0,0,0,55,0,0,95,60.765,0.25453,174.42,150.22,0.62924,219.12
0.24,37.42,-63.97,2.7543,0,0,0,0,0,55,0,0,95,60.765,0.25453,174.42,150.22,0.62924,219.12
0.24,37.42,-63.97,2.7567,0,0,0,0,0,55,0,0,95,60.765,0.25453,174.42,150.22,0.62924,219.12
0.24,37.42,-63.97,2.7588,0,0,0,0,0,55,0,0,95,60.765,0.25453,174.42,150.22,0.62924,219.12
0.24,37.66,-63.97,2.7609,0,0,0,0,0,55,0,0,95,61.097,0.25592,174.17,150.74,0.63141,218.49
0.24,37.66,-63.97,2.7629,0,0,0,0,0,55,0,0,95,61.097,0.25592,174.17,150.74,0.63141,218.49
0.24,37.66,-63.97,2.7648,0,0,0,0,0,55,0,0,95,61.097,0.25592,174.17,150.74,0.63141,218.49
0.24,37.66,-63.97,2.7668,0,0,0,0,0,55,0,0,95,61.097,0.25592,174.17,150.74,0.63141,218.49
0.24,37.66,-63.97,2.769,0,0,0,0,0,55,0,0,95,61.097,0.25592,174.17,150.74,0.63141,218.49
0.24,37.66,-63.97,2.7711,0,0,0,0,0,55,0,0,95,61.097,0.25592,174.17,150.74,0.63141,218.49
0.24,37.66,-63.97,2.773,0,0,0,0,0,55,0,0,95,61.097,0.25592,174.17,150.74,0.63141,218.49
0.24,37.66,-63.97,2.7753,0,0,0,0,0,55,0,0,95,61.097,0.25592,174.17,150.74,0.63141,218.49
0.24,37.66,-63.97,2.7773,0,0,0,0,0,55,0,0,95,61.097,0.25592,174.17,150.74,0.63141,218.49
0.24,37.66,-63.97,2.7793,0,0,0,0,0,55,0,0,95,61.097,0.25592,174.17,150.74,0.63141,218.49
0.24,37.66,-63.97,2.7845,0,0,0,0,0,55,0,0,95,61.097,0.25592,174.17,150.74,0.63141,218.49
0.24,37.66,-63.97,2.787,0,0,0,0,0,55,0,0,95,61.097,0.25592,174.17,150.74,0.63141,218.49
0.24,37.66,-63.97,2.7888,0,0,0,0,0,55,0,0,95,61.097,0.25592,174.17,150.74,0.63141,218.49
0.24,37.66,-63.97,2.7908,0,0,0,0,0,55,0,0,95,61.097,0.25592,174.17,150.74,0.63141,218.49
0.24,37.9,-63.97,2.7926,0,0,0,0,0,55,0,0,95,61.428,0.25731,173.91,151.25,0.63357,217.86
0.24,37.9,-63.97,2.7944,0,0,0,0,0,55,0,0,95,61.428,0.25731,173.91,151.25,0.63357,217.86
0.24,37.9,-63.97,2.7962,0,0,0,0,0,55,0,0,95,61.428,0.25731,173.91,151.25,0.63357,217.86
0.24,37.9,-63.97,2.798,0,0,0,0,0,55,0,0,95,61.428,0.25731,173.91,151.25,0.63357,217.86
0.24,37.9,-63.97,2.7997,0,0,0,0,0,55,0,0,95,61.428,0.25731,173.91,151.25,0.63357,217.86
0.24,37.9,-63.97,2.8018,0,0,0,0,0,55,0,0,95,61.428,0.25731,173.91,151.25,0.63357,217.86
0.24,37.9,-63.97,2.8039,0,0,0,0,0,55,0,0,95,61.428,0.25731,173.91,151.25,0.63357,217.86
0.24,37.9,-63.97,2.8057,0,0,0,0,0,55,0,0,95,61.428,0.25731,173.91,151.25,0.63357,217.86
0.24,37.9,-63.97,2.8075,0,0,0,0,0,55,0,0,95,61.428,0.25731,173.91,151.25,0.63357,217.86
0.24,37.9,-63.97,2.8092,0,0,0,0,0,55,0,0,95,61.428,0.25731,173.91,151.25,0.63357,217.86
0.24,37.9,-63.97,2.811,0,0,0,0,0,55,0,0,95,61.428,0.25731,173.91,151.25,0.63357,217.86
0.24,37.9,-63.97,2.8128,0,0,0,0,0,55,0,0,95,61.428,0.25731,173.91,151.25,0.63357,217.86
0.24,37.9,-63.97,2.8146,0,0,0,0,0,55,0,0,95,61.428,0.25731,173.91,151.25,0.63357,217.86
0.24,37.9,-63.97,2.8165,0,0,0,0,0,55,0,0,95,61.428,0.25731,173.91,151.25,0.63357,217.86
0.24,37.9,-63.97,2.8183,0,0,0,0,0,55,0,0,95,61.428,0.25731,173.91,151.25,0.63357,217.86
0.24,37.9,-63.97,2.8205,0,0,0,0,0,55,0,0,95,61.428,0.25731,173.91,151.25,0.63357,217.86
0.24,37.9,-63.97,2.8225,0,0,0,0,0,55,0,0,95,61.428,0.25731,173.91,151.25,0.63357,217.86
0.24,37.9,-63.97,2.8245,0,0,0,0,0,55,0,0,95,61.428,0.25731,173.91,151.25,0.63357,217.86
0.24,38.14,-63.97,2.8263,0,0,0,0,0,55,0,0,95,61.758,0.25869,173.65,151.77,0.63572,217.22
0.24,38.14,-63.97,2.8318,0,0,0,0,0,55,0,0,95,61.758,0.25869,173.65,151.77,0.63572,217.22
0.24,38.14,-63.97,2.835,0,0,0,0,0,55,0,0,95,61.758,0.25869,173.65,151.77,0.63572,217.22
0.24,38.14,-63.97,2.8373,0,0,0,0,0,55,0,0,95,61.758,0.25869,173.65,151.77,0.63572,217.22
0.24,38.14,-63.97,2.8395,0,0,0,0,0,55,0,0,95,61.758,0.25869,173.65,151.77,0.63572,217.22
0.24,38.14,-64.21,2.8414,0,0,0,0,0,55,0,0,95,61.758,0.25869,173.65,151.58,0.63495,217.6
0.24,38.14,-64.21,2.8431,0,0,0,0,0,55,0,0,95,61.758,0.25869,173.65,151.58,0.63495,217.6
0.24,38.14,-64.21,2.8449,0,0,0,0,0,55,0,0,95,61.758,0.25869,173.65,151.58,0.63495,217.6
0.24,38.14,-64.21,2.8465,0,0,0,0,0,55,0,0,95,61.758,0.25869,173.65,151.58,0.63495,217.6
0.24,38.14,-64.21,2.8482,0,0,0,0,0,55,0,0,95,61.758,0.25869,173.65,151.58,0.63495,217.6
0.24,38.14,-64.21,2.8499,0,0,0,0,0,55,0,0,95,61.758,0.25869,173.65,151.58,0.63495,217.6
0.24,38.14,-64.21,2.8515,0,0,0,0,0,55,0,0,95,61.758,0.25869,173.65,151.58,0.63495,217.6
0.24,38.14,-64.21,2.8533,0,0,0,0,0,55,0,0,95,61.758,0.25869,173.65,151.58,0.63495,217.6
0.24,38.38,-63.97,2.855,0,0,0,0,0,55,0,0,95,62.087,0.26007,173.39,152.28,0.63786,216.58
0.24,38.38,-63.97,2.8569,0,0,0,0,0,55,0,0,95,62.087,0.26007,173.39,152.28,0.63786,216.58
0.24,38.38,-63.97,2.8588,0,0,0,0,0,55,0,0,95,62.087,0.26007,173.39,152.28,0.63786,216.58
0.24,38.38,-63.97,2.8609,0,0,0,0,0,55,0,0,95,62.087,0.26007,173.39,152.28,0.63786,216.58
0.24,38.38,-63.97,2.8631,0,0,0,0,0,55,0,0,95,62.087,0.26007,173.39,152.28,0.63786,216.58
0.24,38.38,-63.97,2.8651,0,0,0,0,0,55,0,0,95,62.087,0.26007,173.39,152.28,0.63786,216.58
0.24,38.38,-63.97,2.8671,0,0,0,0,0,55,0,0,95,62.087,0.26007,173.39,152.28,0.63786,216.58
0.24,38.38,-63.97,2.869,0,0,0,0,0,55,0,0,95,62.087,0.26007,173.39,152.28,0.63786,216.58
0.24,38.38,-63.97,2.8711,0,0,0,0,0,55,0,0,95,62.087,0.26007,173.39,152.28,0.63786,216.58
0.24,38.62,-64.21,2.8735,0,0,0,0,0,55,0,0,95,62.415,0.26144,173.13,152.6,0.63923,216.32
0.24,38.62,-64.21,2.8757,0,0,0,0,0,55,0,0,95,62.415,0.26144,173.13,152.6,0.63923,216.32
0.24,38.62,-64.21,2.8806,0,0,0,0,0,55,0,0,95,62.415,0.26144,173.13,152.6,0.63923,216.32
0.24,38.62,-64.21,2.8826,0,0,0,0,0,55,0,0,95,62.415,0.26144,173.13,152.6,0.63923,216.32
0.24,38.62,-64.21,2.8844,0,0,0,0,0,55,0,0,95,62.415,0.26144,173.13,152.6,0.63923,216.32
0.24,38.62,-64.21,2.8862,0,0,0,0,0,55,0,0,95,62.415,0.26144,173.13,152.6,0.63923,216.32
0.24,38.62,-63.97,2.888,0,0,0,0,0,55,0,0,95,62.415,0.26144,173.13,152.78,0.63999,215.94
0.24,38.62,-63.97,2.8899,0,0,0,0,0,55,0,0,95,62.415,0.26144,173.13,152.78,0.63999,215.94
0.24,38.62,-63.97,2.8917,0,0,0,0,0,55,0,0,95,62.415,0.26144,173.13,152.78,0.63999,215.94
0.24,38.62,-63.97,2.8935,0,0,0,0,0,55,0,0,95,62.415,0.26144,173.13,152.78,0.63999,215.94
0.24,38.62,-63.97,2.8953,0,0,0,0,0,55,0,0,95,62.415,0.26144,173.13,152.78,0.63999,215.94
0.24,38.62,-63.97,2.8969,0,0,0,0,0,55,0,0,95,62.415,0.26144,173.13,152.78,0.63999,215.94
0.24,38.62,-63.97,2.8989,0,0,0,0,0,55,0,0,95,62.415,0.26144,173.13,152.78,0.63999,215.94
0.24,38.62,-63.97,2.9009,0,0,0,0,0,55,0,0,95,62.415,0.26144,173.13,152.78,0.63999,215.94
0.24,38.62,-63.97,2.9027,0,0,0,0,0,55,0,0,95,62.415,0.26144,173.13,152.78,0.63999,215.94
0.24,39.1,-64.21,2.9051,0,0,0,0,0,55,0,0,95,63.067,0.26418,172.6,153.62,0.64347,215.04
0.24,39.1,-64.21,2.9068,0,0,0,0,0,55,0,0,95,63.067,0.26418,172.6,153.62,0.64347,215.04
0.24,39.1,-64.21,2.9086,0,0,0,0,0,55,0,0,95,63.067,0.26418,172.6,153.62,0.64347,215.04
0.24,39.1,-64.21,2.9103,0,0,0,0,0,55,0,0,95,63.067,0.26418,172.6,153.62,0.64347,215.04
0.24,39.1,-64.21,2.9125,0,0,0,0,0,55,0,0,95,63.067,0.26418,172.6,153.62,0.64347,215.04
0.24,39.1,-64.21,2.9145,0,0,0,0,0,55,0,0,95,63.067,0.26418,172.6,153.62,0.64347,215.04
0.24,39.1,-64.21,2.9169,0,0,0,0,0,55,0,0,95,63.067,0.26418,172.6,153.62,0.64347,215.04
0.24,39.1,-64.21,2.9187,0,0,0,0,0,55,0,0,95,63.067,0.26418,172.6,153.62,0.64347,215.04
0.24,39.34,-64.45,2.9207,0,0,0,0,0,55,0,0,95,63.392,0.26554,172.34,153.94,0.64483,214.78
0.24,39.34,-64.45,2.9229,0,0,0,0,0,55,0,0,95,63.392,0.26554,172.34,153.94,0.64483,214.78
0.24,39.34,-64.45,2.9299,0,0,0,0,0,55,0,0,95,63.392,0.26554,172.34,153.94,0.64483,214.78
0.24,39.34,-64.45,2.9335,0,0,0,0,0,55,0,0,95,63.392,0.26554,172.34,153.94,0.64483,214.78
0.24,39.34,-64.45,2.9362,0,0,0,0,0,55,0,0,95,63.392,0.26554,172.34,153.94,0.64483,214.78
0.24,39.34,-64.45,2.9387,0,0,0,0,0,55,0,0,95,63.392,0.26554,172.34,153.94,0.64483,214.78
0.24,39.34,-64.45,2.9414,0,0,0,0,0,55,0,0,95,63.392,0.26554,172.34,153.94,0.64483,214.78
0.24,39.34,-64.45,2.9437,0,0,0,0,0,55,0,0,95,63.392,0.26554,172.34,153.94,0.64483,214.78
0.24,39.34,-64.45,2.9465,0,0,0,0,0,55,0,0,95,63.392,0.26554,172.34,153.94,0.64483,214.78
0.24,39.34,-64.45,2.9496,0,0,0,0,0,55,0,0,95,63.392,0.26554,172.34,153.94,0.64483,214.78
0.24,39.58,-64.45,2.9521,0,0,0,0,0,55,0,0,95,63.715,0.26689,172.07,154.44,0.64692,214.13
0.24,39.58,-64.45,2.9546,0,0,0,0,0,55,0,0,95,63.715,0.26689,172.07,154.44,0.64692,214.13
0.24,39.58,-64.45,2.9579,0,0,0,0,0,55,0,0,95,63.715,0.26689,172.07,154.44,0.64692,214.13
0.24,39.58,-64.45,2.9605,0,0,0,0,0,55,0,0,95,63.715,0.26689,172.07,154.44,0.64692,214.13
0.24,39.58,-64.45,2.9631,0,0,0,0,0,55,0,0,95,63.715,0.26689,172.07,154.44,0.64692,214.13
0.24,39.58,-64.45,2.9654,0,0,0,0,0,55,0,0,95,63.715,0.26689,172.07,154.44,0.64692,214.13
0.24,39.82,-64.69,2.9681,0,0,0,0,0,55,0,0,95,64.037,0.26824,171.81,154.76,0.64827,213.86
0.24,39.82,-64.69,2.9706,0,0,0,0,0,55,0,0,95,64.037,0.26824,171.81,154.76,0.64827,213.86
0.24,39.82,-64.69,2.9735,0,0,0,0,0,55,0,0,95,64.037,0.26824,171.81,154.76,0.64827,213.86
0.24,39.82,-64.69,2.9768,0,0,0,0,0,55,0,0,95,64.037,0.26824,171.81,154.76,0.64827,213.86
0.24,39.82,-64.69,2.9796,0,0,0,0,0,55,0,0,95,64.037,0.26824,171.81,154.76,0.64827,213.86
0.24,39.82,-64.69,2.9822,0,0,0,0,0,55,0,0,95,64.037,0.26824,171.81,154.76,0.64827,213.86
0.24,39.1,-64.69,2.9846,0,0,0,0,0,55,0,0,95,63.067,0.26418,172.6,153.26,0.64197,215.8
0.24,39.1,-64.69,2.987,0,0,0,0,0,55,0,0,95,63.067,0.26418,172.6,153.26,0.64197,215.8
0.24,39.1,-64.69,2.9895,0,0,0,0,0,55,0,0,95,63.067,0.26418,172.6,153.26,0.64197,215.8
0.24,39.1,-64.69,2.9978,0,0,0,0,0,55,0,0,95,63.067,0.26418,172.6,153.26,0.64197,215.8
0.24,40.06,-64.69,3.001,0,0,0,0,0,55,0,0,95,64.358,0.26959,171.54,155.26,0.65035,213.21
0.24,40.06,-64.69,3.0037,0,0,0,0,0,55,0,0,95,64.358,0.26959,171.54,155.26,0.65035,213.21
0.24,40.06,-64.69,3.0063,0,0,0,0,0,55,0,0,95,64.358,0.26959,171.54,155.26,0.65035,213.21
0.24,40.06,-64.69,3.009,0,0,0,0,0,55,0,0,95,64.358,0.26959,171.54,155.26,0.65035,213.21
0.24,40.06,-64.69,3.0114,0,0,0,0,0,55,0,0,95,64.358,0.26959,171.54,155.26,0.65035,213.21
0.24,40.06,-64.69,3.0234,0,0,0,0,0,55,0,0,95,64.358,0.26959,171.54,155.26,0.65035,213.21
0.24,40.06,-64.93,3.0336,0,0,0,0,0,55,0,0,95,64.358,0.26959,171.54,155.08,0.64962,213.59
0.24,40.3,-64.93,3.0398,0,0,0,0,0,55,0,0,95,64.678,0.27093,171.27,155.58,0.65169,212.94
0.24,40.3,-64.93,3.0438,0,0,0,0,0,55,0,0,95,64.678,0.27093,171.27,155.58,0.65169,212.94
0.24,40.3,-64.93,3.0475,0,0,0,0,0,55,0,0,95,64.678,0.27093,171.27,155.58,0.65169,212.94
0.24,40.06,-65.17,3.0504,0,0,0,0,0,55,0,0,95,64.358,0.26959,171.54,154.91,0.64888,213.97
0.24,40.06,-65.17,3.053,0,0,0,0,0,55,0,0,95,64.358,0.26959,171.54,154.91,0.64888,213.97
0.24,40.06,-65.17,3.0565,0,0,0,0,0,55,0,0,95,64.358,0.26959,171.54,154.91,0.64888,213.97
0.24,40.06,-65.17,3.0598,0,0,0,0,0,55,0,0,95,64.358,0.26959,171.54,154.91,0.64888,213.97
0.24,40.06,-65.17,3.0629,0,0,0,0,0,55,0,0,95,64.358,0.26959,171.54,154.91,0.64888,213.97
0,40.3,-64.93,3.0652,0,0,0,0,0,55,0,0,95,64.679,0,171.27,155.58,0,212.94
0,40.3,-64.93,3.067,0,0,0,0,0,55,0,0,95,64.679,0,171.27,155.58,0,212.94
0,40.3,-64.93,3.0694,0,0,0,0,0,55,0,0,95,64.679,0,171.27,155.58,0,212.94
0,40.3,-64.93,3.0717,0,0,0,0,0,55,0,0,95,64.679,0,171.27,155.58,0,212.94
0,40.3,-64.93,3.0739,0,0,0,0,0,55,0,0,95,64.679,0,171.27,155.58,0,212.94
0,40.3,-64.93,3.0759,0,0,0,0,0,55,0,0,95,64.679,0,171.27,155.58,0,212.94
0,40.3,-64.93,3.0781,0,0,0,0,0,55,0,0,95,64.679,0,171.27,155.58,0,212.94
0.24,40.06,-65.41,3.0857,0,0,0,0,0,55,0,0,95,64.358,0.26959,171.54,154.73,0.64813,214.35
0.24,40.06,-65.41,3.0897,0,0,0,0,0,55,0,0,95,64.358,0.26959,171.54,154.73,0.64813,214.35
0.24,40.06,-65.41,3.0927,0,0,0,0,0,55,0,0,95,64.358,0.26959,171.54,154.73,0.64813,214.35
0.24,40.06,-65.41,3.0954,0,0,0,0,0,55,0,0,95,64.358,0.26959,171.54,154.73,0.64813,214.35
0.24,40.54,-65.89,3.0988,0,0,0,0,0,55,0,0,95,64.997,0.27226,171,155.37,0.65081,213.81
0.24,40.54,-65.89,3.1012,0,0,0,0,0,55,0,0,95,64.997,0.27226,171,155.37,0.65081,213.81
0.24,40.54,-65.89,3.1039,0,0,0,0,0,55,0,0,95,64.997,0.27226,171,155.37,0.65081,213.81
0.24,40.54,-65.89,3.1062,0,0,0,0,0,55,0,0,95,64.997,0.27226,171,155.37,0.65081,213.81
0.24,40.54,-65.89,3.1086,0,0,0,0,0,55,0,0,95,64.997,0.27226,171,155.37,0.65081,213.81
0.24,40.54,-65.89,3.1122,0,0,0,0,0,55,0,0,95,64.997,0.27226,171,155.37,0.65081,213.81
0.24,40.54,-65.17,3.1148,0,0,0,0,0,55,0,0,95,64.997,0.27226,171,155.9,0.65303,212.67
0.24,40.54,-65.17,3.1177,0,0,0,0,0,55,0,0,95,64.997,0.27226,171,155.9,0.65303,212.67
0.24,40.54,-65.17,3.1206,0,0,0,0,0,55,0,0,95,64.997,0.27226,171,155.9,0.65303,212.67
0.24,40.54,-65.17,3.1231,0,0,0,0,0,55,0,0,95,64.997,0.27226,171,155.9,0.65303,212.67
0.24,40.54,-65.17,3.1255,0,0,0,0,0,55,0,0,95,64.997,0.27226,171,155.9,0.65303,212.67
0.24,40.78,-65.41,3.1287,0,0,0,0,0,55,0,0,95,65.315,0.27359,170.72,156.22,0.65436,212.4
0.24,40.78,-65.41,3.1313,0,0,0,0,0,55,0,0,95,65.315,0.27359,170.72,156.22,0.65436,212.4
0.24,40.78,-65.41,3.1339,0,0,0,0,0,55,0,0,95,65.315,0.27359,170.72,156.22,0.65436,212.4
0.24,40.78,-65.41,3.1364,0,0,0,0,0,55,0,0,95,65.315,0.27359,170.72,156.22,0.65436,212.4
0.24,40.78,-65.41,3.1388,0,0,0,0,0,55,0,0,95,65.315,0.27359,170.72,156.22,0.65436,212.4
0.24,40.78,-65.41,3.1413,0,0,0,0,0,55,0,0,95,65.315,0.27359,170.72,156.22,0.65436,212.4
0.24,40.54,-65.41,3.1452,0,0,0,0,0,55,0,0,95,64.997,0.27226,171,155.72,0.65229,213.05
0.24,40.54,-65.41,3.1478,0,0,0,0,0,55,0,0,95,64.997,0.27226,171,155.72,0.65229,213.05
0.24,40.54,-65.41,3.1546,0,0,0,0,0,55,0,0,95,64.997,0.27226,171,155.72,0.65229,213.05
0.24,40.54,-65.41,3.1574,0,0,0,0,0,55,0,0,95,64.997,0.27226,171,155.72,0.65229,213.05
0.24,40.78,-65.89,3.1598,0,0,0,0,0,55,0,0,95,65.315,0.27359,170.72,155.86,0.65288,213.16
0.24,40.78,-65.89,3.1622,0,0,0,0,0,55,0,0,95,65.315,0.27359,170.72,155.86,0.65288,213.16
0.24,40.78,-65.89,3.1648,0,0,0,0,0,55,0,0,95,65.315,0.27359,170.72,155.86,0.65288,213.16
0.24,40.78,-65.89,3.1673,0,0,0,0,0,55,0,0,95,65.315,0.27359,170.72,155.86,0.65288,213.16
0.24,40.78,-65.89,3.1703,0,0,0,0,0,55,0,0,95,65.315,0.27359,170.72,155.86,0.65288,213.16
0.24,40.78,-65.89,3.1729,0,0,0,0,0,55,0,0,95,65.315,0.27359,170.72,155.86,0.65288,213.16
0.24,40.78,-65.89,3.1756,0,0,0,0,0,55,0,0,95,65.315,0.27359,170.72,155.86,0.65288,213.16
0.24,41.02,-65.41,3.1781,0,0,0,0,0,55,0,0,95,65.632,0.27492,170.45,156.71,0.65641,211.74
0.24,41.02,-65.41,3.1806,0,0,0,0,0,55,0,0,95,65.632,0.27492,170.45,156.71,0.65641,211.74
0.24,41.02,-65.41,3.191,0,0,0,0,0,55,0,0,95,65.632,0.27492,170.45,156.71,0.65641,211.74
0.24,41.02,-65.41,3.2022,0,0,0,0,0,55,0,0,95,65.632,0.27492,170.45,156.71,0.65641,211.74
0.24,41.02,-65.41,3.2098,0,0,0,0,0,55,0,0,95,65.632,0.27492,170.45,156.71,0.65641,211.74
0.24,41.26,-65.65,3.2173,0,0,0,0,0,55,0,0,95,65.947,0.27624,170.17,157.02,0.65774,211.47
0.24,41.26,-65.65,3.2227,0,0,0,0,0,55,0,0,95,65.947,0.27624,170.17,157.02,0.65774,211.47
0.24,41.26,-65.65,3.2262,0,0,0,0,0,55,0,0,95,65.947,0.27624,170.17,157.02,0.65774,211.47
0.24,41.26,-65.65,3.2299,0,0,0,0,0,55,0,0,95,65.947,0.27624,170.17,157.02,0.65774,211.47
0.24,41.26,-65.65,3.2326,0,0,0,0,0,55,0,0,95,65.947,0.27624,170.17,157.02,0.65774,211.47
0.24,41.26,-65.65,3.2362,0,0,0,0,0,55,0,0,95,65.947,0.27624,170.17,157.02,0.65774,211.47
0.24,41.26,-65.65,3.2394,0,0,0,0,0,55,0,0,95,65.947,0.27624,170.17,157.02,0.65774,211.47
0.24,41.5,-65.65,3.2427,0,0,0,0,0,55,0,0,95,66.261,0.27756,169.9,157.51,0.65977,210.81
0.24,41.5,-65.65,3.246,0,0,0,0,0,55,0,0,95,66.261,0.27756,169.9,157.51,0.65977,210.81
0.24,41.5,-65.65,3.2527,0,0,0,0,0,55,0,0,95,66.261,0.27756,169.9,157.51,0.65977,210.81
0.24,41.5,-65.65,3.2556,0,0,0,0,0,55,0,0,95,66.261,0.27756,169.9,157.51,0.65977,210.81
0.24,41.98,-65.89,3.2599,0,0,0,0,0,55,0,0,95,66.887,0.28018,169.34,158.3,0.66311,209.87
0.24,41.98,-65.89,3.2631,0,0,0,0,0,55,0,0,95,66.887,0.28018,169.34,158.3,0.66311,209.87
0.24,41.98,-65.89,3.2656,0,0,0,0,0,55,0,0,95,66.887,0.28018,169.34,158.3,0.66311,209.87
0.24,41.98,-65.89,3.2683,0,0,0,0,0,55,0,0,95,66.887,0.28018,169.34,158.3,0.66311,209.87
0.24,41.98,-65.89,3.2708,0,0,0,0,0,55,0,0,95,66.887,0.28018,169.34,158.3,0.66311,209.87
0.24,42.22,-65.89,3.2731,0,0,0,0,0,55,0,0,95,67.197,0.28148,169.06,158.78,0.66512,209.2
0.24,42.22,-65.89,3.2756,0,0,0,0,0,55,0,0,95,67.197,0.28148,169.06,158.78,0.66512,209.2
0.24,42.22,-65.89,3.2783,0,0,0,0,0,55,0,0,95,67.197,0.28148,169.06,158.78,0.66512,209.2
0.24,42.22,-65.89,3.2809,0,0,0,0,0,55,0,0,95,67.197,0.28148,169.06,158.78,0.66512,209.2
0.24,42.22,-65.89,3.2833,0,0,0,0,0,55,0,0,95,67.197,0.28148,169.06,158.78,0.66512,209.2
0.24,42.22,-65.89,3.2859,0,0,0,0,0,55,0,0,95,67.197,0.28148,169.06,158.78,0.66512,209.2
0.24,42.22,-65.89,3.289,0,0,0,0,0,55,0,0,95,67.197,0.28148,169.06,158.78,0.66512,209.2
0.24,42.22,-65.89,3.3053,0,0,0,0,0,55,0,0,95,67.197,0.28148,169.06,158.78,0.66512,209.2
0.24,42.22,-65.89,3.317,0,0,0,0,0,55,0,0,95,67.197,0.28148,169.06,158.78,0.66512,209.2
0.24,42.7,-65.89,3.3233,0,0,0,0,0,55,0,0,95,67.815,0.28407,168.49,159.73,0.6691,207.87
0.24,42.7,-65.89,3.327,0,0,0,0,0,55,0,0,95,67.815,0.28407,168.49,159.73,0.6691,207.87
0.24,42.7,-65.89,3.3303,0,0,0,0,0,55,0,0,95,67.815,0.28407,168.49,159.73,0.6691,207.87
0.24,42.7,-65.89,3.333,0,0,0,0,0,55,0,0,95,67.815,0.28407,168.49,159.73,0.6691,207.87
0.24,42.7,-65.89,3.3357,0,0,0,0,0,55,0,0,95,67.815,0.28407,168.49,159.73,0.6691,207.87
0.24,42.7,-65.89,3.3391,0,0,0,0,0,55,0,0,95,67.815,0.28407,168.49,159.73,0.6691,207.87
0.24,42.7,-65.89,3.3416,0,0,0,0,0,55,0,0,95,67.815,0.28407,168.49,159.73,0.6691,207.87
0.24,42.7,-65.89,3.349,0,0,0,0,0,55,0,0,95,67.815,0.28407,168.49,159.73,0.6691,207.87
0.24,42.94,-66.13,3.3527,0,0,0,0,0,55,0,0,95,68.123,0.28535,168.21,160.04,0.67039,207.58
0.24,42.94,-66.13,3.3552,0,0,0,0,0,55,0,0,95,68.123,0.28535,168.21,160.04,0.67039,207.58
0.24,42.94,-66.13,3.3575,0,0,0,0,0,55,0,0,95,68.123,0.28535,168.21,160.04,0.67039,207.58
0.24,42.94,-66.13,3.3601,0,0,0,0,0,55,0,0,95,68.123,0.28535,168.21,160.04,0.67039,207.58
0.24,42.94,-66.13,3.3626,0,0,0,0,0,55,0,0,95,68.123,0.28535,168.21,160.04,0.67039,207.58
0.24,42.94,-66.13,3.3653,0,0,0,0,0,55,0,0,95,68.123,0.28535,168.21,160.04,0.67039,207.58
0.24,43.18,-66.13,3.3679,0,0,0,0,0,55,0,0,95,68.429,0.28663,167.92,160.51,0.67236,206.91
0.24,43.18,-66.13,3.3715,0,0,0,0,0,55,0,0,95,68.429,0.28663,167.92,160.51,0.67236,206.91
0.24,43.18,-66.13,3.3742,0,0,0,0,0,55,0,0,95,68.429,0.28663,167.92,160.51,0.67236,206.91
0.24,43.18,-66.13,3.3771,0,0,0,0,0,55,0,0,95,68.429,0.28663,167.92,160.51,0.67236,206.91
0.24,43.18,-66.13,3.3796,0,0,0,0,0,55,0,0,95,68.429,0.28663,167.92,160.51,0.67236,206.91
0.24,43.18,-66.13,3.3826,0,0,0,0,0,55,0,0,95,68.429,0.28663,167.92,160.51,0.67236,206.91
0.24,43.42,-65.89,3.3853,0,0,0,0,0,55,0,0,95,68.734,0.28791,167.63,161.14,0.67499,205.85
0.24,43.42,-65.89,3.3886,0,0,0,0,0,55,0,0,95,68.734,0.28791,167.63,161.14,0.67499,205.85
0.24,43.42,-65.89,3.3918,0,0,0,0,0,55,0,0,95,68.734,0.28791,167.63,161.14,0.67499,205.85
0.24,43.42,-65.89,3.3949,0,0,0,0,0,55,0,0,95,68.734,0.28791,167.63,161.14,0.67499,205.85
0.24,43.42,-65.89,3.398,0,0,0,0,0,55,0,0,95,68.734,0.28791,167.63,161.14,0.67499,205.85
0.24,43.42,-66.13,3.401,0,0,0,0,0,55,0,0,95,68.734,0.28791,167.63,160.98,0.67431,206.24
0.24,43.42,-66.13,3.404,0,0,0,0,0,55,0,0,95,68.734,0.28791,167.63,160.98,0.67431,206.24
0.24,43.42,-66.13,3.4077,0,0,0,0,0,55,0,0,95,68.734,0.28791,167.63,160.98,0.67431,206.24
0.24,43.42,-66.13,3.4106,0,0,0,0,0,55,0,0,95,68.734,0.28791,167.63,160.98,0.67431,206.24
0.24,43.42,-66.13,3.4135,0,0,0,0,0,55,0,0,95,68.734,0.28791,167.63,160.98,0.67431,206.24
0.24,43.18,-66.13,3.4246,0,0,0,0,0,55,0,0,95,68.429,0.28663,167.92,160.51,0.67236,206.91
0.24,43.18,-66.13,3.4275,0,0,0,0,0,55,0,0,95,68.429,0.28663,167.92,160.51,0.67236,206.91
0.24,43.18,-66.13,3.4308,0,0,0,0,0,55,0,0,95,68.429,0.28663,167.92,160.51,0.67236,206.91
0.24,43.42,-66.13,3.4338,0,0,0,0,0,55,0,0,95,68.734,0.28791,167.63,160.98,0.67431,206.24
0.24,43.42,-66.13,3.4369,0,0,0,0,0,55,0,0,95,68.734,0.28791,167.63,160.98,0.67431,206.24
0.24,43.42,-66.13,3.4404,0,0,0,0,0,55,0,0,95,68.734,0.28791,167.63,160.98,0.67431,206.24
0.24,43.42,-66.13,3.4434,0,0,0,0,0,55,0,0,95,68.734,0.28791,167.63,160.98,0.67431,206.24
0.24,43.42,-66.13,3.4464,0,0,0,0,0,55,0,0,95,68.734,0.28791,167.63,160.98,0.67431,206.24
0.24,43.42,-66.13,3.4495,0,0,0,0,0,55,0,0,95,68.734,0.28791,167.63,160.98,0.67431,206.24
0.24,43.42,-66.13,3.4526,0,0,0,0,0,55,0,0,95,68.734,0.28791,167.63,160.98,0.67431,206.24
0.24,43.42,-66.13,3.4557,0,0,0,0,0,55,0,0,95,68.734,0.28791,167.63,160.98,0.67431,206.24
0.24,43.42,-66.13,3.4588,0,0,0,0,0,55,0,0,95,68.734,0.28791,167.63,160.98,0.67431,206.24
0.24,43.42,-66.13,3.4621,0,0,0,0,0,55,0,0,95,68.734,0.28791,167.63,160.98,0.67431,206.24
0.24,43.42,-66.13,3.4654,0,0,0,0,0,55,0,0,95,68.734,0.28791,167.63,160.98,0.67431,206.24
0.24,43.42,-66.13,3.4686,0,0,0,0,0,55,0,0,95,68.734,0.28791,167.63,160.98,0.67431,206.24
0.24,43.42,-66.13,3.472,0,0,0,0,0,55,0,0,95,68.734,0.28791,167.63,160.98,0.67431,206.24
0.24,43.42,-66.13,3.4751,0,0,0,0,0,55,0,0,95,68.734,0.28791,167.63,160.98,0.67431,206.24
0.24,43.42,-66.13,3.4789,0,0,0,0,0,55,0,0,95,68.734,0.28791,167.63,160.98,0.67431,206.24
0.24,43.66,-66.13,3.4809,0,0,0,0,0,55,0,0,95,69.037,0.28918,167.34,161.44,0.67626,205.56
0.24,43.66,-66.13,3.4831,0,0,0,0,0,55,0,0,95,69.037,0.28918,167.34,161.44,0.67626,205.56
0.24,43.66,-66.13,3.4852,0,0,0,0,0,55,0,0,95,69.037,0.28918,167.34,161.44,0.67626,205.56
0.24,43.66,-66.13,3.487,0,0,0,0,0,55,0,0,95,69.037,0.28918,167.34,161.44,0.67626,205.56
0.24,43.66,-66.13,3.489,0,0,0,0,0,55,0,0,95,69.037,0.28918,167.34,161.44,0.67626,205.56
0.24,43.66,-66.13,3.4973,0,0,0,0,0,55,0,0,95,69.037,0.28918,167.34,161.44,0.67626,205.56
0.24,43.42,-66.61,3.4995,0,0,0,0,0,55,0,0,95,68.734,0.28791,167.63,160.65,0.67295,207.01
0.24,43.42,-66.61,3.5016,0,0,0,0,0,55,0,0,95,68.734,0.28791,167.63,160.65,0.67295,207.01
0.24,43.42,-66.61,3.504,0,0,0,0,0,55,0,0,95,68.734,0.28791,167.63,160.65,0.67295,207.01
0.24,43.42,-66.61,3.5064,0,0,0,0,0,55,0,0,95,68.734,0.28791,167.63,160.65,0.67295,207.01
0.24,43.42,-66.61,3.5089,0,0,0,0,0,55,0,0,95,68.734,0.28791,167.63,160.65,0.67295,207.01
0.24,43.42,-66.61,3.5117,0,0,0,0,0,55,0,0,95,68.734,0.28791,167.63,160.65,0.67295,207.01
0.24,43.42,-66.61,3.514,0,0,0,0,0,55,0,0,95,68.734,0.28791,167.63,160.65,0.67295,207.01
0.24,43.42,-66.61,3.5372,0,0,0,0,0,55,0,0,95,68.734,0.28791,167.63,160.65,0.67295,207.01
0.24,43.9,-66.85,3.5403,0,0,0,0,0,55,0,0,95,69.34,0.29045,167.06,161.42,0.67617,206.05
0.24,43.9,-66.85,3.5514,0,0,0,0,0,55,0,0,95,69.34,0.29045,167.06,161.42,0.67617,206.05
0.24,43.9,-66.85,3.5545,0,0,0,0,0,55,0,0,95,69.34,0.29045,167.06,161.42,0.67617,206.05
0.24,43.9,-66.85,3.5575,0,0,0,0,0,55,0,0,95,69.34,0.29045,167.06,161.42,0.67617,206.05
0.24,43.9,-66.85,3.5613,0,0,0,0,0,55,0,0,95,69.34,0.29045,167.06,161.42,0.67617,206.05
0.24,43.9,-66.85,3.5658,0,0,0,0,0,55,0,0,95,69.34,0.29045,167.06,161.42,0.67617,206.05
0.24,43.9,-66.85,3.5681,0,0,0,0,0,55,0,0,95,69.34,0.29045,167.06,161.42,0.67617,206.05
0.24,43.9,-66.85,3.57,0,0,0,0,0,55,0,0,95,69.34,0.29045,167.06,161.42,0.67617,206.05
0.24,43.9,-66.85,3.5718,0,0,0,0,0,55,0,0,95,69.34,0.29045,167.06,161.42,0.67617,206.05
0.24,43.9,-66.85,3.5738,0,0,0,0,0,55,0,0,95,69.34,0.29045,167.06,161.42,0.67617,206.05
0.24,43.9,-67.09,3.5761,0,0,0,0,0,55,0,0,95,69.34,0.29045,167.06,161.26,0.67548,206.43
0.24,43.9,-67.09,3.5781,0,0,0,0,0,55,0,0,95,69.34,0.29045,167.06,161.26,0.67548,206.43
0.24,43.9,-67.09,3.5804,0,0,0,0,0,55,0,0,95,69.34,0.29045,167.06,161.26,0.67548,206.43
0.24,43.9,-67.09,3.5829,0,0,0,0,0,55,0,0,95,69.34,0.29045,167.06,161.26,0.67548,206.43
0.24,43.9,-67.09,3.5921,0,0,0,0,0,55,0,0,95,69.34,0.29045,167.06,161.26,0.67548,206.43
0.24,44.38,-67.09,3.5963,0,0,0,0,0,55,0,0,95,69.941,0.29297,166.47,162.19,0.67937,205.08
0.24,44.38,-67.09,3.6003,0,0,0,0,0,55,0,0,95,69.941,0.29297,166.47,162.19,0.67937,205.08
0.24,44.38,-67.09,3.6029,0,0,0,0,0,55,0,0,95,69.941,0.29297,166.47,162.19,0.67937,205.08
0.24,44.38,-67.09,3.606,0,0,0,0,0,55,0,0,95,69.941,0.29297,166.47,162.19,0.67937,205.08
0.24,44.62,-66.85,3.6089,0,0,0,0,0,55,0,0,95,70.24,0.29422,166.18,162.81,0.68196,204.01
0.24,44.62,-66.85,3.6118,0,0,0,0,0,55,0,0,95,70.24,0.29422,166.18,162.81,0.68196,204.01
0.24,44.62,-66.85,3.6147,0,0,0,0,0,55,0,0,95,70.24,0.29422,166.18,162.81,0.68196,204.01
0.24,44.62,-66.85,3.6185,0,0,0,0,0,55,0,0,95,70.24,0.29422,166.18,162.81,0.68196,204.01
0.24,44.62,-66.85,3.6215,0,0,0,0,0,55,0,0,95,70.24,0.29422,166.18,162.81,0.68196,204.01
0.24,44.62,-66.85,3.6242,0,0,0,0,0,55,0,0,95,70.24,0.29422,166.18,162.81,0.68196,204.01
0.24,44.62,-67.09,3.6272,0,0,0,0,0,55,0,0,95,70.24,0.29422,166.18,162.65,0.6813,204.4
0.24,44.62,-67.09,3.6298,0,0,0,0,0,55,0,0,95,70.24,0.29422,166.18,162.65,0.6813,204.4
0.24,44.62,-67.09,3.6329,0,0,0,0,0,55,0,0,95,70.24,0.29422,166.18,162.65,0.6813,204.4
0.24,44.62,-67.09,3.6365,0,0,0,0,0,55,0,0,95,70.24,0.29422,166.18,162.65,0.6813,204.4
0.24,44.62,-67.09,3.6395,0,0,0,0,0,55,0,0,95,70.24,0.29422,166.18,162.65,0.6813,204.4
0.24,44.86,-66.61,3.6424,0,0,0,0,0,55,0,0,95,70.537,0.29547,165.88,163.42,0.68452,202.94
0.24,44.86,-66.61,3.6452,0,0,0,0,0,55,0,0,95,70.537,0.29547,165.88,163.42,0.68452,202.94
0.24,44.86,-66.61,3.6475,0,0,0,0,0,55,0,0,95,70.537,0.29547,165.88,163.42,0.68452,202.94
0.24,44.86,-66.61,3.6502,0,0,0,0,0,55,0,0,95,70.537,0.29547,165.88,163.42,0.68452,202.94
0.24,44.86,-66.61,3.6533,0,0,0,0,0,55,0,0,95,70.537,0.29547,165.88,163.42,0.68452,202.94
0.24,44.86,-66.61,3.6557,0,0,0,0,0,55,0,0,95,70.537,0.29547,165.88,163.42,0.68452,202.94
0.24,45.58,-67.09,3.658,0,0,0,0,0,55,0,0,95,71.422,0.29917,164.99,164.46,0.68888,201.66
0.24,45.58,-67.09,3.6639,0,0,0,0,0,55,0,0,95,71.422,0.29917,164.99,164.46,0.68888,201.66
0.24,45.58,-67.09,3.6662,0,0,0,0,0,55,0,0,95,71.422,0.29917,164.99,164.46,0.68888,201.66
0.24,45.58,-67.09,3.6685,0,0,0,0,0,55,0,0,95,71.422,0.29917,164.99,164.46,0.68888,201.66
0.24,45.58,-67.09,3.671,0,0,0,0,0,55,0,0,95,71.422,0.29917,164.99,164.46,0.68888,201.66
0.24,45.58,-67.09,3.6741,0,0,0,0,0,55,0,0,95,71.422,0.29917,164.99,164.46,0.68888,201.66
0.24,45.82,-67.33,3.6771,0,0,0,0,0,55,0,0,95,71.715,0.3004,164.69,164.75,0.6901,201.36
0.24,45.82,-67.33,3.6793,0,0,0,0,0,55,0,0,95,71.715,0.3004,164.69,164.75,0.6901,201.36
0.24,45.82,-67.33,3.6817,0,0,0,0,0,55,0,0,95,71.715,0.3004,164.69,164.75,0.6901,201.36
0.24,45.82,-67.33,3.6839,0,0,0,0,0,55,0,0,95,71.715,0.3004,164.69,164.75,0.6901,201.36
0.24,45.82,-67.33,3.6863,0,0,0,0,0,55,0,0,95,71.715,0.3004,164.69,164.75,0.6901,201.36
0.24,45.82,-67.33,3.6886,0,0,0,0,0,55,0,0,95,71.715,0.3004,164.69,164.75,0.6901,201.36
0.24,45.82,-67.09,3.6921,0,0,0,0,0,55,0,0,95,71.715,0.3004,164.69,164.9,0.69074,200.97
0.24,45.82,-67.09,3.6946,0,0,0,0,0,55,0,0,95,71.715,0.3004,164.69,164.9,0.69074,200.97
0.24,45.82,-67.09,3.6974,0,0,0,0,0,55,0,0,95,71.715,0.3004,164.69,164.9,0.69074,200.97
0.24,45.82,-67.09,3.7001,0,0,0,0,0,55,0,0,95,71.715,0.3004,164.69,164.9,0.69074,200.97
0.24,45.82,-67.09,3.7027,0,0,0,0,0,55,0,0,95,71.715,0.3004,164.69,164.9,0.69074,200.97
0.24,45.82,-67.09,3.705,0,0,0,0,0,55,0,0,95,71.715,0.3004,164.69,164.9,0.69074,200.97
0.24,45.82,-67.33,3.7074,0,0,0,0,0,55,0,0,95,71.715,0.3004,164.69,164.75,0.6901,201.36
0.24,45.82,-67.33,3.71,0,0,0,0,0,55,0,0,95,71.715,0.3004,164.69,164.75,0.6901,201.36
0.24,45.82,-67.33,3.7127,0,0,0,0,0,55,0,0,95,71.715,0.3004,164.69,164.75,0.6901,201.36
0.24,45.82,-67.33,3.7152,0,0,0,0,0,55,0,0,95,71.715,0.3004,164.69,164.75,0.6901,201.36
0.24,45.82,-67.33,3.7192,0,0,0,0,0,55,0,0,95,71.715,0.3004,164.69,164.75,0.6901,201.36
0.24,45.82,-67.09,3.7233,0,0,0,0,0,55,0,0,95,71.715,0.3004,164.69,164.9,0.69074,200.97
0.24,45.82,-67.09,3.731,0,0,0,0,0,55,0,0,95,71.715,0.3004,164.69,164.9,0.69074,200.97
0.24,45.82,-67.09,3.7339,0,0,0,0,0,55,0,0,95,71.715,0.3004,164.69,164.9,0.69074,200.97
0.24,45.82,-67.09,3.7364,0,0,0,0,0,55,0,0,95,71.715,0.3004,164.69,164.9,0.69074,200.97
0.24,46.3,-67.33,3.7392,0,0,0,0,0,55,0,0,95,72.296,0.30283,164.09,165.63,0.69381,199.97
0.24,46.3,-67.33,3.7423,0,0,0,0,0,55,0,0,95,72.296,0.30283,164.09,165.63,0.69381,199.97
0.24,46.3,-67.33,3.7451,0,0,0,0,0,55,0,0,95,72.296,0.30283,164.09,165.63,0.69381,199.97
0.24,46.3,-67.33,3.7477,0,0,0,0,0,55,0,0,95,72.296,0.30283,164.09,165.63,0.69381,199.97
0.24,46.3,-67.33,3.7504,0,0,0,0,0,55,0,0,95,72.296,0.30283,164.09,165.63,0.69381,199.97
0.24,46.3,-67.33,3.7529,0,0,0,0,0,55,0,0,95,72.296,0.30283,164.09,165.63,0.69381,199.97
0.24,46.54,-67.33,3.7552,0,0,0,0,0,55,0,0,95,72.585,0.30404,163.78,166.07,0.69565,199.28
0.24,46.54,-67.33,3.7576,0,0,0,0,0,55,0,0,95,72.585,0.30404,163.78,166.07,0.69565,199.28
0.24,46.54,-67.33,3.7597,0,0,0,0,0,55,0,0,95,72.585,0.30404,163.78,166.07,0.69565,199.28
0.24,46.54,-67.33,3.7619,0,0,0,0,0,55,0,0,95,72.585,0.30404,163.78,166.07,0.69565,199.28
0.24,46.54,-67.33,3.7646,0,0,0,0,0,55,0,0,95,72.585,0.30404,163.78,166.07,0.69565,199.28
0.24,46.54,-67.33,3.7671,0,0,0,0,0,55,0,0,95,72.585,0.30404,163.78,166.07,0.69565,199.28
0.24,46.54,-67.33,3.7701,0,0,0,0,0,55,0,0,95,72.585,0.30404,163.78,166.07,0.69565,199.28
0.24,47.02,-67.33,3.7727,0,0,0,0,0,55,0,0,95,73.159,0.30645,163.17,166.94,0.69928,197.88
0.24,47.02,-67.33,3.7754,0,0,0,0,0,55,0,0,95,73.159,0.30645,163.17,166.94,0.69928,197.88
0.24,47.02,-67.33,3.7776,0,0,0,0,0,55,0,0,95,73.159,0.30645,163.17,166.94,0.69928,197.88
0.24,47.02,-67.33,3.7798,0,0,0,0,0,55,0,0,95,73.159,0.30645,163.17,166.94,0.69928,197.88
0.24,47.02,-67.33,3.7824,0,0,0,0,0,55,0,0,95,73.159,0.30645,163.17,166.94,0.69928,197.88
0.24,47.02,-67.33,3.7848,0,0,0,0,0,55,0,0,95,73.159,0.30645,163.17,166.94,0.69928,197.88
0.24,47.02,-67.33,3.788,0,0,0,0,0,55,0,0,95,73.159,0.30645,163.17,166.94,0.69928,197.88
0.24,47.02,-67.33,3.7931,0,0,0,0,0,55,0,0,95,73.159,0.30645,163.17,166.94,0.69928,197.88
0.24,47.02,-67.33,3.7964,0,0,0,0,0,55,0,0,95,73.159,0.30645,163.17,166.94,0.69928,197.88
0.24,47.02,-67.33,3.7993,0,0,0,0,0,55,0,0,95,73.159,0.30645,163.17,166.94,0.69928,197.88
0.24,47.02,-67.33,3.8025,0,0,0,0,0,55,0,0,95,73.159,0.30645,163.17,166.94,0.69928,197.88
0.24,47.02,-67.33,3.806,0,0,0,0,0,55,0,0,95,73.159,0.30645,163.17,166.94,0.69928,197.88
0.24,47.02,-67.33,3.8086,0,0,0,0,0,55,0,0,95,73.159,0.30645,163.17,166.94,0.69928,197.88
0.24,47.02,-67.33,3.8113,0,0,0,0,0,55,0,0,95,73.159,0.30645,163.17,166.94,0.69928,197.88
0.24,47.02,-67.33,3.8136,0,0,0,0,0,55,0,0,95,73.159,0.30645,163.17,166.94,0.69928,197.88
0.24,47.02,-67.33,3.8159,0,0,0,0,0,55,0,0,95,73.159,0.30645,163.17,166.94,0.69928,197.88
0.24,47.26,-67.33,3.8183,0,0,0,0,0,55,0,0,95,73.443,0.30764,162.87,167.37,0.70108,197.18
0.24,47.26,-67.33,3.8206,0,0,0,0,0,55,0,0,95,73.443,0.30764,162.87,167.37,0.70108,197.18
0.24,47.26,-67.33,3.8234,0,0,0,0,0,55,0,0,95,73.443,0.30764,162.87,167.37,0.70108,197.18
0.24,47.26,-67.33,3.8262,0,0,0,0,0,55,0,0,95,73.443,0.30764,162.87,167.37,0.70108,197.18
0.24,47.26,-67.33,3.8298,0,0,0,0,0,55,0,0,95,73.443,0.30764,162.87,167.37,0.70108,197.18
0.24,47.26,-67.33,3.8327,0,0,0,0,0,55,0,0,95,73.443,0.30764,162.87,167.37,0.70108,197.18
0.24,46.78,-67.33,3.8356,0,0,0,0,0,55,0,0,95,72.872,0.30525,163.48,166.51,0.69747,198.58
0.24,46.78,-67.33,3.8381,0,0,0,0,0,55,0,0,95,72.872,0.30525,163.48,166.51,0.69747,198.58
0.24,46.78,-67.33,3.8406,0,0,0,0,0,55,0,0,95,72.872,0.30525,163.48,166.51,0.69747,198.58
0.24,46.78,-67.33,3.8437,0,0,0,0,0,55,0,0,95,72.872,0.30525,163.48,166.51,0.69747,198.58
0.24,46.78,-67.33,3.8465,0,0,0,0,0,55,0,0,95,72.872,0.30525,163.48,166.51,0.69747,198.58
0.24,46.78,-67.33,3.8489,0,0,0,0,0,55,0,0,95,72.872,0.30525,163.48,166.51,0.69747,198.58
0.24,46.54,-67.57,3.8513,0,0,0,0,0,55,0,0,95,72.585,0.30404,163.78,165.92,0.69502,199.67
0.24,46.54,-67.57,3.8544,0,0,0,0,0,55,0,0,95,72.585,0.30404,163.78,165.92,0.69502,199.67
0.24,46.54,-67.57,3.8606,0,0,0,0,0,55,0,0,95,72.585,0.30404,163.78,165.92,0.69502,199.67
0.24,46.54,-67.57,3.8633,0,0,0,0,0,55,0,0,95,72.585,0.30404,163.78,165.92,0.69502,199.67
0.24,47.02,-67.81,3.8659,0,0,0,0,0,55,0,0,95,73.159,0.30645,163.17,166.65,0.69805,198.67
0.24,47.02,-67.81,3.8683,0,0,0,0,0,55,0,0,95,73.159,0.30645,163.17,166.65,0.69805,198.67
0.24,47.02,-67.81,3.8706,0,0,0,0,0,55,0,0,95,73.159,0.30645,163.17,166.65,0.69805,198.67
0.24,47.02,-67.81,3.873,0,0,0,0,0,55,0,0,95,73.159,0.30645,163.17,166.65,0.69805,198.67
0.24,47.02,-67.81,3.8768,0,0,0,0,0,55,0,0,95,73.159,0.30645,163.17,166.65,0.69805,198.67
0.24,47.02,-67.81,3.8793,0,0,0,0,0,55,0,0,95,73.159,0.30645,163.17,166.65,0.69805,198.67
0.24,47.26,-67.81,3.8821,0,0,0,0,0,55,0,0,95,73.443,0.30764,162.87,167.08,0.69986,197.97
0.24,47.26,-67.81,3.8846,0,0,0,0,0,55,0,0,95,73.443,0.30764,162.87,167.08,0.69986,197.97
0.24,47.26,-67.81,3.887,0,0,0,0,0,55,0,0,95,73.443,0.30764,162.87,167.08,0.69986,197.97
0.24,47.26,-67.81,3.8895,0,0,0,0,0,55,0,0,95,73.443,0.30764,162.87,167.08,0.69986,197.97
0.24,47.26,-67.81,3.8921,0,0,0,0,0,55,0,0,95,73.443,0.30764,162.87,167.08,0.69986,197.97
0.24,47.26,-67.81,3.8947,0,0,0,0,0,55,0,0,95,73.443,0.30764,162.87,167.08,0.69986,197.97
0.24,47.26,-67.81,3.898,0,0,0,0,0,55,0,0,95,73.443,0.30764,162.87,167.08,0.69986,197.97
0.24,47.02,-67.81,3.9007,0,0,0,0,0,55,0,0,95,73.159,0.30645,163.17,166.65,0.69805,198.67
0.24,47.02,-67.81,3.9034,0,0,0,0,0,55,0,0,95,73.159,0.30645,163.17,166.65,0.69805,198.67
0.24,47.02,-67.81,3.9063,0,0,0,0,0,55,0,0,95,73.159,0.30645,163.17,166.65,0.69805,198.67
0.24,47.02,-67.81,3.9089,0,0,0,0,0,55,0,0,95,73.159,0.30645,163.17,166.65,0.69805,198.67
0.24,47.02,-67.81,3.9117,0,0,0,0,0,55,0,0,95,73.159,0.30645,163.17,166.65,0.69805,198.67
0.24,47.26,-68.05,3.9142,0,0,0,0,0,55,0,0,95,73.443,0.30764,162.87,166.93,0.69924,198.36
0.24,47.26,-68.05,3.9168,0,0,0,0,0,55,0,0,95,73.443,0.30764,162.87,166.93,0.69924,198.36
0.24,47.26,-68.05,3.9194,0,0,0,0,0,55,0,0,95,73.443,0.30764,162.87,166.93,0.69924,198.36
0.24,47.26,-68.05,3.9271,0,0,0,0,0,55,0,0,95,73.443,0.30764,162.87,166.93,0.69924,198.36
0.24,47.26,-68.05,3.9298,0,0,0,0,0,55,0,0,95,73.443,0.30764,162.87,166.93,0.69924,198.36
0.24,47.26,-68.05,3.9326,0,0,0,0,0,55,0,0,95,73.443,0.30764,162.87,166.93,0.69924,198.36
0.24,47.26,-68.05,3.9359,0,0,0,0,0,55,0,0,95,73.443,0.30764,162.87,166.93,0.69924,198.36
0.24,47.26,-68.05,3.9389,0,0,0,0,0,55,0,0,95,73.443,0.30764,162.87,166.93,0.69924,198.36
0.24,47.26,-68.05,3.9426,0,0,0,0,0,55,0,0,95,73.443,0.30764,162.87,166.93,0.69924,198.36
0.24,47.26,-68.05,3.947,0,0,0,0,0,55,0,0,95,73.443,0.30764,162.87,166.93,0.69924,198.36
0.24,47.26,-68.05,3.9503,0,0,0,0,0,55,0,0,95,73.443,0.30764,162.87,166.93,0.69924,198.36
0.24,47.26,-68.05,3.9534,0,0,0,0,0,55,0,0,95,73.443,0.30764,162.87,166.93,0.69924,198.36
0.24,47.26,-68.05,3.9576,0,0,0,0,0,55,0,0,95,73.443,0.30764,162.87,166.93,0.69924,198.36
0.24,47.26,-68.05,3.9607,0,0,0,0,0,55,0,0,95,73.443,0.30764,162.87,166.93,0.69924,198.36
0.24,47.26,-68.05,3.9634,0,0,0,0,0,55,0,0,95,73.443,0.30764,162.87,166.93,0.69924,198.36
0.24,47.26,-68.05,3.9664,0,0,0,0,0,55,0,0,95,73.443,0.30764,162.87,166.93,0.69924,198.36
0.24,47.26,-68.05,3.9705,0,0,0,0,0,55,0,0,95,73.443,0.30764,162.87,166.93,0.69924,198.36
0.24,47.26,-68.05,3.9734,0,0,0,0,0,55,0,0,95,73.443,0.30764,162.87,166.93,0.69924,198.36
0.24,47.26,-68.05,3.9759,0,0,0,0,0,55,0,0,95,73.443,0.30764,162.87,166.93,0.69924,198.36
0.24,47.5,-68.05,3.9782,0,0,0,0,0,55,0,0,95,73.727,0.30883,162.56,167.36,0.70105,197.66
0.24,47.5,-68.05,3.9806,0,0,0,0,0,55,0,0,95,73.727,0.30883,162.56,167.36,0.70105,197.66
0.24,47.5,-68.05,3.9829,0,0,0,0,0,55,0,0,95,73.727,0.30883,162.56,167.36,0.70105,197.66
0.24,47.5,-68.05,3.9854,0,0,0,0,0,55,0,0,95,73.727,0.30883,162.56,167.36,0.70105,197.66
0.24,47.5,-68.05,3.9876,0,0,0,0,0,55,0,0,95,73.727,0.30883,162.56,167.36,0.70105,197.66
0.24,47.5,-68.05,3.9899,0,0,0,0,0,55,0,0,95,73.727,0.30883,162.56,167.36,0.70105,197.66
0.24,47.5,-68.05,3.9923,0,0,0,0,0,55,0,0,95,73.727,0.30883,162.56,167.36,0.70105,197.66
0.24,47.74,-68.29,3.999,0,0,0,0,0,55,0,0,95,74.009,0.31001,162.25,167.65,0.70223,197.35
0.24,47.74,-68.29,4.0014,0,0,0,0,0,55,0,0,95,74.009,0.31001,162.25,167.65,0.70223,197.35
0.24,47.74,-68.29,4.0047,0,0,0,0,0,55,0,0,95,74.009,0.31001,162.25,167.65,0.70223,197.35
0.24,47.74,-68.29,4.0087,0,0,0,0,0,55,0,0,95,74.009,0.31001,162.25,167.65,0.70223,197.35
0.24,47.5,-68.29,4.0115,0,0,0,0,0,55,0,0,95,73.727,0.30883,162.56,167.22,0.70043,198.05
0.24,47.5,-68.29,4.0138,0,0,0,0,0,55,0,0,95,73.727,0.30883,162.56,167.22,0.70043,198.05
0.24,47.5,-68.29,4.016,0,0,0,0,0,55,0,0,95,73.727,0.30883,162.56,167.22,0.70043,198.05
0.24,47.5,-68.29,4.0183,0,0,0,0,0,55,0,0,95,73.727,0.30883,162.56,167.22,0.70043,198.05
0.24,47.5,-68.29,4.0206,0,0,0,0,0,55,0,0,95,73.727,0.30883,162.56,167.22,0.70043,198.05
0.24,47.5,-68.29,4.0235,0,0,0,0,0,55,0,0,95,73.727,0.30883,162.56,167.22,0.70043,198.05
0.24,48.46,-68.29,4.0262,0,0,0,0,0,55,0,0,95,74.849,0.31353,161.31,168.92,0.70757,195.24
