0.003284,80.694,-50.266,96.336,1
0.042385,81.313,-50.652,96.747,1
0.062405,81.004,-50.46,96.541,1
0.084894,81.004,-50.46,96.541,1
0.10661,81.004,-50.46,96.541,1
0.13734,81.004,-50.46,96.541,1
0.15091,81.004,-50.46,96.541,1
0.16383,81.004,-50.46,96.541,1
0.17829,81.004,-50.46,96.541,1
0.19267,81.004,-50.46,96.541,1
0.2084,81.313,-50.652,96.747,1
0.22259,81.004,-50.46,96.541,1
0.2369,81.004,-50.46,96.541,1
0.24888,81.004,-50.46,96.541,1
0.26313,81.004,-50.46,96.541,1
0.27752,81.004,-50.46,96.541,1
0.29169,81.004,-50.46,96.541,1
0.30428,81.313,-50.652,96.747,1
0.31746,81.004,-50.46,96.541,1
0.33033,81.004,-50.46,96.541,1
0.34514,81.214,-50.12,96.541,1
0.35856,81.214,-50.12,96.541,1
0.37375,81.112,-49.589,96.336,1
0.38555,81.319,-49.249,96.336,1
0.39893,81.006,-49.059,96.132,1
0.41275,80.983,-47.664,95.73,1
0.42599,80.983,-47.664,95.73,1
0.44118,81.379,-46.984,95.73,1
0.45529,81.642,-45.778,95.531,1
0.46939,81.449,-46.119,95.531,1
0.48347,81.319,-45.597,95.334,1
0.49725,81.186,-45.076,95.138,1
0.50952,81.746,-44.052,95.138,1
0.52363,81.746,-44.052,95.138,1
0.53792,81.784,-43.193,94.944,1
0.55203,81.482,-42.164,94.56,1
0.5661,82.164,-41.648,94.751,1
0.58148,82.011,-40.284,94.37,1
0.59322,82.176,-39.938,93.987,1
0.60651,82.173,-39.089,94.182,1
0.61953,82.173,-39.089,94.182,1
0.63293,82.475,-37.551,93.996,1
0.6495,82.362,-35.028,94.195,1
0.66388,82.362,-35.028,94.195,1
0.67831,81.808,-34.389,93.459,1
0.69224,81.888,-33.218,93.65,1
0.70573,81.675,-32.734,93.472,1
0.71948,82.08,-31.705,93.472,1
0.73317,81.631,-30.748,93.119,1
0.74827,82.018,-28.562,92.946,1
0.76178,82.017,-27.411,93.136,1
0.77589,82.017,-27.411,93.136,1
0.7896,82.355,-26.378,93.136,1
0.80372,82.1,-25.918,92.964,1
0.81717,82.073,-24.779,93.87,1
0.83079,82.477,-23.401,93.87,1
0.84442,82.404,-22.265,94.412,1
0.85816,82.664,-21.224,93.339,1
0.87098,82.664,-21.224,93.339,1
0.88459,82.483,-20.443,94.236,1
0.89789,82.971,-18.364,94.236,1
0.91271,82.448,-17.164,93.89,1
0.9267,81.838,-16.323,93.551,1
0.94104,82.171,-14.607,94.25,1
0.95473,82.45,-12.882,93.551,1
0.96819,82.45,-12.882,93.551,1
0.98174,82.555,-12.191,93.551,1
0.99633,82.366,-10.756,93.383,1
1.01,82.541,-9.3752,93.731,1
1.0238,81.852,-8.603,93.398,1
1.0378,81.631,-6.8547,93.234,1
1.0521,82.118,-5.5119,93.398,1
1.0655,82.162,-4.8237,93.398,1
1.0788,82.162,-4.8237,93.398,1
1.0923,82.245,-3.102,93.398,1
1.107,82.285,-1.7236,93.398,1
1.1215,82.297,-1.0342,93.398,1
1.1364,81.917,0.34314,93.234,1
1.1502,82.285,1.7236,93.398,1
1.1621,82.268,2.4129,93.398,1
1.1755,82.268,2.4129,93.398,1
1.1891,82.199,4.1353,93.398,1
1.203,82.118,5.5119,93.398,1
1.2181,82.043,6.5434,93.398,1
1.2324,81.954,7.5738,93.398,1
1.2466,81.816,8.9458,93.398,1
1.2607,81.697,9.9732,93.398,1
1.2749,81.095,11.628,93.577,1
1.2882,81.095,11.628,93.577,1
1.302,81.263,13.045,93.398,1
1.3167,81.207,13.386,93.398,1
1.3321,80.909,15.083,93.398,1
1.3475,80.335,16.023,93.234,1
1.361,80.881,17.192,93.564,1
1.3745,80.432,17.449,93.398,1
1.3891,80.423,19.219,93.564,1
1.4036,80.176,20.228,93.564,1
1.4171,80.176,20.228,93.564,1
1.4329,80.003,20.899,93.564,1
1.4468,79.734,21.903,93.564,1
1.4612,80.012,22.34,93.731,1
1.4749,79.425,24.343,93.731,1
1.489,78.852,24.892,93.564,1
1.5028,79.006,25.671,93.731,1
1.517,79.04,26.784,93.9,1
1.5321,78.697,27.776,93.9,1
1.547,77.982,28.63,93.731,1
1.5593,77.982,28.63,93.731,1
1.5733,78.342,28.762,93.9,1
1.5871,78.332,29.881,94.071,1
1.6005,78.079,30.536,94.071,1
1.6157,78.175,31.331,94.243,1
1.6295,78.478,32.603,94.592,1
1.6432,78.341,32.932,94.592,1
1.6573,78.126,34.392,94.769,1
1.6711,78.126,34.392,94.769,1
1.6869,77.981,34.719,94.769,1
1.7021,78.032,35.528,94.948,1
1.7163,78.911,36.328,95.493,1
1.7299,78.911,36.328,95.493,1
1.7436,79.465,37.801,96.052,1
1.7578,78.809,38.301,95.864,1
1.7754,78.82,39.127,96.052,1
1.788,78.659,40.286,95.872,1
1.803,78.821,40.787,96.061,1
1.8151,78.821,40.787,96.061,1
1.8272,79.152,40.958,96.252,1
1.8422,78.806,41.62,96.252,1
1.8546,79.292,42.302,96.263,1
1.8689,78.761,43.299,95.51,1
1.8829,79.214,43.981,97.032,1
1.8972,79.214,43.981,97.032,1
1.9113,79.232,43.991,95.514,1
1.925,78.862,44.654,95.134,1
1.9396,78.674,44.984,95.134,1
1.9544,78.862,44.654,94.755,1
1.969,79.321,45.354,95.518,1
1.9841,79.13,45.686,95.518,1
1.9992,79.131,45.686,95.136,1
2.0114,79.451,45.871,95.713,1
0.00048,79.374,46.718,96.68,1
0.018592,79.384,46.723,95.908,1
0.033731,79.386,46.725,95.523,1
0.047823,79.384,46.723,95.908,1
0.061094,79.384,46.723,95.908,1
0.075411,79.705,46.912,95.718,1
0.086966,79.705,46.912,95.718,1
0.10015,79.19,47.057,95.523,1
0.11347,79.386,46.725,95.523,1
0.12753,79.705,46.912,95.718,1
0.14181,79.705,46.912,95.718,1
0.155,79.386,46.725,95.523,1
0.16796,79.386,46.725,95.523,1
0.18131,79.705,46.912,95.718,1
0.1954,79.505,47.244,96.106,1
0.20962,80.024,47.1,95.916,1
0.22419,80.024,47.1,95.916,1
0.2384,80.341,47.287,96.115,1
0.25369,80.341,47.287,96.115,1
0.26719,80.341,47.287,96.115,1
0.28051,80.662,47.476,95.923,1
0.29446,80.662,47.476,95.923,1
0.30673,81.3,47.851,95.93,1
0.32241,81.737,48.57,95.141,1
0.33653,82.053,48.758,95.342,1
0.35151,82.257,48.414,94.942,1
0.36506,82.257,48.414,94.942,1
0.37891,83.207,48.973,94.739,1
0.39164,83.523,49.159,94.941,1
0.40626,84.148,49.527,96.167,1
0.42099,84.151,49.529,95.758,1
0.43602,84.153,49.53,95.349,1
0.44978,85.305,49.728,95.56,1
0.46493,85.934,50.095,95.564,1
0.47924,86.458,49.917,94.939,1
0.4935,86.458,49.917,94.939,1
0.50714,87.086,50.279,94.939,1
0.52019,87.398,50.459,94.304,1
0.53361,88.023,50.82,94.299,1
0.54858,88.023,50.82,94.299,1
0.56232,88.443,50.079,93.874,1
0.57641,89.384,50.612,94.077,1
0.58871,89.384,50.612,94.077,1
0.60185,90.744,50.383,93.85,1
0.61571,91.683,50.905,94.057,1
0.62972,91.679,50.902,93.618,1
0.64507,93.775,50.029,93.599,1
0.65733,94.913,50.127,92.911,1
0.67083,96.063,50.221,93.117,1
0.68436,96.063,50.221,93.117,1
0.69968,97.221,50.308,94.245,1
0.71277,98.154,50.791,94.47,1
0.72766,98.987,50.698,94.466,1
0.74222,100.34,50.334,94.696,1
0.75671,101.48,50.375,94.456,1
0.77155,102.41,50.835,95.17,1
0.78726,103.54,50.858,94.446,1
0.7998,104.37,50.723,94.443,1
0.81413,104.37,50.723,94.443,1
0.82623,105.19,50.58,94.44,1
0.83953,106.84,50.275,94.433,1
0.85366,107.75,50.703,93.68,1
0.86835,108.78,50.08,93.673,1
0.88103,110,50.641,94.165,1
0.8955,111.21,51.197,94.156,1
0.90924,111.21,51.197,94.156,1
0.92306,112.41,51.749,94.147,1
0.93772,113.6,52.299,95.186,1
0.95187,114.93,51.747,94.923,1
0.96754,116.33,51.792,94.389,1
0.98253,116.92,52.054,94.386,1
0.9964,118.6,52.209,94.107,1
1.0104,119.4,51.966,94.102,1
1.024,120.92,50.829,93.821,1
1.0379,120.92,50.829,93.821,1
1.0503,122.29,50.806,93.81,1
1.0661,123.23,51.802,93.798,1
1.0809,124.31,51.644,94.072,1
1.0964,125.67,51.592,94.063,1
1.1102,127.08,52.169,93.19,1
1.1237,128.08,51.331,93.76,1
1.1375,129.13,51.127,93.461,1
1.1509,129.13,51.127,93.461,1
1.1648,130.96,50.586,94.326,1
1.1804,132.07,51.014,94.32,1
1.1972,133.17,51.44,94.913,1
1.2136,133.99,51.755,94.01,1
1.2282,135.56,51.71,94.304,1
1.2424,136.63,52.118,93.686,1
1.2563,137.64,51.845,93.37,1
1.2695,138.96,52.344,93.665,1
1.283,138.96,52.344,93.665,1
1.2972,139.96,52.052,93.345,1
1.3131,140.74,52.341,93.021,1
1.3279,141.74,52.038,93.327,1
1.3435,143.24,51.91,93.631,1
1.3587,143.99,52.182,92.661,1
1.3759,144.99,52.543,91.998,1
1.3919,146.47,52.387,92.95,1
1.4078,146.97,52.564,92.943,1
1.4237,147.94,52.911,92.271,1
1.4397,149.15,53.346,92.581,1
1.4547,150.3,52.34,91.569,1
1.4688,151.94,51.489,92.55,1
1.483,152.89,51.808,92.535,1
1.4976,153.57,52.039,91.504,1
1.5113,154.71,51.704,91.483,1
1.5256,155.61,52.005,90.775,1
1.5398,155.61,52.005,90.775,1
1.5556,156.74,51.655,91.442,1
1.5719,157.83,51.284,90.727,1
1.5877,158.66,50.818,88.964,1
1.6001,159.52,51.833,88.571,1
1.6139,160.85,51.52,89.589,1
1.6277,161.65,51.775,88.138,1
1.6412,162.51,52.052,88.817,1
1.6551,163.06,52.227,87,1
1.6695,163.84,52.478,86.24,1
1.6849,164.89,52.815,87.274,1
1.7003,164.89,52.815,87.274,1
1.7154,165.4,52.977,85.427,1
1.7294,166.46,53.317,87.2,1
1.744,167.28,52.806,87.541,1
1.7578,167.86,52.991,87.884,1
1.7717,168.81,53.29,88.215,1
1.786,169.82,52.827,89.675,1
1.8008,170.37,52.999,90.032,1
1.8151,171.49,52.562,90.381,1
1.8313,172.2,52.777,90.362,1
1.846,172.72,52.939,90.727,1
1.858,172.72,52.939,90.727,1
1.872,173.21,53.086,89.576,1
1.8857,173.72,53.244,89.941,1
1.8995,174.23,53.4,90.308,1
1.914,174.36,53.44,89.157,1
1.9289,175.03,52.846,87.992,1
1.9436,175.1,53.668,87.212,1
1.9575,175.99,53.134,87.954,1
1.9727,175.99,53.134,87.954,1
1.9854,176.16,53.186,88.333,1
2.0002,176.47,53.28,88.321,1
0.00059,177.98,52.922,90.608,1
0.016375,178.12,52.963,90.215,1
0.030614,178.12,52.963,90.215,1
0.043918,178.12,52.963,90.215,1
0.057494,178.27,53.01,90.601,1
0.070386,178.29,53.015,91.38,1
0.085295,178.12,52.963,90.215,1
0.099252,178.12,52.963,90.215,1
0.11414,178.13,52.968,90.994,1
0.12762,178.12,52.963,90.215,1
0.14086,178.12,52.963,90.215,1
0.15412,178.13,52.968,90.994,1
0.16734,178.27,53.01,90.601,1
0.18122,178.12,52.963,90.215,1
0.19524,178.27,53.01,90.601,1
0.21015,178.55,51.469,90.215,1
0.22381,178.55,51.469,90.215,1
0.23749,178.55,51.469,90.215,1
0.25093,178.55,51.469,90.215,1
0.26437,178.55,51.469,90.215,1
0.27775,178.57,51.474,90.994,1
0.29267,178.71,51.514,90.601,1
0.30777,178.55,51.469,90.215,1
0.32183,178.78,50.726,90.994,1
0.33599,178.77,50.721,90.215,1
0.34981,178.98,49.971,90.215,1
0.36358,178.98,49.971,90.215,1
0.37715,178.98,49.971,90.215,1
0.39137,178.84,49.932,90.608,1
0.40656,179.41,48.475,90.994,1
0.42205,179.47,47.685,91.386,1
0.43653,179.61,47.723,90.994,1
0.45098,179.68,46.937,92.164,1
0.46475,179.86,46.18,91.386,1
0.47752,180.1,44.636,91.777,1
0.4915,180.1,44.636,91.777,1
0.50566,180.1,44.636,91.777,1
0.52022,180.29,43.084,90.615,1
0.55366,180.66,41.576,91.392,1
0.5685,180.68,39.196,90.239,1
0.58158,180.7,39.2,91.014,1
0.59593,180.87,38.446,91.788,1
0.60954,180.87,37.654,91.404,1
0.62413,180.69,36.828,90.638,1
0.6381,180.69,36.828,90.638,1
0.65136,181.04,36.11,92.567,1
0.66461,180.68,35.251,90.646,1
0.6782,180.98,33.739,91.417,1
0.69311,181.12,32.196,92.576,1
0.70657,181.25,31.437,92.576,1
0.7203,180.91,31.379,91.811,1
0.73345,180.65,29.777,90.669,1
0.7473,180.65,29.777,90.669,1
0.76232,180.79,29.023,91.436,1
0.77543,180.75,28.24,91.823,1
0.78926,180.81,26.699,91.443,1
0.80389,180.92,25.942,91.443,1
0.81734,180.95,24.401,91.064,1
0.83066,180.95,24.401,91.064,1
0.84539,181.16,21.345,90.685,1
0.85944,181.22,20.584,89.921,1
0.87318,181.06,20.566,90.308,1
0.888,180.72,20.526,90.317,1
0.90114,181.26,19.051,91.835,1
0.91492,181.5,16.773,92.598,1
0.92849,181.5,14.476,91.456,1
0.94232,181.5,14.476,91.456,1
0.95559,181.52,14.477,92.219,1
0.9702,181.45,12.943,91.841,1
0.9855,181.3,12.932,92.986,1
1.0006,180.99,12.148,92.23,1
1.0155,181.08,10.631,92.23,1
1.0301,180.94,9.8629,91.853,1
1.0446,180.98,9.1049,91.853,1
1.0582,181.27,6.8368,92.23,1
1.0721,181.13,5.3127,91.853,1
1.086,181.13,5.3127,91.853,1
1.0998,181.17,3.795,91.853,1
1.1146,181.2,2.2771,91.853,1
1.1302,181.2,2.2771,91.853,1
1.1462,181.21,0,91.853,1
1.1581,181.21,-1.5181,91.853,1
1.172,181.2,-2.2771,91.853,1
1.1854,181.2,-2.2771,91.853,1
1.1989,181.19,-3.0361,91.853,1
1.2144,181.15,-4.5539,91.853,1
1.2293,181.11,-6.0713,91.853,1
1.2441,181.29,-6.0775,92.23,1
1.259,181.08,-6.8299,91.853,1
1.2714,180.98,-9.1049,91.853,1
1.2848,181.04,-11.39,92.23,1
1.2984,181.04,-11.39,92.23,1
1.3132,180.81,-12.136,91.853,1
1.3279,180.99,-12.148,92.23,1
1.3453,180.88,-13.664,92.23,1
1.3613,180.52,-15.921,92.612,1
1.3769,180.51,-15.92,91.853,1
1.3923,180.44,-16.676,91.853,1
1.4072,180.44,-16.676,91.853,1
1.4218,180.3,-18.187,91.853,1
1.436,180.05,-20.451,91.853,1
1.4479,180.05,-20.451,91.853,1
1.4617,179.97,-21.205,91.853,1
1.4763,179.88,-21.959,91.853,1
1.492,179.69,-23.465,91.853,1
1.5066,179.22,-28.001,92.23,1
1.5217,179.52,-27.277,92.607,1
1.5354,179.52,-27.277,92.607,1
1.5514,179.69,-27.304,92.986,1
1.5655,179.87,-27.331,93.365,1
1.5794,179.93,-28.112,93.744,1
1.5944,179.56,-30.37,93.744,1
1.6062,179.3,-31.874,93.744,1
1.6224,179.16,-32.624,93.744,1
1.6353,179.05,-34.156,93.362,1
1.6508,178.76,-35.655,93.362,1
1.6677,178.74,-35.651,91.835,1
1.6827,178.91,-35.686,92.214,1
1.6986,179.1,-36.503,92.208,1
1.7137,179.11,-37.289,92.589,1
1.7288,179.27,-37.322,92.203,1
1.7427,179.27,-37.322,92.203,1
1.7567,179.44,-37.357,92.585,1
1.7704,179.79,-38.215,93.733,1
1.7842,179.79,-39.003,94.117,1
1.7998,179.77,-40.58,94.115,1
1.8147,179.77,-39.789,92.959,1
1.8296,179.77,-39.789,92.959,1
1.8449,179.58,-42.119,92.956,1
1.8606,179.56,-42.909,93.341,1
1.876,179.52,-43.696,92.178,1
1.8899,179.67,-43.732,91.788,1
1.9044,179.64,-44.524,92.173,1
1.918,179.64,-44.524,92.173,1
1.9317,179.63,-44.521,91.398,1
1.9465,179.92,-45.393,92.555,1
1.9621,179.6,-45.313,91.783,1
1.9763,179.75,-45.35,91.392,1
1.9897,179.75,-45.35,91.392,1
2.006,179.91,-45.39,91.777,1
0.000681,180.03,-46.224,92.551,1
0.01417,180.03,-46.224,92.551,1
0.02735,180.02,-46.221,91.772,1
0.041121,180.03,-46.224,92.551,1
0.054543,180.02,-46.221,91.772,1
0.069297,179.87,-46.184,92.164,1
0.084375,179.87,-46.184,92.164,1
0.098418,180.02,-46.221,91.772,1
0.11324,180.03,-46.224,92.551,1
0.12803,180.02,-46.221,91.772,1
0.14156,180.18,-46.263,92.938,1
0.15567,180.03,-46.224,92.551,1
0.16988,180.03,-46.224,92.551,1
0.18373,180.03,-46.224,92.551,1
0.19759,180.02,-46.221,91.772,1
0.21144,180.02,-46.221,91.772,1
0.22542,180.02,-46.221,91.772,1
0.24,180.03,-46.224,92.551,1
0.25366,179.86,-46.18,91.386,1
0.26685,179.87,-46.184,92.164,1
0.28009,179.72,-46.143,91.777,1
0.29353,179.52,-46.896,91.777,1
0.30761,179.52,-46.896,91.777,1
0.32247,179.38,-46.858,92.168,1
0.33658,179.38,-46.858,92.168,1
0.34813,179.07,-46.778,92.173,1
0.36149,178.75,-46.694,91.404,1
0.37554,178.25,-47.363,92.183,1
0.38969,178.25,-47.363,92.183,1
0.40347,177.75,-48.027,92.959,1
0.41813,177.4,-48.73,94.117,1
0.43193,176.95,-47.81,92.585,1
0.44535,176.11,-47.584,91.449,1
0.45881,175.8,-47.5,92.982,1
0.47372,174.58,-47.957,92.993,1
0.48694,173.88,-47.764,92.246,1
0.50187,173.88,-47.764,92.246,1
0.51578,172.99,-47.52,91.884,1
0.52926,172.07,-47.267,90.779,1
0.54303,171.49,-47.108,89.675,1
0.55622,171.14,-47.011,90.43,1
0.5697,170.17,-46.745,89.346,1
0.58333,169.66,-46.605,91.944,1
0.59843,168.87,-46.388,91.225,1
0.61229,168.87,-46.388,91.225,1
0.62547,167.91,-46.88,91.972,1
0.63906,167.11,-46.658,91.987,1
0.65244,166.09,-46.373,91.644,1
0.66565,164.88,-46.782,92.741,1
0.68012,164.49,-47.415,93.82,1
0.69385,164.49,-47.415,93.82,1
0.70752,163.24,-47.797,94.184,1
0.72123,161.96,-47.422,94.19,1
0.73585,161.09,-47.166,93.491,1
0.75029,159.97,-46.84,92.454,1
0.76185,159.15,-48.049,93.854,1
0.77711,158,-47.704,92.134,1
0.79091,157.13,-48.161,93.178,1
0.80485,157.13,-48.161,93.178,1
0.81834,155.31,-48.313,92.175,1
0.83232,154.86,-48.173,93.542,1
0.84667,153.95,-48.6,93.887,1
0.86093,152.74,-48.219,92.218,1
0.87566,151.25,-47.748,90.251,1
0.89089,150.09,-48.074,90.942,1
0.90495,149.56,-47.214,91.29,1
0.91862,148.62,-47.603,91.636,1
0.93094,148.62,-47.603,91.636,1
0.9451,147.16,-47.816,91.34,1
0.95905,145.87,-47.396,90.408,1
0.97282,144.95,-47.769,92.669,1
0.98837,143.51,-48.632,92.686,1
1.0026,142,-48.785,92.392,1
1.0163,140.95,-48.424,92.412,1
1.0307,139.88,-48.055,91.811,1
1.0455,138.9,-48.37,93.37,1
1.0598,138.9,-48.37,93.37,1
1.0743,138.16,-48.762,93.376,1
1.0899,136.87,-48.954,93.389,1
1.1049,135.72,-47.9,93.706,1
1.1189,134.76,-48.837,93.712,1
1.1359,134.01,-49.201,94.913,1
1.1528,132.22,-49.802,94.618,1
1.1666,130.82,-49.275,93.743,1
1.1787,129.49,-49.394,93.754,1
1.1921,128.92,-49.178,93.76,1
1.2057,128.92,-49.178,93.76,1
1.2218,127.44,-50.457,93.481,1
1.2353,125.21,-50.183,92.092,1
1.2495,124.35,-49.839,92.393,1
1.2642,123.5,-49.496,93.247,1
1.279,122.04,-48.91,92.992,1
1.2934,120.95,-49.062,92.733,1
1.3068,119.65,-49.706,92.478,1
1.3216,118.26,-49.71,92.503,1
1.3345,117.38,-49.341,93.322,1
1.3495,117.38,-49.341,93.322,1
1.3615,115.98,-49.325,93.339,1
1.3776,114.78,-48.817,94.401,1
1.3917,113.57,-48.3,93.374,1
1.4053,112.76,-48.514,93.382,1
1.4189,111.23,-49.521,93.141,1
1.4342,109.8,-49.439,93.161,1
1.4469,109.18,-49.16,92.67,1
1.4618,109.18,-49.16,92.67,1
1.4739,108.06,-49.201,92.938,1
1.4881,107.25,-49.374,93.444,1
1.5033,106.53,-50.13,94.188,1
1.5172,104.56,-50.278,92.985,1
1.5311,103.74,-50.417,92.997,1
1.5451,103.12,-50.118,93.009,1
1.5584,102.2,-49.668,93.265,1
1.5731,102.2,-49.668,93.265,1
1.5875,101.68,-49.945,93.507,1
1.6029,100.42,-49.328,92.588,1
1.624,99.594,-49.439,92.603,1
1.6386,97.623,-49.484,92.87,1
1.6572,97.106,-49.735,93.105,1
1.6712,96.273,-49.818,93.117,1
1.6858,96.273,-49.818,93.117,1
1.6996,95.647,-49.494,93.13,1
1.7131,94.805,-49.563,92.694,1
1.7278,94.078,-50.191,92.925,1
1.7418,93.242,-50.248,92.939,1
1.7559,92.623,-49.914,93.393,1
1.7703,92.21,-50.693,94.275,1
1.7856,91.469,-51.288,94.057,1
1.8018,90.632,-51.319,94.064,1
1.8172,89.695,-50.788,93.858,1
1.8294,89.695,-50.788,93.858,1
1.8434,89.38,-50.61,93.646,1
1.8572,89.073,-50.436,94.294,1
1.8724,88.235,-50.451,94.299,1
1.8874,88.232,-50.449,93.874,1
1.9005,87.921,-50.271,94.09,1
1.9151,86.972,-49.729,93.47,1
1.9307,85.708,-50.446,93.064,1
1.9455,85.289,-51.166,93.481,1
1.9571,85.289,-51.166,93.481,1
1.9723,84.13,-50.951,92.88,1
1.987,84.039,-50.416,93.503,1
2.0019,83.723,-50.226,93.304,1
0.0032,82.575,-50.009,93.526,1
0.016604,82.575,-50.009,93.526,1
0.030151,82.58,-50.012,93.93,1
0.044382,82.264,-49.821,93.733,1
0.057749,82.259,-49.818,93.33,1
0.070813,82.264,-49.821,93.733,1
0.083924,82.264,-49.821,93.733,1
0.097134,82.264,-49.821,93.733,1
0.11119,82.264,-49.821,93.733,1
0.12535,82.264,-49.821,93.733,1
0.13823,82.575,-50.009,93.526,1
0.15158,82.259,-49.818,93.33,1
0.16451,82.259,-49.818,93.33,1
0.17899,82.575,-50.009,93.526,1
0.19151,82.259,-49.818,93.33,1
0.20526,82.264,-49.821,93.733,1
0.21821,82.58,-50.012,93.93,1
0.2311,82.268,-49.823,94.135,1
0.24501,82.268,-49.823,94.135,1
0.2597,82.585,-50.015,94.739,1
0.27471,82.27,-49.825,94.538,1
0.28872,82.271,-49.825,94.941,1
0.30149,82.585,-50.015,95.143,1
0.31448,82.061,-50.169,95.344,1
0.32788,82.265,-49.822,96.15,1
0.3417,82.265,-49.822,96.15,1
0.35551,82.269,-49.824,95.747,1
0.3697,82.254,-49.815,96.956,1
0.38276,82.754,-49.645,97.974,1
0.39593,82.434,-49.453,98.164,1
0.41048,83.129,-48.927,99.186,1
0.42401,82.974,-48.37,100.18,1
0.4389,83.463,-48.188,100.8,1
0.45323,83.463,-48.188,100.8,1
0.46708,83.463,-48.188,100.8,1
0.48029,83.643,-47.825,101.21,1
0.49359,84.017,-47.109,101.61,1
0.50818,83.768,-47.432,102.42,1
0.52243,83.938,-47.065,102.82,1
0.53866,83.845,-47.013,104.03,1
0.55386,84.236,-46.309,104.03,1
0.56557,84.236,-46.309,104.03,1
0.57872,84.705,-45.19,105.23,1
0.5925,85.814,-43.047,105.23,1
0.60629,85.001,-44.438,106.04,1
0.62086,85.631,-43.857,106.69,1
0.63682,86.371,-43.781,107.59,1
0.65096,86.534,-42.956,109.21,1
0.66617,86.603,-42.539,110.01,1
0.68005,86.723,-42.148,110.42,1
0.69414,86.723,-42.148,110.42,1
0.70817,87.421,-41.137,111.49,1
0.72026,87.86,-40.448,112.97,1
0.73503,88.828,-40.444,114.19,1
0.74957,88.846,-40.004,115.01,1
0.76385,89.916,-39.134,115.57,1
0.7776,90.646,-38.552,116.95,1
0.79092,90.646,-38.552,116.95,1
0.80415,91.283,-38.372,117.94,1
0.81813,91.511,-37.569,118.36,1
0.8319,91.576,-37.148,118.77,1
0.8461,91.638,-36.727,119.18,1
0.86276,92.95,-36.352,120.78,1
0.87485,93.798,-35.78,121.38,1
0.88801,94.465,-35.131,123.99,1
0.90088,94.465,-35.131,123.99,1
0.91469,94.904,-34.392,124.72,1
0.92951,96.11,-33.921,126.4,1
0.94593,96.905,-33.291,127.04,1
0.96049,97.943,-32.733,128.01,1
0.97432,98.583,-32.489,128.66,1
0.98777,99.318,-31.811,130.51,1
1.0013,99.923,-31.084,131.62,1
1.0148,99.923,-31.084,131.62,1
1.0267,100.7,-30.864,133.85,1
1.0409,101.38,-29.685,134.97,1
1.0545,101.68,-29.771,136.1,1
1.0681,102.6,-29.109,137.15,1
1.0827,103.54,-28.442,139,1
1.0948,103.54,-28.442,139,1
1.11,104.25,-26.766,140.17,1
1.1243,104.53,-27.306,140.07,1
1.1393,105.2,-26.541,141.6,1
1.1542,105.72,-26.202,142.32,1
1.1684,106.63,-25.955,143.78,1
1.1818,107.64,-24.298,144.88,1
1.1952,108.32,-23.974,145.99,1
1.2087,108.32,-23.974,145.99,1
1.2227,108.51,-24.016,146.36,1
1.2376,109.36,-22.767,147.48,1
1.2511,109.77,-23.332,149.46,1
1.2659,110.25,-22.472,151.06,1
1.2804,110.85,-22.11,152.21,1
1.2927,110.85,-22.11,152.21,1
1.3074,111.58,-22.256,152.89,1
1.3215,111.53,-20.792,154.22,1
1.3365,112.57,-20.012,155.3,1
1.3512,112.71,-19.549,156.56,1
1.3657,113.31,-18.677,157.73,1
1.3795,113.6,-18.724,158.52,1
1.3934,114.44,-17.88,160.49,1
1.4071,114.9,-17.46,161.68,1
1.4208,114.9,-17.46,161.68,1
1.4353,115.56,-17.56,162.39,1
1.4501,116.24,-17.165,164.39,1
1.465,116.56,-15.222,166.09,1
1.4783,116.67,-15.236,166.5,1
1.4916,117.29,-12.824,167.71,1
1.5055,117.48,-13.842,168.93,1
1.5192,117.83,-14.886,170.97,1
1.534,118.27,-13.434,172.2,1
1.5488,118.27,-13.434,172.2,1
1.564,118.58,-12.966,173.43,1
1.5784,119.2,-12.528,174.16,1
1.5937,119.09,-11.006,175.08,1
1.6075,119.82,-10.567,176.64,1
1.6216,120.7,-10.645,176.87,1
1.6355,120.93,-10.155,178.11,1
1.6497,121.1,-10.169,179.36,1
1.6646,120.99,-9.6497,181.53,1
1.6799,121.48,-9.177,181.85,1
1.6932,121.48,-9.177,181.85,1
1.7077,121.65,-8.6769,183.1,1
1.7225,121.79,-8.1747,184.35,1
1.736,122.26,-8.2063,185.09,1
1.7501,122.31,-8.7243,186.35,1
1.7637,122.81,-7.7265,186.67,1
1.7788,123.33,-7.2405,188.25,1
1.793,123.8,-6.2284,188.56,1
1.8074,123.87,-5.7114,189.82,1
1.8221,125.08,-5.2425,188.67,1
1.8376,125.08,-5.2425,188.67,1
1.8493,125.11,-5.2435,189.51,1
1.8637,125.94,-4.7499,189.3,1
1.8776,125.96,-4.7508,190.97,1
1.8921,125.96,-4.7508,190.97,1
1.9065,125.96,-4.7509,191.81,1
1.921,127.19,-4.2638,191.06,1
1.936,127.59,-4.2773,191.36,1
1.9506,127.99,-4.2907,191.66,1
1.9651,127.99,-4.2907,191.66,1
1.9787,127.99,-4.2907,191.66,1
1.9936,127.99,-4.2905,192.08,1
2.0083,128.38,-4.3038,192.38,1
0.00034,127.93,-3.7522,195.01,1
0.01523,127.93,-3.2158,195.43,1
0.028013,126.23,-3.1731,197.56,1
0.041257,128.36,-2.6887,194.89,1
0.054648,128.35,-3.2264,194.89,1
0.066959,128.35,-3.2264,194.89,1
0.08018,128.36,-2.6887,194.89,1
0.093322,128.35,-3.2264,194.89,1
0.10652,128.35,-3.2264,194.89,1
0.12051,128.36,-2.6887,194.89,1
0.13406,128.35,-3.2264,194.89,1
0.14937,127.94,-2.68,195.43,1
0.16345,127.94,-2.68,195.43,1
0.17529,128.36,-2.6887,194.89,1
0.18815,128.36,-2.6887,194.89,1
0.20147,128.36,-2.6887,194.89,1
0.21455,128.36,-2.6887,194.89,1
0.22891,128.36,-2.6887,194.89,1
0.24457,128.36,-2.6887,194.89,1
0.25911,128.36,-2.6887,194.89,1
0.27357,128.36,-2.6887,194.89,1
0.28634,128.36,-2.6887,194.89,1
0.29935,126.67,-2.6533,197.03,1
0.31266,128.79,-2.158,194.35,1
0.32794,128.79,-2.158,194.35,1
0.34294,128.79,-2.158,194.35,1
0.35678,129.2,-2.165,193.81,1
0.37161,129.2,-2.165,193.81,1
0.38516,130.02,-2.1788,192.73,1
0.39687,130.44,-1.6393,192.18,1
0.41043,130.44,-1.6393,192.18,1
0.42493,131.26,-0.54982,191.09,1
0.43849,132.06,0,189.98,1
0.45228,132.06,0,189.98,1
0.4651,132.46,0.55484,189.43,1
0.47879,132.46,0.55484,189.43,1
0.49287,134.02,1.1228,187.2,1
0.50724,134.77,2.2583,186.07,1
0.52157,135.15,2.2647,185.5,1
0.53608,135.14,2.8308,185.5,1
0.55024,135.14,2.8308,185.5,1
0.56339,135.52,2.8387,184.94,1
0.59594,136.99,2.2956,182.24,1
0.60904,136.99,3.4437,182.65,1
0.62768,137.34,4.0282,182.08,1
0.64158,137.69,4.6157,181.5,1
0.65541,138.4,4.0591,179.93,1
0.66959,138.75,4.0695,179.35,1
0.68148,138.76,4.6517,179.77,1
0.69662,139.76,5.2713,177.6,1
0.70998,139.76,5.2713,177.6,1
0.72435,140.44,6.4754,176.84,1
0.73871,141.09,7.0978,175.66,1
0.7521,141.71,7.1291,174.06,1
0.76767,141.61,8.9093,174.06,1
0.7822,142.27,8.9506,172.86,1
0.79648,142.79,10.786,171.67,1
0.81064,143.88,9.6575,170.28,1
0.82454,144.09,10.278,169.26,1
0.83792,144.09,10.278,169.26,1
0.85141,144.77,10.327,168.46,1
0.86674,145.68,10.391,166.63,1
0.88054,146.13,12.271,165.4,1
0.89545,146.71,12.32,164.17,1
0.90734,146.89,13.575,163.55,1
0.92133,148.23,14.325,160.45,1
0.93493,148.23,14.325,160.45,1
0.94721,148.71,15.001,159.2,1
0.95945,149.63,16.361,156.69,1
0.97313,149.81,17.016,156.06,1
0.98699,150.81,17.129,153.52,1
1.0004,151.05,17.157,152.88,1
1.0144,151.05,17.157,152.88,1
1.0288,151.69,17.873,150.97,1
1.0434,152.15,17.927,149.69,1
1.0584,152.74,18.646,147.76,1
1.0705,153.18,18.699,146.47,1
1.084,153.85,19.436,144.92,1
1.0986,153.85,19.436,144.92,1
1.1122,154.1,20.124,144.67,1
1.1265,154.57,22.164,143.11,1
1.1414,155.1,22.239,142.2,1
1.1551,155.52,22.966,141.28,1
1.1686,155.85,23.013,141.02,1
1.1821,156.54,23.116,139.43,1
1.1967,157.12,23.875,137.84,1
1.211,157.68,24.636,136.23,1
1.2256,157.68,24.636,136.23,1
1.2407,158.47,24.759,135.01,1
1.2563,159.1,24.858,133.38,1
1.2707,159.46,25.598,132.42,1
1.2859,160.21,25.719,130.1,1
1.2999,160.55,26.464,130.2,1
1.3135,161.22,25.881,127.46,1
1.3268,161.29,27.28,127.17,1
1.3403,162.32,28.154,125.97,1
1.3541,162.32,28.154,125.97,1
1.37,162.85,28.247,124.28,1
1.3849,163.97,28.44,123.04,1
1.4013,165.05,29.341,121.09,1
1.4167,165.39,30.832,121.54,1
1.434,166.54,31.77,117.04,1
1.4493,166.78,31.815,118.51,1
1.4635,167.09,32.599,116.76,1
1.4802,167.78,33.465,116.87,1
1.495,167.78,33.465,116.87,1
1.5081,168.3,34.303,114.77,1
1.5199,169.2,34.485,114.14,1
1.5347,169.68,34.583,113.46,1
1.5485,170.29,34.708,111.32,1
1.563,170.9,35.578,109.55,1
1.5774,171.37,36.425,109.23,1
1.5924,171.87,36.531,107.8,1
1.607,171.87,36.531,107.8,1
1.6213,172.29,38.134,105.25,1
1.6351,173.08,37.548,104.17,1
1.649,173.66,37.674,103.83,1
1.664,174.1,37.77,102.36,1
1.6788,174.39,38.597,100.13,1
1.6928,175.14,38.763,99.399,1
1.7075,175.02,40.278,97.523,1
1.7226,175.4,41.139,96.399,1
1.7364,175.58,41.182,95.268,1
1.7502,175.58,41.182,95.268,1
1.765,175.93,41.264,95.268,1
1.7769,176.28,41.345,94.51,1
1.7922,176.43,42.161,92.23,1
1.8068,177.12,41.543,92.603,1
1.8212,177.44,41.619,91.835,1
1.8342,177.08,41.533,90.317,1
1.849,177.59,42.438,91.064,1
1.8618,177.59,42.438,91.064,1
1.8769,178.09,42.559,91.436,1
1.8915,178.25,43.386,92.198,1
1.906,178.73,43.502,91.805,1
1.9204,178.88,43.54,91.417,1
1.9348,178.66,44.28,89.875,1
1.9492,178.97,44.358,89.866,1
1.9633,179.47,43.684,89.857,1
1.9776,179.6,44.512,89.848,1
1.9919,179.6,44.512,89.848,1
2.0054,179.71,44.541,88.68,1
0.000221,180.34,45.498,90.601,1
0.014349,180.34,45.498,90.601,1
0.02626,180.54,44.746,91.38,1
0.039211,180.54,44.746,91.38,1
0.05275,180.32,45.493,89.822,1
0.067582,180.52,44.742,90.601,1
0.080435,180.35,45.502,91.38,1
0.094463,180.34,45.498,90.601,1
0.10779,180.34,45.498,90.601,1
0.12012,180.34,45.498,90.601,1
0.13384,180.34,45.498,90.601,1
0.14815,180.34,45.498,90.601,1
0.16375,180.34,45.498,90.601,1
0.17861,180.14,46.253,90.601,1
0.19252,180.34,45.498,90.601,1
0.20622,180.34,45.498,90.601,1
0.21978,180.34,45.498,90.601,1
0.23281,180.34,45.498,90.601,1
0.24745,180.34,45.498,90.601,1
0.26177,180.34,45.498,90.601,1
0.27629,180.34,45.498,90.601,1
0.29012,180.34,45.498,90.601,1
0.30315,180.34,45.498,90.601,1
0.31605,180.51,44.737,89.822,1
0.3295,180.52,44.742,90.601,1
0.34415,180.34,45.498,90.601,1
0.35707,180.34,45.498,90.601,1
0.37005,180.18,45.458,90.215,1
0.38345,180.18,45.458,90.215,1
0.39677,179.98,46.212,90.215,1
0.41056,180.18,45.458,90.215,1
0.425,180.18,45.458,90.215,1
0.43995,180.07,45.432,87.103,1
0.45434,180.07,45.432,87.103,1
0.46789,180.58,43.955,91.772,1
0.48091,180.6,43.958,92.551,1
0.49306,180.44,43.92,92.164,1
0.50876,180.46,43.126,91.777,1
0.52452,180.33,43.093,87.116,1
0.53922,180.64,42.37,91.777,1
0.55411,180.51,41.542,91.783,1
0.56828,180.86,39.235,91.398,1
0.58176,180.86,39.235,91.398,1
0.59346,180.7,39.2,91.014,1
0.60782,180.53,39.164,90.63,1
0.62278,180.54,37.585,90.638,1
0.63688,180.71,36.832,91.411,1
0.65256,180.68,36.037,90.256,1
0.66764,180.97,33.736,90.646,1
0.67919,180.98,33.739,91.417,1
0.692,180.98,33.739,91.417,1
0.70569,180.93,32.164,91.423,1
0.71935,181.2,30.647,91.423,1
0.73119,181,29.834,91.43,1
0.74587,180.79,29.023,91.436,1
0.7595,180.62,28.995,91.056,1
0.77357,180.62,28.995,91.056,1
0.78538,180.98,26.725,91.823,1
0.7996,180.74,25.916,91.064,1
0.8134,180.9,23.623,86.476,1
0.82677,181.06,22.104,90.685,1
0.84119,180.98,21.324,90.308,1
0.85472,180.98,21.324,90.308,1
0.8687,181.08,20.568,91.071,1
0.88334,181.18,19.81,91.835,1
0.89597,181.08,19.033,91.456,1
0.90969,181.31,16.756,91.456,1
0.92333,181.31,16.756,91.456,1
0.93683,181.1,15.207,91.463,1
0.95048,181.1,15.207,91.463,1
0.96445,180.79,14.419,90.71,1
0.97848,180.72,12.891,90.335,1
0.99195,180.74,12.892,91.094,1
1.0057,180.81,12.136,91.853,1
1.0194,180.93,9.8621,91.094,1
1.0329,180.98,9.1049,91.853,1
1.0462,180.98,9.1049,91.853,1
1.0602,181.2,8.3551,92.23,1
1.0756,181.11,6.0713,91.853,1
1.0899,181.13,5.3127,91.853,1
1.104,181.17,3.795,91.853,1
1.1165,181.39,1.5196,92.23,1
1.133,181.21,0,91.853,1
1.1475,181.39,0,92.23,1
1.1605,181.2,-2.2771,91.853,1
1.1755,181.19,-3.0361,91.853,1
1.1887,181.19,-3.0361,91.853,1
1.2035,181.13,-5.3127,91.853,1
1.2184,181.13,-5.3127,91.853,1
1.2312,181.11,-6.0713,91.853,1
1.2457,181.08,-6.8299,91.853,1
1.2603,181.17,-9.1141,92.23,1
1.2744,181.08,-10.631,92.23,1
1.2887,181.04,-11.39,92.23,1
1.3029,180.81,-12.136,91.853,1
1.3174,180.81,-12.136,91.853,1
1.3312,180.88,-13.664,92.23,1
1.3465,180.82,-14.421,92.23,1
1.3598,180.51,-15.92,91.853,1
1.3757,180.51,-15.92,91.853,1
1.3882,180.37,-17.431,91.853,1
1.4007,180.14,-19.697,91.853,1
1.4146,180.14,-19.697,91.853,1
1.428,180.05,-20.451,91.853,1
1.4414,180.05,-20.451,91.853,1
1.4594,180.15,-21.226,92.23,1
1.4729,179.78,-22.712,91.853,1
1.487,179.87,-23.488,92.23,1
1.5007,179.77,-24.242,92.23,1
1.5141,179.38,-25.721,91.853,1
1.5278,179.38,-25.721,91.853,1
1.5433,179.34,-27.25,92.23,1
1.557,179.22,-28.001,92.23,1
1.572,179.28,-28.78,92.607,1
1.5869,179.21,-30.311,92.986,1
1.5996,179.13,-31.843,93.365,1
1.6132,178.57,-34.839,93.365,1
1.6285,178.76,-35.656,94.125,1
1.6425,178.61,-36.404,94.125,1
1.6546,178.61,-36.404,94.125,1
1.6701,179.1,-35.723,94.123,1
1.6843,178.92,-35.688,92.978,1
1.6976,179.11,-36.505,92.974,1
1.7112,179.44,-36.573,92.97,1
1.7434,179.44,-37.357,92.585,1
1.7567,179.79,-38.215,93.733,1
1.7742,179.79,-39.003,94.117,1
1.7897,179.95,-39.038,94.502,1
1.8024,179.78,-39.79,93.731,1
1.8166,179.78,-39.79,93.731,1
1.8304,179.94,-39.825,93.343,1
1.8444,179.76,-40.576,92.572,1
1.8584,179.73,-41.361,91.411,1
1.8721,179.54,-42.905,91.794,1
1.8877,179.51,-43.693,91.404,1
1.9025,179.51,-43.693,91.404,1
1.9166,179.51,-43.693,91.404,1
1.9316,179.51,-43.693,91.404,1
1.946,179.76,-45.353,92.168,1
1.9578,179.75,-45.35,91.392,1
1.9717,179.91,-45.39,91.777,1
1.986,179.91,-45.39,91.777,1
2.0002,180.05,-45.427,91.386,1
0.0003,179.86,-46.18,91.386,1
0.016428,179.86,-46.18,91.386,1
0.029586,180.02,-46.221,91.772,1
0.042639,180.02,-46.221,91.772,1
0.0555,180.02,-46.221,91.772,1
0.068812,179.86,-46.18,91.386,1
0.08257,179.86,-46.18,91.386,1
0.098376,180,-46.217,90.994,1
0.11398,180.02,-46.221,91.772,1
0.12798,180.02,-46.221,91.772,1
0.14119,180.02,-46.221,91.772,1
0.15496,180.02,-46.221,91.772,1
0.16821,180.02,-46.221,91.772,1
0.18194,180.02,-46.221,91.772,1
0.19612,180,-46.217,90.994,1
0.21045,180,-46.217,90.994,1
0.22241,180.17,-46.261,92.159,1
0.23635,180.02,-46.221,91.772,1
0.24955,180.02,-46.221,91.772,1
0.26427,180.03,-46.224,92.551,1
0.27851,179.68,-46.937,92.164,1
0.29243,179.72,-46.143,91.777,1
0.30709,179.72,-46.143,91.777,1
0.31955,179.53,-46.899,92.555,1
0.33345,179.54,-46.901,93.332,1
0.34492,179.55,-46.903,94.887,1
0.35979,179.55,-46.903,95.664,1
0.37384,179.44,-46.072,94.887,1
0.38817,179.28,-46.031,96.825,1
0.39966,179.28,-46.031,96.825,1
0.41274,178.78,-46.702,96.048,1
0.42619,178.46,-46.619,96.819,1
0.44172,178.32,-45.785,98.358,1
0.45617,178,-45.703,98.352,1
0.47077,177.67,-45.617,99.115,1
0.48623,177.3,-45.523,100.64,1
0.50001,176.97,-45.439,100.63,1
0.5115,176.97,-45.439,100.63,1
0.52541,176.47,-45.309,101,1
0.53859,175.47,-45.054,100.2,1
0.55174,175.17,-45.76,103.24,1
0.56438,174.98,-44.928,103.98,1
0.5788,174.22,-45.51,105.08,1
0.59283,174.22,-45.51,105.08,1
0.60693,173.82,-45.407,105.82,1
0.61993,173.31,-44.497,108.41,1
0.6338,172.62,-44.322,110.23,1
0.64673,171.73,-44.859,112.04,1
0.66088,171.47,-44.027,112.75,1
0.67483,170.95,-43.893,112.32,1
0.68942,170.95,-43.893,112.32,1
0.70196,170.48,-43.771,116.75,1
0.71548,169.73,-43.578,116.66,1
0.72952,169.17,-43.434,118.07,1
0.74445,168.93,-43.373,118.41,1
0.75813,168.4,-43.237,117.97,1
0.77263,167.54,-43.765,120.09,1
0.78758,167.22,-42.936,120.76,1
0.8024,167.22,-42.936,120.76,1
0.81423,166.73,-42.808,121.42,1
0.82603,166.14,-41.917,122.4,1
0.841,165.43,-41.001,124.09,1
0.85546,165,-41.628,124.41,1
0.87042,165.09,-40.184,125.83,1
0.88453,164.78,-37.196,125.29,1
0.89741,164.78,-37.196,125.29,1
0.91129,164.13,-37.047,127.72,1
0.92476,163.86,-36.268,129.83,1
0.93797,163.14,-36.108,132.24,1
0.95384,162.57,-35.982,132.85,1
0.96678,161.73,-35.086,133.34,1
0.98208,161.14,-34.25,134.63,1
0.99378,161.14,-34.25,134.63,1
1.0074,160.82,-33.48,135.61,1
1.021,160.88,-33.492,133.44,1
1.0355,159.42,-32.492,138.12,1
1.0509,158.63,-32.331,139.36,1
1.0632,158.26,-32.255,140.72,1
1.0771,157.45,-32.09,141.94,1
1.091,156.76,-31.266,143.15,1
1.1047,156.76,-31.266,143.15,1
1.119,156.85,-29.24,144.89,1
1.1324,156.54,-27.828,144.35,1
1.1467,156.13,-27.754,145.68,1
1.162,155.59,-27.659,146.61,1
1.1775,154.94,-26.875,146.72,1
1.1925,154.4,-25.45,148.29,1
1.2049,153.5,-24.641,150.5,1
1.2186,153.5,-24.641,150.5,1
1.2323,153.03,-24.567,151.8,1
1.2472,152.12,-24.42,152.93,1
1.2626,151.49,-23.019,154.45,1
1.2769,151.15,-22.967,154.68,1
1.2913,150.14,-22.814,157.24,1
1.3062,149.53,-22.081,157.69,1
1.3201,149.19,-20.118,158.54,1
1.3343,148.38,-20.01,160.43,1
1.346,148.38,-20.01,160.43,1
1.3597,147.92,-19.316,161.68,1
1.374,147.08,-19.206,163.55,1
1.3908,146.14,-19.084,165,1
1.4059,146.29,-17.859,165,1
1.4189,145.85,-17.185,166.64,1
1.4337,145.25,-17.114,167.87,1
1.4483,144.01,-16.969,170.31,1
1.4618,143.7,-16.931,170.92,1
1.4753,143.7,-16.931,170.92,1
1.4903,143.77,-16.329,170.92,1
1.5055,143.08,-16.251,171.71,1
1.5224,142.55,-15.587,173.33,1
1.538,141.58,-14.881,174.71,1
1.5506,142.19,-12.54,174.53,1
1.5664,141.81,-12.507,174.71,1
1.582,141.14,-12.447,175.9,1
1.596,140.15,-12.36,178.09,1
1.6108,140.21,-11.183,177.67,1
1.6241,139.56,-10.543,178.85,1
1.6365,138.53,-10.465,181.02,1
1.6507,138.53,-10.465,181.02,1
1.6662,138.21,-9.8586,181.6,1
1.6786,138.21,-9.8586,181.6,1
1.6952,137.5,-9.2293,182.34,1
1.7096,137.14,-9.2047,182.92,1
1.7241,137.14,-9.2047,182.92,1
1.7366,136.41,-9.1561,184.48,1
1.7516,136.47,-8.0121,184.06,1
1.7639,136.47,-8.0121,184.06,1
1.779,135.78,-6.8308,185.21,1
1.7935,135.38,-7.3794,186.19,1
1.8105,135,-7.3586,186.76,1
1.8255,135,-7.3586,186.76,1
1.8382,134.67,-6.2096,187.33,1
1.8523,134.71,-5.0809,186.91,1
1.8659,134.7,-5.6454,187.33,1
1.8802,134.7,-5.6454,187.33,1
1.8947,134.31,-5.6292,187.89,1
1.9093,134.29,-6.1919,188.31,1
1.9238,134.33,-5.0666,187.89,1
1.9396,133.94,-5.0519,188.87,1
1.9543,133.94,-5.0517,188.03,1
1.9699,133.57,-4.4776,189.43,1
1.9836,133.57,-4.4776,189.01,1
1.9975,133.19,-3.9064,189.99,1
2.0095,132.38,-4.4377,190.69,1
0.000272,132.39,-3.8831,190.69,1
0.016167,132.39,-3.8831,190.69,1
0.029294,132.39,-3.8831,190.69,1
0.042129,132.39,-3.8831,190.69,1
0.055144,132.42,-2.7739,190.69,1
0.068372,132.43,-2.2191,191.1,1
0.082448,132.43,-2.2191,191.1,1
0.096591,132.42,-2.7739,190.69,1
0.10965,132.42,-2.7739,190.69,1
0.12265,132.43,-2.2191,190.69,1
0.13594,132.41,-3.3285,190.69,1
0.15024,132.42,-2.7739,190.69,1
0.16406,132.43,-2.2191,190.69,1
0.17695,132.43,-2.2191,190.69,1
0.19005,132.43,-2.2191,190.69,1
0.20351,132.43,-2.2191,190.69,1
0.21745,132.03,-2.2124,191.24,1
0.22998,131.62,-2.757,191.79,1
0.24488,132.01,-2.7653,191.66,1
0.25666,132.01,-2.7653,191.66,1
0.27018,132.03,-2.2124,191.24,1
0.28426,132.03,-2.2124,191.24,1
0.29832,132.04,-2.2126,190.4,1
0.31347,131.24,-2.1992,191.09,1
0.32689,131.64,-2.2059,190.54,1
0.34128,130.44,-2.1857,191.76,1
0.35314,130.44,-2.1857,191.76,1
0.3671,130.45,-2.1858,191.34,1
0.38053,130.46,-1.6395,190.93,1
0.39473,130.46,-1.6395,190.51,1
0.40843,130.06,-1.6345,190.21,1
0.42191,130.06,-1.0896,188.96,1
0.43521,130.06,-1.0896,188.96,1
0.44956,130.04,-0.54473,188.12,1
0.46319,128.83,0.53966,188.07,1
0.47729,128.8,1.0791,187.23,1
0.49135,128.75,1.618,185.98,1
0.5051,128.34,1.6129,186.1,1
0.5205,128.27,2.1494,184.84,1
0.53385,126.7,2.6539,186.14,1
0.5482,126.7,2.6539,186.14,1
0.56224,126.26,3.1739,185.84,1
0.57585,125.79,3.6894,185.11,1
0.59036,125.63,3.6848,183.02,1
0.60474,125.52,3.6814,181.77,1
0.61858,125.39,3.6776,180.52,1
0.63099,125.19,3.6718,178.86,1
0.64468,124.93,4.7119,177.2,1
0.65882,124.93,4.7119,177.2,1
0.67317,124.69,5.7496,175.96,1
0.68764,123.92,6.234,174,1
0.70344,123.49,6.731,174.11,1
0.7181,122.39,7.1853,175.24,1
0.732,122.06,7.6793,173.59,1
0.74552,121.3,8.1416,172.05,1
0.76023,121.13,8.1301,171.23,1
0.77368,120.87,9.131,170.41,1
0.78721,120.87,9.131,170.41,1
0.8018,120.11,10.086,169.28,1
0.81669,119.46,10.536,168.56,1
0.83259,119.01,10.998,166.94,1
0.84662,118.48,12.955,165.73,1
0.86177,118.02,12.404,165.42,1
0.87738,117.56,13.353,164.21,1
0.88895,116.77,13.759,161.81,1
0.91193,116.77,13.759,161.81,1
0.92757,115.87,16.614,160.22,1
0.94524,115.32,16.536,158.64,1
0.9592,114.75,16.453,157.06,1
0.97087,114.38,16.89,156.28,1
0.98468,113.69,17.276,154.72,1
0.99794,113.23,18.177,153.95,1
1.0123,113.23,18.177,153.95,1
1.0259,112.5,18.544,152.41,1
1.0393,111.91,17.964,150.88,1
1.0537,111.07,19.744,149.74,1
1.0674,110.54,20.608,148.98,1
1.0806,109.91,20.967,147.86,1
1.0946,108.99,21.738,146.36,1
1.1087,108.99,21.738,146.36,1
1.1226,108.61,21.662,145.62,1
1.1342,107.74,22.901,144.51,1
1.1487,107.25,23.267,143.78,1
1.1621,106.75,23.627,143.05,1
1.1784,105.83,24.823,141.96,1
1.1921,105.21,25.608,141.24,1
1.2065,104.57,26.383,140.52,1
1.2207,104.57,26.383,140.52,1
1.2343,103.92,27.147,139.81,1
1.2477,103.71,27.091,139.45,1
1.261,102.83,27.784,138.39,1
1.2755,102.15,28.522,137.69,1
1.2911,101.59,28.823,136.99,1
1.307,100.64,30.386,136.3,1
1.3217,100.22,30.718,135.17,1
1.336,99.452,30.481,133.36,1
1.3507,98.976,31.701,132.59,1
1.3644,98.976,31.701,132.59,1
1.378,97.99,32.293,131.59,1
1.3897,97.755,32.671,130.82,1
1.4043,97.405,33.008,129.3,1
1.4196,96.985,34.687,127.68,1
1.4341,96.479,34.506,127.04,1
1.4488,95.823,34.725,126.4,1
1.4627,95.4,35.025,124.92,1
1.4748,95.4,35.025,124.92,1
1.4894,95.333,35.454,123.33,1
1.5028,94.562,36.526,121.87,1
1.5194,95.049,37.173,122.05,1
1.5349,94.227,37.764,119.87,1
1.5493,93.634,38.44,119.57,1
1.5645,92.647,38.489,118.69,1
1.5806,92.393,39.294,116.72,1
1.5952,91.611,40.329,116.43,1
1.6092,90.957,40.497,115.45,1
1.6226,91.087,41.012,113.78,1
1.6364,91.087,41.012,113.78,1
1.65,90.879,41.838,112.94,1
1.6638,90.947,41.869,112.52,1
1.6782,89.962,41.874,111.29,1
1.6927,89.553,42.14,110.61,1
1.7074,88.719,42.659,109.26,1
1.7217,88.512,43.477,108.03,1
1.735,87.662,44.435,107.77,1
1.7486,87.662,44.435,107.77,1
1.7636,86.967,44.541,106.45,1
1.7777,86.821,44.927,106.04,1
1.7928,86.9,44.968,105.22,1
1.8071,86.445,45.192,104.57,1
1.8229,86.322,45.59,103.76,1
1.8346,86.017,45.428,103.52,1
1.8482,85.72,46.194,102.3,1
1.8619,85.381,46.939,101.48,1
1.8767,85.381,46.939,101.48,1
1.8922,85.184,47.296,101.48,1
1.9079,85.184,47.296,101.48,1
1.9206,84.985,47.652,101.48,1
1.9356,85.029,47.677,100.66,1
1.952,84.867,48.055,99.847,1
1.9651,84.867,48.055,99.847,1
1.979,84.682,48.419,99.438,1
1.9931,84.697,48.428,99.029,1
2.0069,84.289,49.136,99.029,1
