0,0,0,0.57577
-36.72,69.58,-13.81,0.5932
-36.24,69.34,-14.29,0.60576
-36.24,69.1,-14.53,0.61155
-36.24,69.1,-14.53,0.63708
-35.76,68.62,-15.25,0.64223
-35.76,68.62,-15.25,0.64506
-35.76,68.62,-15.25,0.6483
-35.76,68.62,-15.25,0.65082
-35.28,68.62,-15.73,0.65364
-35.28,68.62,-15.73,0.65565
-35.28,68.62,-15.73,0.65807
-35.28,68.62,-15.73,0.66034
-35.28,68.62,-15.73,0.66308
-35.28,68.62,-15.73,0.66604
-35.28,68.62,-15.97,0.66887
-35.28,68.62,-15.97,0.67041
-35.28,68.62,-15.97,0.67182
-35.28,68.62,-15.97,0.67346
-35.28,68.62,-15.97,0.67478
-35.28,68.62,-15.97,0.67665
-35.28,68.62,-15.97,0.67888
-35.28,68.62,-15.97,0.68142
-34.8,68.62,-16.21,0.68363
-34.8,68.62,-16.21,0.68548
-34.8,68.62,-16.21,0.68698
-34.8,68.62,-16.21,0.68861
-34.8,68.62,-16.21,0.69052
-34.8,68.62,-16.21,0.69235
-34.8,68.62,-16.21,0.69403
-34.8,68.62,-16.21,0.69579
-34.8,68.62,-16.21,0.69881
-34.56,68.38,-16.69,0.70066
-34.56,68.38,-16.69,0.70221
-34.56,68.38,-16.69,0.70375
-34.56,68.38,-16.69,0.70561
-34.56,68.38,-16.69,0.70724
-34.56,68.38,-16.69,0.70907
-34.56,68.38,-16.69,0.71108
-34.56,68.38,-16.69,0.71345
-34.56,68.38,-16.69,0.71514
-34.32,68.38,-16.93,0.71686
-34.32,68.38,-16.93,0.71909
-34.32,68.38,-16.93,0.72085
-34.32,68.38,-16.93,0.72244
-34.32,68.38,-16.93,0.72375
-34.32,68.38,-16.93,0.72553
-34.32,68.38,-16.93,0.7275
-34.32,68.38,-16.93,0.72944
-34.32,68.38,-16.93,0.73138
-34.32,68.38,-17.41,0.73298
-34.32,68.38,-17.41,0.73449
-34.32,68.38,-17.41,0.73622
-34.32,68.38,-17.41,0.73784
-34.32,68.38,-17.41,0.7393
-34.32,68.38,-17.41,0.74111
-34.32,68.38,-17.41,0.74307
-34.32,68.38,-17.41,0.74482
-34.32,68.38,-17.41,0.74723
-34.08,68.14,-17.41,0.74942
-34.08,68.14,-17.41,0.75151
-34.08,68.14,-17.41,0.75317
-34.08,68.14,-17.41,0.75468
-34.08,68.14,-17.41,0.75682
-34.08,68.14,-17.41,0.75911
-34.08,68.14,-17.41,0.7617
-34.08,68.14,-17.41,0.76361
-32.64,67.9,-17.65,0.76514
-32.64,67.9,-17.65,0.76686
-32.64,67.9,-17.65,0.76862
-32.64,67.9,-17.65,0.77039
-32.64,67.9,-17.65,0.77185
-32.64,67.9,-17.65,0.7737
-32.64,67.9,-17.65,0.77586
-32.64,67.9,-17.65,0.77852
-32.4,67.66,-18.13,0.78101
-32.4,67.66,-18.13,0.78277
-32.4,67.66,-18.13,0.78429
-32.4,67.66,-18.13,0.78581
-32.4,67.66,-18.13,0.78731
-32.4,67.66,-18.13,0.78912
-32.4,67.66,-18.13,0.79126
-32.4,67.66,-18.13,0.79364
-32.4,67.66,-18.13,0.79544
-32.16,67.42,-18.37,0.79742
-32.16,67.42,-18.37,0.79901
-32.16,67.42,-18.37,0.80053
-32.16,67.42,-18.37,0.80202
-32.16,67.42,-18.37,0.80342
-32.16,67.42,-18.37,0.80515
-32.16,67.42,-18.37,0.8067
-32.16,67.42,-18.37,0.80873
-32.16,67.42,-18.37,0.81049
-32.16,67.42,-18.37,0.81242
-32.16,67.18,-19.09,0.81418
-32.16,67.18,-19.09,0.81578
-32.16,67.18,-19.09,0.81772
-32.16,67.18,-19.09,0.81919
-32.16,67.18,-19.09,0.82076
-32.16,67.18,-19.09,0.82217
-32.16,67.18,-19.09,0.82371
-32.16,67.18,-19.09,0.82578
-32.16,67.18,-19.09,0.82805
-32.16,66.94,-19.33,0.8298
-32.16,66.94,-19.33,0.83246
-32.16,66.94,-19.33,0.83406
-32.16,66.94,-19.33,0.83552
-32.16,66.94,-19.33,0.8374
-32.16,66.94,-19.33,0.83923
-32.16,66.94,-19.33,0.84145
-32.16,66.94,-19.33,0.84342
-31.68,66.7,-20.05,0.84517
-31.68,66.7,-20.05,0.84707
-31.68,66.7,-20.05,0.84877
-31.68,66.7,-20.05,0.85046
-31.68,66.7,-20.05,0.85201
-31.68,66.7,-20.05,0.85404
-31.68,66.7,-20.05,0.85659
-31.68,66.7,-20.05,0.85928
-30.96,66.22,-20.29,0.86119
-30.96,66.22,-20.29,0.86307
-30.96,66.22,-20.29,0.86481
-30.96,66.22,-20.29,0.86651
-30.96,66.22,-20.29,0.86782
-30.96,66.22,-20.29,0.86951
-30.96,66.22,-20.29,0.87246
-30.96,66.22,-20.29,0.8751
-30.96,65.98,-20.77,0.87716
-30.96,65.98,-20.77,0.87909
-30.96,65.98,-20.77,0.88104
-30.96,65.98,-20.77,0.8833
-30.96,65.98,-20.77,0.8848
-30.96,65.98,-20.77,0.88674
-30.96,65.98,-20.77,0.88899
-30.96,65.98,-20.77,0.89127
-30.24,65.74,-21.25,0.89317
-30.24,65.74,-21.25,0.89493
-30.24,65.74,-21.25,0.89664
-30.24,65.74,-21.25,0.89829
-30.24,65.74,-21.25,0.89972
-30.24,65.74,-21.25,0.90147
-30.24,65.74,-21.25,0.90283
-30.24,65.74,-21.25,0.90443
-30.24,65.74,-21.25,0.90622
-30.24,65.74,-21.25,0.90836
-29.76,65.26,-21.25,0.91022
-29.76,65.26,-21.25,0.91233
-29.76,65.26,-21.25,0.91404
-29.76,65.26,-21.25,0.91543
-29.76,65.26,-21.25,0.9169
-29.76,65.26,-21.25,0.91823
-29.76,65.26,-21.25,0.92014
-29.76,65.26,-21.25,0.92263
-29.76,65.26,-21.97,0.92468
-29.76,65.26,-21.97,0.92636
-29.76,65.26,-21.97,0.92818
-29.76,65.26,-21.97,0.92969
-29.76,65.26,-21.97,0.93128
-29.76,65.26,-21.97,0.93302
-29.76,65.26,-21.97,0.93446
-29.76,65.26,-21.97,0.93601
-29.76,65.26,-21.97,0.93821
-29.52,65.02,-22.21,0.94038
-29.52,65.02,-22.21,0.94227
-29.52,65.02,-22.21,0.94393
-29.52,65.02,-22.21,0.94547
-29.52,65.02,-22.21,0.94754
-29.52,65.02,-22.21,0.94917
-29.52,65.02,-22.21,0.95083
-29.52,65.02,-22.21,0.95286
-29.52,65.02,-22.21,0.95476
-29.28,65.02,-22.21,0.95758
-29.28,65.02,-22.21,0.95942
-29.28,65.02,-22.21,0.96138
-29.28,65.02,-22.21,0.96308
-29.28,65.02,-22.21,0.96457
-29.28,65.02,-22.21,0.9662
-29.28,65.02,-22.21,0.96773
-29.28,65.02,-22.21,0.96968
-29.28,65.02,-22.21,0.97201
-28.8,65.02,-22.21,0.97373
-28.8,65.02,-22.21,0.97544
-28.8,65.02,-22.21,0.97702
-28.8,65.02,-22.21,0.97847
-28.8,65.02,-22.21,0.97989
-28.8,65.02,-22.21,0.9815
-28.8,65.02,-22.21,0.98293
-28.8,65.02,-22.21,0.98465
-28.8,65.02,-22.21,0.98677
-28.56,64.78,-22.45,0.98946
-28.56,64.78,-22.45,0.99128
-28.56,64.78,-22.45,0.99314
-28.56,64.78,-22.45,0.995
-28.56,64.78,-22.45,0.9973
-28.56,64.78,-22.45,0.99872
-28.56,64.78,-22.45,1.0001
-28.56,64.78,-22.45,1.0019
-28.56,64.78,-22.45,1.0037
-28.56,64.3,-23.17,1.0061
-28.56,64.3,-23.17,1.0079
-28.56,64.3,-23.17,1.0096
-28.56,64.3,-23.17,1.0114
-28.56,64.3,-23.17,1.0134
-28.56,64.3,-23.17,1.0153
-28.56,64.3,-23.17,1.017
-28.56,64.3,-23.17,1.019
-28.08,64.06,-23.41,1.0219
-28.08,64.06,-23.41,1.0236
-28.08,64.06,-23.41,1.0254
-28.08,64.06,-23.41,1.0271
-28.08,64.06,-23.41,1.0287
-28.08,64.06,-23.41,1.0302
-28.08,64.06,-23.41,1.0315
-28.08,64.06,-23.41,1.0332
-28.08,64.06,-23.41,1.0353
-27.6,64.06,-23.89,1.0375
-27.6,64.06,-23.89,1.0393
-27.6,64.06,-23.89,1.041
-27.6,64.06,-23.89,1.0424
-27.6,64.06,-23.89,1.0439
-27.6,64.06,-23.89,1.0455
-27.6,64.06,-23.89,1.0469
-27.6,64.06,-23.89,1.0483
-27.6,64.06,-23.89,1.0502
-27.6,64.06,-23.89,1.0519
-27.12,64.06,-24.37,1.0535
-27.12,64.06,-24.37,1.0554
-27.12,64.06,-24.37,1.0574
-27.12,64.06,-24.37,1.0592
-27.12,64.06,-24.37,1.0609
-27.12,64.06,-24.37,1.0633
-27.12,64.06,-24.37,1.0651
-27.12,64.06,-24.37,1.0672
-26.4,63.58,-24.61,1.0694
-26.4,63.58,-24.61,1.0716
-26.4,63.58,-24.61,1.0733
-26.4,63.58,-24.61,1.075
-26.4,63.58,-24.61,1.0772
-26.4,63.58,-24.61,1.0788
-26.4,63.58,-24.61,1.0805
-26.4,63.58,-24.61,1.0821
-26.4,63.58,-24.61,1.0838
-26.16,63.58,-24.85,1.0857
-26.16,63.58,-24.85,1.0877
-26.16,63.58,-24.85,1.0898
-26.16,63.58,-24.85,1.0925
-26.16,63.58,-24.85,1.0953
-26.16,63.58,-24.85,1.0969
-26.16,63.58,-24.85,1.0988
-26.16,63.58,-24.85,1.1013
-25.68,63.34,-25.33,1.1036
-25.68,63.34,-25.33,1.1052
-25.68,63.34,-25.33,1.1066
-25.68,63.34,-25.33,1.1081
-25.68,63.34,-25.33,1.1096
-25.68,63.34,-25.33,1.1112
-25.68,63.34,-25.33,1.1127
-25.68,63.34,-25.33,1.1149
-25.68,63.34,-25.33,1.1174
-25.44,63.34,-25.81,1.1197
-25.44,63.34,-25.81,1.1215
-25.44,63.34,-25.81,1.1231
-25.44,63.34,-25.81,1.1245
-25.44,63.34,-25.81,1.1263
-25.44,63.34,-25.81,1.1276
-25.44,63.34,-25.81,1.1292
-25.44,63.34,-25.81,1.1309
-25.44,63.34,-25.81,1.1327
-24.48,63.1,-26.05,1.1352
-24.48,63.1,-26.05,1.137
-24.48,63.1,-26.05,1.1388
-24.48,63.1,-26.05,1.1404
-24.48,63.1,-26.05,1.1418
-24.48,63.1,-26.05,1.1435
-24.48,63.1,-26.05,1.145
-24.48,63.1,-26.05,1.1466
-24.48,63.1,-26.05,1.1485
-24.96,62.86,-26.53,1.1503
-24.96,62.86,-26.53,1.1519
-24.96,62.86,-26.53,1.1541
-24.96,62.86,-26.53,1.1555
-24.96,62.86,-26.53,1.1572
-24.96,62.86,-26.53,1.1584
-24.96,62.86,-26.53,1.1604
-24.96,62.86,-26.53,1.1619
-24.96,62.86,-26.53,1.1634
-24.96,62.86,-26.53,1.166
-24.72,62.86,-26.77,1.1682
-24.72,62.86,-26.77,1.17
-24.72,62.86,-26.77,1.1718
-24.72,62.86,-26.77,1.1734
-24.72,62.86,-26.77,1.1748
-24.72,62.86,-26.77,1.1766
-24.72,62.86,-26.77,1.1784
-24.72,62.86,-26.77,1.1807
-24.48,62.62,-27.01,1.183
-24.48,62.62,-27.01,1.185
-24.48,62.62,-27.01,1.1866
-24.48,62.62,-27.01,1.1884
-24.48,62.62,-27.01,1.19
-24.48,62.62,-27.01,1.1916
-24.48,62.62,-27.01,1.194
-24.48,62.62,-27.01,1.1955
-24.48,62.62,-27.01,1.1974
-24,62.62,-27.49,1.1991
-24,62.62,-27.49,1.201
-24,62.62,-27.49,1.2026
-24,62.62,-27.49,1.204
-24,62.62,-27.49,1.2056
-24,62.62,-27.49,1.2071
-24,62.62,-27.49,1.2085
-24,62.62,-27.49,1.2106
-24,62.62,-27.49,1.2125
-23.76,62.38,-27.49,1.2145
-23.76,62.38,-27.49,1.2165
-23.76,62.38,-27.49,1.2181
-23.76,62.38,-27.49,1.2197
-23.76,62.38,-27.49,1.2214
-23.76,62.38,-27.49,1.2232
-23.76,62.38,-27.49,1.2249
-23.76,62.38,-27.49,1.2265
-23.76,62.38,-27.49,1.2284
-23.52,62.14,-27.73,1.2302
-23.52,62.14,-27.73,1.2323
-23.52,62.14,-27.73,1.2339
-23.52,62.14,-27.73,1.2358
-23.52,62.14,-27.73,1.2372
-23.52,62.14,-27.73,1.2387
-23.52,62.14,-27.73,1.24
-23.52,62.14,-27.73,1.2413
-23.52,62.14,-27.73,1.2431
-23.52,62.14,-27.73,1.2447
-23.28,62.14,-28.45,1.2466
-23.28,62.14,-28.45,1.2488
-23.28,62.14,-28.45,1.2508
-23.28,62.14,-28.45,1.2525
-23.28,62.14,-28.45,1.2542
-23.28,62.14,-28.45,1.2555
-23.28,62.14,-28.45,1.2576
-23.28,62.14,-28.45,1.2595
-23.28,62.14,-28.45,1.2614
-22.8,61.9,-28.69,1.2636
-22.8,61.9,-28.69,1.266
-22.8,61.9,-28.69,1.2687
-22.8,61.9,-28.69,1.2704
-22.8,61.9,-28.69,1.272
-22.8,61.9,-28.69,1.2738
-22.8,61.9,-28.69,1.2755
-22.8,61.9,-28.69,1.2772
-22.56,61.66,-28.93,1.2792
-22.56,61.66,-28.93,1.2813
-22.56,61.66,-28.93,1.2838
-22.56,61.66,-28.93,1.2855
-22.56,61.66,-28.93,1.2869
-22.56,61.66,-28.93,1.2883
-22.56,61.66,-28.93,1.2896
-22.56,61.66,-28.93,1.2912
-22.56,61.66,-28.93,1.293
-22.08,61.66,-29.65,1.2948
-22.08,61.66,-29.65,1.2965
-22.08,61.66,-29.65,1.2978
-22.08,61.66,-29.65,1.2995
-22.08,61.66,-29.65,1.3018
-22.08,61.66,-29.65,1.3033
-22.08,61.66,-29.65,1.305
-22.08,61.66,-29.65,1.3065
-22.08,61.66,-29.65,1.3081
-22.08,61.66,-29.65,1.3095
-22.08,61.42,-30.37,1.3116
-22.08,61.42,-30.37,1.3141
-22.08,61.42,-30.37,1.3158
-22.08,61.42,-30.37,1.3169
-22.08,61.42,-30.37,1.318
-22.08,61.42,-30.37,1.3192
-22.08,61.42,-30.37,1.3204
-22.08,61.42,-30.37,1.3218
-22.08,61.42,-30.37,1.3234
-22.08,61.42,-30.37,1.325
-21.6,61.18,-30.37,1.3266
-21.6,61.18,-30.37,1.3285
-21.6,61.18,-30.37,1.3306
-21.6,61.18,-30.37,1.3324
-21.6,61.18,-30.37,1.3343
-21.6,61.18,-30.37,1.3361
-21.6,61.18,-30.37,1.338
-21.6,61.18,-30.37,1.3399
-21.6,61.18,-30.37,1.342
-21.12,60.94,-30.61,1.3438
-21.12,60.94,-30.61,1.3452
-21.12,60.94,-30.61,1.347
-21.12,60.94,-30.61,1.3485
-21.12,60.94,-30.61,1.35
-21.12,60.94,-30.61,1.3514
-21.12,60.94,-30.61,1.3529
-21.12,60.94,-30.61,1.3543
-21.12,60.94,-30.61,1.3556
-21.12,60.94,-30.61,1.357
-20.64,60.7,-31.09,1.3587
-20.64,60.7,-31.09,1.3605
-20.64,60.7,-31.09,1.3624
-20.64,60.7,-31.09,1.3645
-20.64,60.7,-31.09,1.3665
-20.64,60.7,-31.09,1.3678
-20.64,60.7,-31.09,1.3696
-20.64,60.7,-31.09,1.371
-20.64,60.7,-31.09,1.3724
-20.64,60.7,-31.09,1.3737
-20.64,60.46,-31.57,1.3756
-20.64,60.46,-31.57,1.3783
-20.64,60.46,-31.57,1.3805
-20.64,60.46,-31.57,1.3821
-20.64,60.46,-31.57,1.3837
-20.64,60.46,-31.57,1.385
-20.64,60.46,-31.57,1.3866
-20.64,60.46,-31.57,1.3882
-20.64,60.46,-31.57,1.3904
-20.16,60.46,-31.81,1.3924
-20.16,60.46,-31.81,1.3953
-20.16,60.46,-31.81,1.3973
-20.16,60.46,-31.81,1.399
-20.16,60.46,-31.81,1.4008
-20.16,60.46,-31.81,1.4026
-20.16,60.46,-31.81,1.4042
-20.16,60.46,-31.81,1.4063
-19.92,60.46,-32.05,1.4083
-19.92,60.46,-32.05,1.4105
-19.92,60.46,-32.05,1.4123
-19.92,60.46,-32.05,1.4141
-19.92,60.46,-32.05,1.4156
-19.92,60.46,-32.05,1.4178
-19.92,60.46,-32.05,1.4197
-19.92,60.46,-32.05,1.4216
-19.68,59.98,-32.29,1.4239
-19.68,59.98,-32.29,1.4264
-19.68,59.98,-32.29,1.4286
-19.68,59.98,-32.29,1.4302
-19.68,59.98,-32.29,1.4319
-19.68,59.98,-32.29,1.4339
-19.68,59.98,-32.29,1.4354
-19.68,59.98,-32.29,1.437
-19.68,59.98,-32.29,1.4386
-19.44,59.5,-32.77,1.4404
-19.44,59.5,-32.77,1.4421
-19.44,59.5,-32.77,1.4442
-19.44,59.5,-32.77,1.4459
-19.44,59.5,-32.77,1.4476
-19.44,59.5,-32.77,1.4491
-19.44,59.5,-32.77,1.4505
-19.44,59.5,-32.77,1.4518
-19.44,59.5,-32.77,1.4533
-19.44,59.5,-32.77,1.4548
-19.44,59.02,-32.77,1.4571
-19.44,59.02,-32.77,1.4591
-19.44,59.02,-32.77,1.4609
-19.44,59.02,-32.77,1.4626
-19.44,59.02,-32.77,1.4642
-19.44,59.02,-32.77,1.466
-19.44,59.02,-32.77,1.4679
-19.44,59.02,-32.77,1.4699
-18.96,58.78,-33.25,1.4717
-18.96,58.78,-33.25,1.4739
-18.96,58.78,-33.25,1.4757
-18.96,58.78,-33.25,1.4774
-18.96,58.78,-33.25,1.4793
-18.96,58.78,-33.25,1.481
-18.96,58.78,-33.25,1.4823
-18.96,58.78,-33.25,1.4836
-18.96,58.78,-33.25,1.4851
-18.96,58.78,-33.25,1.4866
-18.72,59.02,-33.73,1.4885
-18.72,59.02,-33.73,1.491
-18.72,59.02,-33.73,1.4928
-18.72,59.02,-33.73,1.495
-18.72,59.02,-33.73,1.4965
-18.72,59.02,-33.73,1.4982
-18.72,59.02,-33.73,1.4998
-18.72,59.02,-33.73,1.5018
-18.24,58.78,-33.97,1.5035
-18.24,58.78,-33.97,1.5054
-18.24,58.78,-33.97,1.5071
-18.24,58.78,-33.97,1.5094
-18.24,58.78,-33.97,1.5113
-18.24,58.78,-33.97,1.5141
-18.24,58.78,-33.97,1.5159
-18.24,58.78,-33.97,1.5177
-18.24,58.78,-33.97,1.5192
-18,58.3,-34.45,1.5213
-18,58.3,-34.45,1.5238
-18,58.3,-34.45,1.5259
-18,58.3,-34.45,1.5279
-18,58.3,-34.45,1.5312
-18,58.3,-34.45,1.5327
-18,58.3,-34.45,1.5345
-17.28,58.06,-34.93,1.5366
-17.28,58.06,-34.93,1.5392
-17.28,58.06,-34.93,1.5412
-17.28,58.06,-34.93,1.5433
-17.28,58.06,-34.93,1.5449
-17.28,58.06,-34.93,1.5463
-17.28,58.06,-34.93,1.5477
-17.28,58.06,-34.93,1.5494
-17.28,58.06,-34.93,1.5511
-16.8,58.06,-35.17,1.5527
-16.8,58.06,-35.17,1.5545
-16.8,58.06,-35.17,1.5565
-16.8,58.06,-35.17,1.5587
-16.8,58.06,-35.17,1.5606
-16.8,58.06,-35.17,1.5622
-16.8,58.06,-35.17,1.5642
-16.8,58.06,-35.17,1.5661
-16.8,58.06,-35.17,1.5674
-16.56,57.82,-35.41,1.5696
-16.56,57.82,-35.41,1.5715
-16.56,57.82,-35.41,1.5747
-16.56,57.82,-35.41,1.5766
-16.56,57.82,-35.41,1.578
-16.56,57.82,-35.41,1.5794
-16.56,57.82,-35.41,1.5813
-16.56,57.82,-35.41,1.5831
-16.56,57.82,-35.65,1.5854
-16.56,57.82,-35.65,1.5878
-16.56,57.82,-35.65,1.59
-16.56,57.82,-35.65,1.5924
-16.56,57.82,-35.65,1.5942
-16.56,57.82,-35.65,1.5962
-16.56,57.82,-35.65,1.5985
-16.08,57.58,-36.37,1.6002
-16.08,57.58,-36.37,1.6025
-16.08,57.58,-36.37,1.6101
-16.08,57.58,-36.37,1.6199
-15.36,57.82,-36.85,1.6268
-15.36,57.82,-36.85,1.6308
-14.88,57.58,-37.09,1.6334
-14.88,57.58,-37.09,1.6359
-14.88,57.58,-37.09,1.6383
-14.88,57.58,-37.09,1.6415
-14.88,57.58,-37.09,1.6438
-14.88,57.58,-37.09,1.6457
-14.88,57.58,-37.09,1.6477
-15.12,57.58,-37.81,1.6498
-15.12,57.58,-37.81,1.6517
-15.12,57.58,-37.81,1.6534
-15.12,57.58,-37.81,1.6553
-15.12,57.58,-37.81,1.6572
-15.12,57.58,-37.81,1.6594
-15.12,57.58,-37.81,1.661
-15.12,57.58,-37.81,1.6627
-15.12,57.58,-37.81,1.6646
-14.64,57.34,-38.05,1.6664
-14.64,57.34,-38.05,1.6684
-14.64,57.34,-38.05,1.67
-14.64,57.34,-38.05,1.672
-14.64,57.34,-38.05,1.6742
-14.64,57.34,-38.05,1.6761
-14.64,57.34,-38.05,1.6776
-14.64,57.34,-38.05,1.679
-14.4,56.86,-38.29,1.6806
-14.4,56.86,-38.29,1.6823
-14.4,56.86,-38.29,1.6838
-14.4,56.86,-38.29,1.6854
-14.4,56.86,-38.29,1.687
-14.4,56.86,-38.29,1.6889
-14.4,56.86,-38.29,1.6907
-14.4,56.86,-38.29,1.6926
-14.4,56.86,-38.29,1.6944
-14.4,56.86,-38.29,1.7
-14.16,57.1,-38.29,1.7102
-14.16,57.1,-38.29,1.7184
-13.92,56.86,-38.77,1.7261
-13.92,56.86,-38.77,1.73
-14.16,56.38,-39.25,1.7331
-14.16,56.38,-39.25,1.737
-14.16,56.38,-39.25,1.7392
-14.16,56.38,-39.25,1.7413
-14.16,56.38,-39.25,1.743
-14.16,56.38,-39.25,1.7446
-13.68,56.14,-39.73,1.7465
-13.68,56.14,-39.73,1.7482
-13.68,56.14,-39.73,1.7504
-13.68,56.14,-39.73,1.7526
-13.68,56.14,-39.73,1.7546
-13.68,56.14,-39.73,1.7563
-13.68,56.14,-39.73,1.7578
-13.68,56.14,-39.73,1.7594
-12.96,55.9,-39.73,1.7609
-12.96,55.9,-39.73,1.7626
-12.96,55.9,-39.73,1.7648
-12.96,55.9,-39.73,1.7663
-12.96,55.9,-39.73,1.768
-12.96,55.9,-39.73,1.7696
-12.96,55.9,-39.73,1.771
-12.96,55.9,-39.73,1.7724
-12.96,55.9,-39.73,1.7739
-12.96,55.9,-39.73,1.7754
-12.24,55.9,-40.45,1.7768
-12.24,55.9,-40.45,1.7784
-12.24,55.9,-40.45,1.7799
-12.24,55.9,-40.45,1.7825
-12.24,55.9,-40.45,1.7849
-12.24,55.9,-40.45,1.7867
-12.24,55.9,-40.45,1.7885
-12.24,55.9,-40.45,1.79
-12.24,55.9,-40.45,1.7924
-12,55.66,-40.69,1.7939
-12,55.66,-40.69,1.7951
-12,55.66,-40.69,1.7965
-12,55.66,-40.69,1.7982
-12,55.66,-40.69,1.8006
-12,55.66,-40.69,1.8022
-12,55.66,-40.69,1.8046
-12,55.66,-40.69,1.8063
-12,55.66,-40.69,1.808
-12,55.66,-40.69,1.8097
-11.76,55.18,-40.93,1.8115
-11.76,55.18,-40.93,1.8133
-11.76,55.18,-40.93,1.8152
-11.76,55.18,-40.93,1.8174
-11.76,55.18,-40.93,1.8192
-11.76,55.18,-40.93,1.821
-11.76,55.18,-40.93,1.8227
-11.76,55.18,-40.93,1.8245
-11.28,55.18,-40.93,1.826
-11.28,55.18,-40.93,1.8274
-11.28,55.18,-40.93,1.8293
-11.28,55.18,-40.93,1.8317
-11.28,55.18,-40.93,1.8343
-11.28,55.18,-40.93,1.8363
-11.28,55.18,-40.93,1.8381
-11.28,55.18,-40.93,1.8402
-11.28,55.42,-41.41,1.8418
-11.28,55.42,-41.41,1.8431
-11.28,55.42,-41.41,1.8446
-11.28,55.42,-41.41,1.8471
-11.28,55.42,-41.41,1.8492
-11.28,55.42,-41.41,1.8598
-10.56,55.18,-42.13,1.8705
-10.56,55.18,-42.13,1.8779
-10.08,54.94,-42.13,1.8813
-10.08,54.94,-42.13,1.8842
-10.08,54.94,-42.13,1.8868
-10.08,54.94,-42.13,1.889
-10.08,54.7,-42.61,1.8909
-10.08,54.7,-42.61,1.8927
-10.08,54.7,-42.61,1.8943
-10.08,54.7,-42.61,1.896
-10.08,54.7,-42.61,1.8976
-10.08,54.7,-42.61,1.8993
-10.08,54.7,-42.61,1.9013
-10.08,54.7,-42.61,1.9038
-10.08,54.7,-42.61,1.9057
-10.08,54.7,-42.85,1.9075
-10.08,54.7,-42.85,1.9094
-10.08,54.7,-42.85,1.911
-10.08,54.7,-42.85,1.9127
-10.08,54.7,-42.85,1.9143
-10.08,54.7,-42.85,1.9164
-10.08,54.7,-42.85,1.9185
-10.08,54.7,-42.85,1.9208
-10.08,54.7,-42.85,1.9227
-9.6,54.46,-43.33,1.9243
-9.6,54.46,-43.33,1.9258
-9.6,54.46,-43.33,1.9274
-9.6,54.46,-43.33,1.9291
-9.6,54.46,-43.33,1.9308
-9.6,54.46,-43.33,1.933
-9.6,54.46,-43.33,1.9349
-9.6,54.46,-43.33,1.9366
-9.6,54.46,-43.33,1.9381
-9.6,54.46,-43.33,1.9394
-9.12,53.98,-43.57,1.9408
-9.12,53.98,-43.57,1.9422
-9.12,53.98,-43.57,1.9438
-9.12,53.98,-43.57,1.9456
-9.12,53.98,-43.57,1.9477
-9.12,53.98,-43.57,1.9498
-9.12,53.98,-43.57,1.9517
-9.12,53.98,-43.57,1.9533
-9.12,53.5,-44.05,1.9553
-9.12,53.5,-44.05,1.9569
-9.12,53.5,-44.05,1.9585
-9.12,53.5,-44.05,1.96
-9.12,53.5,-44.05,1.9615
-9.12,53.5,-44.05,1.9632
-9.12,53.5,-44.05,1.9647
-9.12,53.5,-44.05,1.9671
-9.12,53.5,-44.05,1.969
-9.12,53.5,-44.05,1.9707
-8.64,53.5,-44.53,1.9728
-8.64,53.5,-44.53,1.9745
-8.64,53.5,-44.53,1.9764
-8.64,53.5,-44.53,1.9782
-8.64,53.5,-44.53,1.9803
-8.64,53.5,-44.53,1.9829
-8.64,53.5,-44.53,1.9851
-8.64,53.5,-44.53,1.9865
-8.16,53.26,-44.77,1.9878
-8.16,53.26,-44.77,1.9893
-8.16,53.26,-44.77,1.9909
-8.16,53.26,-44.77,1.9923
-8.16,53.26,-44.77,1.9938
-8.16,53.26,-44.77,1.9949
-8.16,53.26,-44.77,1.9967
-8.16,53.26,-44.77,1.9982
-8.16,53.26,-44.77,2.0002
-7.68,53.02,-45.25,2.0022
-7.68,53.02,-45.25,2.0042
-7.68,53.02,-45.25,2.0057
-7.68,53.02,-45.25,2.0069
-7.68,53.02,-45.25,2.0084
-7.68,53.02,-45.25,2.0101
-7.68,53.02,-45.25,2.0119
-7.68,53.02,-45.25,2.014
-7.68,53.02,-45.25,2.0158
-7.68,53.02,-45.25,2.0181
-7.68,53.02,-45.25,2.02
-8.16,52.78,-45.73,2.022
-8.16,52.78,-45.73,2.0237
-8.16,52.78,-45.73,2.0255
-8.16,52.78,-45.73,2.027
-8.16,52.78,-45.73,2.0292
-8.16,52.78,-45.73,2.0316
-8.16,52.78,-45.73,2.033
-8.16,52.78,-45.73,2.0352
-7.92,52.54,-45.73,2.0368
-7.92,52.54,-45.73,2.0391
-7.92,52.54,-45.73,2.0407
-7.92,52.54,-45.73,2.042
-7.92,52.54,-45.73,2.0437
-7.92,52.54,-45.73,2.0458
-7.92,52.54,-45.73,2.0472
-7.92,52.54,-45.73,2.0505
-7.92,52.54,-45.73,2.0525
-6.96,52.3,-45.97,2.055
-6.96,52.3,-45.97,2.0572
-6.96,52.3,-45.97,2.0599
-6.96,52.3,-45.97,2.0631
-6.96,52.3,-45.97,2.066
-6.96,52.3,-45.97,2.0678
-6.48,52.3,-46.21,2.0704
-6.48,52.3,-46.21,2.073
-6.48,52.3,-46.21,2.0755
-6.48,52.3,-46.21,2.079
-6.48,52.3,-46.21,2.0819
-6.48,52.3,-46.21,2.0847
-6.48,52.3,-46.69,2.0867
-6.48,52.3,-46.69,2.0887
-6.48,52.3,-46.69,2.0902
-6.48,52.3,-46.69,2.0936
-6.48,52.3,-46.69,2.0967
-6.48,52.3,-46.69,2.0994
-6.48,52.06,-47.17,2.1013
-6.48,52.06,-47.17,2.1031
-6.48,52.06,-47.17,2.1049
-6.48,52.06,-47.17,2.1067
-6.48,52.06,-47.17,2.1082
-6.48,52.06,-47.17,2.1101
-6.48,52.06,-47.17,2.1128
-6.48,52.06,-47.17,2.1153
-6.24,52.06,-47.41,2.1172
-6.24,52.06,-47.41,2.1194
-6.24,52.06,-47.41,2.1213
-6.24,52.06,-47.41,2.123
-6.24,52.06,-47.41,2.1249
-6.24,52.06,-47.41,2.1274
-6.24,52.06,-47.41,2.1302
-6.24,52.06,-47.41,2.133
-5.52,52.06,-47.41,2.1348
-5.52,52.06,-47.41,2.1369
-5.52,52.06,-47.41,2.1385
-5.52,52.06,-47.41,2.1402
-5.52,52.06,-47.41,2.1431
-5.52,52.06,-47.41,2.1463
-5.52,52.06,-47.41,2.149
-5.28,52.06,-47.65,2.1508
-5.28,52.06,-47.65,2.1526
-5.28,52.06,-47.65,2.1544
-5.28,52.06,-47.65,2.1563
-5.28,52.06,-47.65,2.1585
-5.28,52.06,-47.65,2.1613
-5.28,52.06,-47.65,2.1641
-5.28,52.06,-47.65,2.1664
-5.28,52.06,-47.65,2.1683
-5.28,52.06,-47.65,2.17
-5.28,52.06,-47.65,2.1717
-5.28,52.06,-47.65,2.1738
-5.28,52.06,-47.65,2.1773
-5.28,52.06,-47.65,2.1802
-5.28,52.06,-47.41,2.1822
-5.28,52.06,-47.41,2.1841
-5.28,52.06,-47.41,2.1864
-5.28,52.06,-47.41,2.1883
-5.28,52.06,-47.41,2.1902
-5.28,52.06,-47.41,2.1923
-5.28,52.06,-47.41,2.1952
-5.04,52.06,-47.65,2.1977
-5.04,52.06,-47.65,2.1998
-5.04,52.06,-47.65,2.2029
-5.04,52.06,-47.65,2.2057
-5.04,52.06,-47.65,2.2088
-5.04,52.06,-47.65,2.213
-5.28,52.06,-47.89,2.2146
-5.28,52.06,-47.89,2.2174
-5.28,52.06,-47.89,2.2189
-5.28,52.06,-47.89,2.22
-5.28,52.06,-47.89,2.2219
-5.28,52.06,-47.89,2.2234
-5.28,52.06,-47.89,2.2257
-5.28,52.06,-47.89,2.2282
-5.28,52.06,-47.65,2.2304
-5.28,52.06,-47.65,2.2325
-5.28,52.06,-47.65,2.2347
-5.28,52.06,-47.65,2.2366
-5.28,52.06,-47.65,2.2384
-5.28,52.06,-47.65,2.2405
-5.28,52.06,-47.65,2.2431
-5.04,52.06,-47.89,2.2457
-5.04,52.06,-47.89,2.2473
-5.04,52.06,-47.89,2.2491
-5.04,52.06,-47.89,2.2505
-5.04,52.06,-47.89,2.2519
-5.04,52.06,-47.89,2.2535
-5.04,52.06,-47.89,2.2556
-5.04,52.06,-47.89,2.2576
-5.04,52.06,-47.89,2.2599
-5.28,51.82,-47.89,2.2631
0,0,0,2.2692
-5.28,51.82,-47.89,2.2725
-5.28,51.82,-47.89,2.2758
-5.28,51.82,-47.89,2.2778
-5.28,51.82,-47.89,2.2797
-5.28,51.82,-47.89,2.2819
-5.28,51.82,-47.89,2.2846
-5.28,51.82,-47.89,2.2869
-5.28,51.82,-47.89,2.2896
-5.28,51.82,-47.65,2.2929
-5.28,51.82,-47.65,2.295
-5.28,51.82,-47.65,2.2974
-5.28,51.82,-47.65,2.2991
-5.28,51.82,-47.65,2.3005
-5.28,51.82,-47.65,2.3021
-5.28,51.82,-47.65,2.3039
-5.28,51.82,-47.65,2.3067
-5.04,51.82,-47.65,2.309
-5.04,51.82,-47.65,2.3108
-5.04,51.82,-47.65,2.313
-5.04,51.82,-47.65,2.3153
-5.04,51.82,-47.65,2.3177
-5.04,51.82,-47.65,2.3209
-5.04,51.82,-47.65,2.324
-5.28,51.82,-47.65,2.3276
-5.28,51.82,-47.65,2.3302
-5.28,51.82,-47.65,2.3328
-5.28,51.82,-47.65,2.3348
-5.28,51.82,-47.65,2.3369
-5.28,51.82,-47.65,2.3389
-5.28,51.82,-47.89,2.3407
-5.28,51.82,-47.89,2.3424
-5.28,51.82,-47.89,2.3439
-5.28,51.82,-47.89,2.3453
-5.28,51.82,-47.89,2.3468
-5.28,51.82,-47.89,2.3487
-5.28,51.82,-47.89,2.35
-5.28,51.82,-47.89,2.3518
-5.28,51.82,-47.89,2.354
-5.04,51.82,-47.65,2.3556
-5.04,51.82,-47.65,2.3582
-5.04,51.82,-47.65,2.3647
-5.04,51.82,-47.65,2.3669
-5.04,51.82,-47.65,2.3704
-5.28,51.82,-47.89,2.3729
-5.28,51.82,-47.89,2.3754
-5.28,51.82,-47.89,2.3773
-5.28,51.82,-47.89,2.3792
-5.28,51.82,-47.89,2.3809
-5.28,51.82,-47.89,2.3826
-5.28,51.82,-47.89,2.3849
-5.28,51.82,-47.89,2.3878
-5.28,51.82,-47.65,2.3903
-5.28,51.82,-47.65,2.3925
-5.28,51.82,-47.65,2.394
-5.28,51.82,-47.65,2.3958
-5.28,51.82,-47.65,2.3972
-5.28,51.82,-47.65,2.3989
-5.28,51.82,-47.65,2.4006
-5.28,51.82,-47.65,2.4027
-5.04,51.82,-47.89,2.4053
-5.04,51.82,-47.89,2.4079
-5.04,51.82,-47.89,2.4094
-5.04,51.82,-47.89,2.4111
-5.04,51.82,-47.89,2.4124
-5.04,51.82,-47.89,2.414
-5.04,51.82,-47.89,2.4152
-5.04,51.82,-47.89,2.4169
-5.04,51.82,-47.89,2.419
-4.8,51.82,-47.65,2.4217
-4.8,51.82,-47.65,2.4236
-4.8,51.82,-47.65,2.4249
-4.8,51.82,-47.65,2.4262
-4.8,51.82,-47.65,2.4277
-4.8,51.82,-47.65,2.4292
-4.8,51.82,-47.65,2.4307
-4.8,51.82,-47.65,2.4319
-4.8,51.82,-47.65,2.4333
-4.8,51.82,-47.65,2.4354
-4.56,51.82,-47.65,2.4377
-4.56,51.82,-47.65,2.4401
-4.56,51.82,-47.65,2.4419
-4.56,51.82,-47.65,2.4437
-4.56,51.82,-47.65,2.4454
-4.56,51.82,-47.65,2.4473
-4.56,51.82,-47.65,2.4488
-4.56,51.82,-47.65,2.4512
-4.32,51.82,-47.65,2.4534
-4.32,51.82,-47.65,2.4558
-4.32,51.82,-47.65,2.4578
-4.32,51.82,-47.65,2.4592
-4.32,51.82,-47.65,2.4604
-4.32,51.82,-47.65,2.4615
-4.32,51.82,-47.65,2.4632
-4.32,51.82,-47.65,2.4649
-4.32,51.82,-47.65,2.4671
-4.08,52.06,-47.65,2.4698
-4.08,52.06,-47.65,2.4716
-4.08,52.06,-47.65,2.474
-4.08,52.06,-47.65,2.4756
-4.08,52.06,-47.65,2.4769
-4.08,52.06,-47.65,2.4783
-4.08,52.06,-47.65,2.4799
-4.08,52.06,-47.65,2.4815
-4.08,52.06,-47.65,2.4848
-4.08,51.82,-47.89,2.4865
-4.08,51.82,-47.89,2.4885
-4.08,51.82,-47.89,2.4899
-4.08,51.82,-47.89,2.4918
-4.08,51.82,-47.89,2.4934
-4.08,51.82,-47.89,2.4952
-4.08,51.82,-47.89,2.4969
-4.08,51.82,-47.89,2.4991
-3.6,51.82,-47.89,2.5024
-3.6,51.82,-47.89,2.5045
-3.6,51.82,-47.89,2.506
-3.6,51.82,-47.89,2.5079
-3.6,51.82,-47.89,2.5091
-3.6,51.82,-47.89,2.5105
-3.6,51.82,-47.89,2.5124
-3.6,51.82,-47.89,2.5148
-3.36,51.82,-47.89,2.5177
-3.36,51.82,-47.89,2.5198
-3.36,51.82,-47.89,2.5212
-3.36,51.82,-47.89,2.5232
-3.36,51.82,-47.89,2.5246
-3.36,51.82,-47.89,2.5257
-3.36,51.82,-47.89,2.5272
-3.36,51.82,-47.89,2.5282
-3.36,51.82,-47.89,2.5294
-3.36,51.82,-47.89,2.5309
-3.12,52.06,-47.89,2.5329
-3.12,52.06,-47.89,2.5348
-3.12,52.06,-47.89,2.5372
-3.12,52.06,-47.89,2.5393
-3.12,52.06,-47.89,2.5414
-3.12,52.06,-47.89,2.5431
-3.12,52.06,-47.89,2.5445
-3.12,52.06,-47.89,2.5465
-2.64,52.06,-47.89,2.5494
-2.64,52.06,-47.89,2.5518
-2.64,52.06,-47.89,2.5534
-2.64,52.06,-47.89,2.5548
-2.64,52.06,-47.89,2.5559
-2.64,52.06,-47.89,2.5581
-2.64,52.06,-47.89,2.5597
-2.64,52.06,-47.89,2.5611
-2.64,52.06,-47.89,2.5633
-2.16,52.3,-47.65,2.5656
-2.16,52.3,-47.65,2.5679
-2.16,52.3,-47.65,2.5698
-2.16,52.3,-47.65,2.5713
-2.16,52.3,-47.65,2.5731
-2.16,52.3,-47.65,2.575
-2.16,52.3,-47.65,2.5766
-2.16,52.3,-47.65,2.5787
-1.68,52.54,-47.89,2.5805
-1.68,52.54,-47.89,2.5824
-1.68,52.54,-47.89,2.5844
-1.68,52.54,-47.89,2.586
-1.68,52.54,-47.89,2.5877
-1.68,52.54,-47.89,2.5894
-1.68,52.54,-47.89,2.5911
-1.68,52.54,-47.89,2.5921
-1.68,52.54,-47.89,2.5935
-1.68,52.54,-47.89,2.5956
-0.96,52.78,-47.89,2.5984
-0.96,52.78,-47.89,2.6012
-0.96,52.78,-47.89,2.6032
-0.96,52.78,-47.89,2.6048
-0.96,52.78,-47.89,2.6063
-0.96,52.78,-47.89,2.6082
-0.96,52.78,-47.89,2.6101
-0.96,52.78,-47.89,2.6119
-0.96,53.5,-47.89,2.6144
-0.96,53.5,-47.89,2.6163
-0.96,53.5,-47.89,2.6182
-0.96,53.5,-47.89,2.6197
-0.96,53.5,-47.89,2.6219
-0.96,53.5,-47.89,2.6236
-0.96,53.5,-47.89,2.625
-0.96,53.5,-47.89,2.6267
-0.24,53.98,-47.89,2.6285
-0.24,53.98,-47.89,2.6304
-0.24,53.98,-47.89,2.6327
-0.24,53.98,-47.89,2.6361
-0.24,53.98,-47.89,2.6378
-0.24,53.98,-47.89,2.6393
-0.24,53.98,-47.89,2.6409
-0.24,53.98,-47.89,2.6429
-0.48,54.46,-47.65,2.6446
-0.48,54.46,-47.65,2.6471
-0.48,54.46,-47.65,2.6491
-0.48,54.46,-47.65,2.6509
-0.48,54.46,-47.65,2.6526
-0.48,54.46,-47.65,2.6539
-0.48,54.46,-47.65,2.6554
-0.48,54.46,-47.65,2.6572
-0.48,54.46,-47.65,2.6586
-0.48,54.46,-47.65,2.6602
0,54.7,-47.89,2.6619
0,54.7,-47.89,2.6634
0,54.7,-47.89,2.6652
0,54.7,-47.89,2.6669
0,54.7,-47.89,2.6686
0,54.7,-47.89,2.6702
0,54.7,-47.89,2.6716
0,54.7,-47.89,2.6734
0,54.7,-47.89,2.6752
0.24,54.94,-47.89,2.6767
0.24,54.94,-47.89,2.688
0.24,54.94,-47.89,2.7003
0.24,55.42,-47.89,2.7099
0.48,55.9,-47.65,2.7152
0.48,55.9,-47.65,2.7191
0.48,55.9,-47.65,2.7219
0.48,55.9,-47.65,2.7245
0.96,56.38,-47.65,2.7266
0.96,56.38,-47.65,2.7284
0.96,56.38,-47.65,2.7304
0.96,56.38,-47.65,2.7321
0.96,56.38,-47.65,2.7342
0.96,56.38,-47.65,2.7357
0.96,56.38,-47.65,2.7369
0.96,56.38,-47.65,2.7382
0.96,56.38,-47.65,2.7398
1.2,56.86,-47.65,2.7419
1.2,56.86,-47.65,2.7436
1.2,56.86,-47.65,2.7451
1.2,56.86,-47.65,2.7468
1.2,56.86,-47.65,2.7485
1.2,56.86,-47.65,2.7506
1.2,56.86,-47.65,2.7526
1.2,56.86,-47.65,2.7549
1.2,56.86,-47.65,2.7569
1.44,57.34,-47.65,2.7586
1.44,57.34,-47.65,2.7603
1.44,57.34,-47.65,2.7619
1.44,57.34,-47.65,2.7638
1.44,57.34,-47.65,2.7654
1.44,57.34,-47.65,2.7742
1.68,57.58,-47.65,2.7934
2.16,57.82,-48.13,2.7984
2.16,57.82,-48.13,2.8012
2.16,57.82,-48.13,2.8039
2.64,58.54,-47.65,2.8061
2.64,58.54,-47.65,2.8093
2.64,58.54,-47.65,2.8116
2.64,58.54,-47.65,2.8139
2.64,58.54,-47.65,2.816
2.64,58.54,-47.65,2.8176
2.64,58.54,-47.65,2.8191
2.64,58.54,-47.65,2.8206
2.64,58.78,-47.65,2.822
2.64,58.78,-47.65,2.8239
2.64,58.78,-47.65,2.8259
2.64,58.78,-47.65,2.8279
2.64,58.78,-47.65,2.831
2.64,58.78,-47.65,2.8329
2.64,58.78,-47.65,2.8349
2.64,58.78,-47.65,2.8364
2.64,59.26,-47.89,2.8382
2.64,59.26,-47.89,2.8399
2.64,59.26,-47.89,2.8418
2.64,59.26,-47.89,2.8437
2.64,59.26,-47.89,2.846
2.64,59.26,-47.89,2.848
2.64,59.26,-47.89,2.8495
2.64,59.26,-47.89,2.8513
2.64,59.26,-47.89,2.853
3.36,59.5,-47.89,2.8547
3.36,59.5,-47.89,2.8566
3.36,59.5,-47.89,2.8588
3.36,59.5,-47.89,2.8608
3.36,59.5,-47.89,2.8624
3.36,59.5,-47.89,2.8645
3.36,59.5,-47.89,2.8661
3.36,59.5,-47.89,2.8677
3.6,59.5,-47.65,2.8691
3.6,59.5,-47.65,2.8706
3.6,59.5,-47.65,2.8725
3.6,59.5,-47.65,2.8779
3.6,59.5,-47.65,2.888
4.32,59.74,-47.65,2.897
4.32,59.74,-47.65,2.9006
4.56,59.74,-47.65,2.9032
4.56,59.74,-47.65,2.9053
4.56,59.74,-47.65,2.9073
4.56,59.74,-47.65,2.909
4.56,59.74,-47.65,2.9105
4.56,59.74,-47.65,2.912
4.56,59.74,-47.65,2.9141
4.56,59.74,-47.65,2.9165
4.32,59.98,-47.89,2.9186
4.32,59.98,-47.89,2.9209
4.32,59.98,-47.89,2.9226
4.32,59.98,-47.89,2.9243
4.32,59.98,-47.89,2.9259
4.32,59.98,-47.89,2.9277
4.32,59.98,-47.89,2.9296
4.32,59.98,-47.89,2.9321
5.28,59.74,-48.13,2.9344
5.28,59.74,-48.13,2.9365
5.28,59.74,-48.13,2.9383
5.28,59.74,-48.13,2.9404
5.28,59.74,-48.13,2.9422
5.28,59.74,-48.13,2.9446
5.28,59.74,-48.13,2.9465
5.28,59.74,-48.13,2.9529
5.52,59.98,-47.89,2.9644
5.52,59.98,-47.65,2.9757
5.52,59.98,-47.65,2.9807
5.52,59.98,-47.65,2.984
5.28,60.22,-48.37,2.9863
5.28,60.22,-48.37,2.989
5.28,60.22,-48.37,2.992
5.28,60.22,-48.37,2.9938
5.28,60.22,-48.37,2.9953
5.28,60.22,-48.37,2.9969
6.24,60.22,-47.89,3.0179
6.48,60.46,-47.89,3.0203
6.48,60.46,-47.89,3.023
6.48,60.46,-47.89,3.0271
6.48,60.46,-47.89,3.029
6.72,60.46,-47.89,3.0315
6.72,60.46,-47.89,3.033
6.72,60.46,-47.89,3.0346
6.72,60.46,-47.89,3.036
6.72,60.46,-47.89,3.0379
6.72,60.46,-47.89,3.041
6.72,60.46,-47.89,3.0429
6.72,60.46,-47.89,3.0447
6.96,60.46,-48.13,3.0469
6.96,60.46,-48.13,3.0485
6.96,60.46,-48.13,3.0501
6.96,60.46,-48.13,3.0533
6.96,60.46,-48.13,3.0666
7.2,59.98,-48.13,3.0746
7.2,59.98,-48.13,3.0824
7.92,60.94,-48.13,3.0863
7.92,60.94,-48.13,3.0893
7.92,60.94,-48.13,3.0922
8.16,61.42,-48.13,3.0949
8.16,61.42,-48.13,3.0979
8.16,61.42,-48.13,3.1011
8.16,61.42,-48.13,3.1042
8.16,61.42,-48.13,3.1075
8.16,61.42,-48.13,3.1103
8.4,62.38,-48.13,3.1132
8.4,62.38,-48.13,3.1161
8.4,62.38,-48.13,3.1194
8.4,62.38,-48.13,3.122
8.4,62.38,-48.13,3.1253
8.88,61.9,-47.89,3.1282
8.88,61.9,-47.89,3.1314
8.88,61.9,-47.89,3.1335
8.88,61.9,-47.89,3.1368
8.88,61.9,-47.89,3.1392
8.88,61.9,-47.89,3.1414
9.12,62.38,-48.13,3.1435
9.12,62.38,-48.13,3.1454
9.12,62.38,-48.13,3.1477
9.12,62.38,-48.13,3.1501
9.12,62.38,-48.13,3.1524
9.12,62.38,-48.13,3.1548
9.12,62.38,-48.13,3.1688
9.84,62.62,-48.13,3.1771
9.6,63.1,-48.13,3.1833
9.6,63.1,-48.13,3.186
9.6,63.1,-48.13,3.1888
9.6,63.1,-48.13,3.1914
9.84,63.58,-48.13,3.1936
9.84,63.58,-48.13,3.1954
9.84,63.58,-48.13,3.1973
9.84,63.58,-48.13,3.1992
9.84,63.58,-48.13,3.2013
9.84,63.58,-48.13,3.204
9.84,63.58,-48.13,3.2061
10.32,64.06,-48.13,3.2078
10.32,64.06,-48.13,3.209
10.32,64.06,-48.13,3.2108
10.32,64.06,-48.13,3.212
10.32,64.06,-48.13,3.2139
10.32,64.06,-48.13,3.2159
10.32,64.06,-48.13,3.2182
10.32,64.06,-48.13,3.2204
10.32,64.06,-48.13,3.2228
10.56,64.78,-48.13,3.2247
10.56,64.78,-48.13,3.2263
10.56,64.78,-48.13,3.2275
10.56,64.78,-48.13,3.2284
10.56,64.78,-48.13,3.2296
10.56,64.78,-48.13,3.2315
10.56,64.78,-48.13,3.2333
10.56,64.78,-48.13,3.2356
10.56,64.78,-48.13,3.2375
11.04,65.02,-48.13,3.2394
11.04,65.02,-48.13,3.2409
11.04,65.02,-48.13,3.2423
11.04,65.02,-48.13,3.2435
11.04,65.02,-48.13,3.2451
11.04,65.02,-48.13,3.2466
11.04,65.02,-48.13,3.2488
11.04,65.02,-48.13,3.2512
11.04,65.02,-48.13,3.2531
11.04,65.26,-48.13,3.2554
11.04,65.26,-48.13,3.2574
11.04,65.26,-48.13,3.2593
11.04,65.26,-48.13,3.2609
11.04,65.26,-48.13,3.2624
11.04,65.26,-48.13,3.2643
11.04,65.26,-48.13,3.2665
11.04,65.26,-48.13,3.2681
11.04,65.26,-48.13,3.2695
11.28,65.74,-48.13,3.2717
11.28,65.74,-48.13,3.2735
11.28,65.74,-48.13,3.2758
11.28,65.74,-48.13,3.2775
11.28,65.74,-48.13,3.2793
11.28,65.74,-48.13,3.2815
11.28,65.74,-48.13,3.2836
11.28,65.74,-48.13,3.2869
11.52,66.22,-48.13,3.289
11.52,66.22,-48.13,3.2914
11.52,66.22,-48.13,3.293
11.52,66.22,-48.13,3.2973
11.52,66.22,-48.13,3.2997
11.52,66.22,-48.13,3.3017
12,66.94,-48.13,3.3035
12,66.94,-48.13,3.3052
12,66.94,-48.13,3.3072
12,66.94,-48.13,3.3087
12,66.94,-48.13,3.3105
12,66.94,-48.13,3.3122
12,66.94,-48.13,3.3147
12,66.94,-48.13,3.3171
12.48,67.42,-48.13,3.3189
12.48,67.42,-48.13,3.3204
12.48,67.42,-48.13,3.3221
12.48,67.42,-48.13,3.3239
12.48,67.42,-48.13,3.3255
12.48,67.42,-48.13,3.3273
12.48,67.42,-48.13,3.3292
12.48,67.42,-48.13,3.3317
12.48,67.42,-48.13,3.3343
12,67.9,-48.13,3.3366
12,67.9,-48.13,3.339
12,67.9,-48.13,3.341
12,67.9,-48.13,3.3428
12,67.9,-48.13,3.3447
12,67.9,-48.13,3.3477
12,67.9,-48.13,3.3504
12.48,67.9,-48.13,3.3529
12.48,67.9,-48.13,3.3552
12.48,67.9,-48.13,3.3573
12.48,67.9,-48.13,3.3597
12.48,67.9,-48.13,3.3621
12.48,67.9,-48.13,3.3652
12.96,68.14,-47.89,3.3679
12.96,68.14,-47.89,3.371
12.96,68.14,-47.89,3.3733
12.96,68.14,-47.89,3.3757
12.96,68.14,-47.89,3.3783
12.96,68.14,-47.89,3.3813
13.2,68.14,-48.13,3.3843
13.2,68.14,-48.13,3.3871
13.2,68.14,-48.13,3.3893
13.2,68.14,-48.13,3.3917
13.2,68.14,-48.13,3.3939
13.2,68.14,-48.13,3.397
13.92,68.14,-48.13,3.4005
13.92,68.14,-48.13,3.4043
13.92,68.14,-48.13,3.4067
13.92,68.14,-48.13,3.4088
13.92,68.14,-48.13,3.4118
13.92,68.14,-48.13,3.4148
14.16,68.38,-48.13,3.4171
14.16,68.38,-48.13,3.4188
14.16,68.38,-48.13,3.4205
14.16,68.38,-48.13,3.4218
14.16,68.38,-48.13,3.4234
14.16,68.38,-48.13,3.4251
14.16,68.38,-48.13,3.4272
14.16,68.38,-48.13,3.4297
14.4,68.38,-48.13,3.4326
14.4,68.38,-48.13,3.4351
14.4,68.38,-48.13,3.4373
14.4,68.38,-48.13,3.4398
14.4,68.38,-48.13,3.442
14.4,68.38,-48.13,3.4447
14.4,68.38,-48.13,3.4484
14.64,68.38,-48.13,3.4511
14.64,68.38,-48.13,3.454
14.64,68.38,-48.13,3.4554
14.64,68.38,-48.13,3.4578
14.64,68.38,-48.13,3.4612
14.88,68.62,-48.13,3.464
14.88,68.62,-48.13,3.4666
14.88,68.62,-48.13,3.469
14.88,68.62,-48.13,3.4714
14.88,68.62,-48.13,3.4736
14.88,68.62,-48.13,3.4764
14.88,68.62,-48.13,3.4795
15.12,68.62,-48.13,3.4821
15.12,68.62,-48.13,3.4841
15.12,68.62,-48.13,3.4858
15.12,68.62,-48.13,3.4874
15.12,68.62,-48.13,3.4892
15.12,68.62,-48.13,3.491
15.12,68.62,-48.13,3.4929
15.12,68.62,-48.13,3.4954
15.84,69.1,-48.13,3.4977
15.84,69.1,-48.13,3.4996
15.84,69.1,-48.13,3.5019
15.84,69.1,-48.13,3.5035
15.84,69.1,-48.13,3.5054
15.84,69.1,-48.13,3.5076
15.84,69.1,-48.13,3.51
16.32,69.58,-48.13,3.5127
16.32,69.58,-48.13,3.5149
16.32,69.58,-48.13,3.5172
16.32,69.58,-48.13,3.5194
16.32,69.58,-48.13,3.5211
16.32,69.58,-48.13,3.5232
16.32,69.58,-48.13,3.5252
16.8,70.06,-48.13,3.5281
16.8,70.06,-48.13,3.5303
16.8,70.06,-48.13,3.5322
16.8,70.06,-48.13,3.5338
16.8,70.06,-48.13,3.5354
16.8,70.06,-48.13,3.5372
16.8,70.06,-48.13,3.5388
16.8,70.06,-48.13,3.5408
16.8,70.06,-48.13,3.5433
16.8,70.54,-48.13,3.546
16.8,70.54,-48.13,3.5484
16.8,70.54,-48.13,3.5506
16.8,70.54,-48.13,3.552
16.8,70.54,-48.13,3.5537
16.8,70.54,-48.13,3.5555
16.8,70.54,-48.13,3.5585
17.04,70.78,-48.13,3.5611
17.04,70.78,-48.13,3.5636
17.04,70.78,-48.13,3.5655
17.04,70.78,-48.13,3.5674
17.04,70.78,-48.13,3.5686
17.04,70.78,-48.13,3.5703
17.04,70.78,-48.13,3.5721
17.04,70.78,-48.13,3.5744
17.04,71.02,-48.13,3.5772
17.04,71.02,-48.13,3.5797
17.04,71.02,-48.13,3.582
17.04,71.02,-48.13,3.5843
17.04,71.02,-48.13,3.5866
17.04,71.02,-48.13,3.5887
17.04,71.02,-48.13,3.5911
17.52,71.5,-48.13,3.5943
17.52,71.5,-48.13,3.5967
17.52,71.5,-48.13,3.5987
17.52,71.5,-48.13,3.6012
17.52,71.5,-48.13,3.6037
17.52,71.5,-48.13,3.6058
17.52,72.22,-48.37,3.6076
17.52,72.22,-48.37,3.6105
17.52,72.22,-48.37,3.613
17.52,72.22,-48.37,3.6151
17.52,72.22,-48.37,3.6167
17.52,72.22,-48.37,3.6187
17.52,72.22,-48.37,3.6205
17.52,72.22,-48.37,3.6231
17.76,72.22,-48.13,3.6255
17.76,72.22,-48.13,3.6285
17.76,72.22,-48.13,3.6303
17.76,72.22,-48.13,3.6321
17.76,72.22,-48.13,3.6341
17.76,72.22,-48.13,3.6363
17.76,72.22,-48.13,3.6382
18,72.94,-48.13,3.6407
18,72.94,-48.13,3.6429
18,72.94,-48.13,3.6451
18,72.94,-48.13,3.648
18,72.94,-48.13,3.6503
18,72.94,-48.13,3.6522
18,72.94,-48.13,3.6539
18,72.94,-48.13,3.6556
18.48,73.18,-48.13,3.658
18.48,73.18,-48.13,3.6606
18.48,73.18,-48.13,3.6628
18.48,73.18,-48.13,3.6651
18.48,73.18,-48.13,3.667
18.48,73.18,-48.13,3.6687
18.48,73.18,-48.13,3.6703
18.48,73.18,-48.13,3.6725
18.72,73.42,-48.37,3.6752
18.72,73.42,-48.37,3.6784
18.72,73.42,-48.37,3.6804
18.72,73.42,-48.37,3.6827
18.72,73.42,-48.37,3.6846
18.72,73.42,-48.37,3.6863
19.2,73.9,-48.37,3.6882
19.2,73.9,-48.37,3.6903
19.2,73.9,-48.37,3.692
19.2,73.9,-48.37,3.6938
19.2,73.9,-48.37,3.696
19.2,73.9,-48.37,3.6994
19.2,73.9,-48.37,3.702
19.44,74.14,-48.37,3.7043
19.44,74.14,-48.37,3.7061
19.44,74.14,-48.37,3.7081
19.44,74.14,-48.37,3.7111
19.44,74.14,-48.37,3.7133
19.44,74.14,-48.37,3.7155
19.44,74.14,-48.37,3.7168
19.44,74.14,-48.37,3.7182
19.44,74.14,-48.37,3.7199
20.4,74.14,-48.13,3.7215
20.4,74.14,-48.13,3.7234
20.4,74.14,-48.13,3.726
20.4,74.14,-48.13,3.7283
20.4,74.14,-48.13,3.7302
20.4,74.14,-48.13,3.7318
20.4,74.14,-48.13,3.7336
20.4,74.14,-48.13,3.7355
20.16,74.38,-48.13,3.7374
20.16,74.38,-48.13,3.7391
20.16,74.38,-48.13,3.7415
20.16,74.38,-48.13,3.744
20.16,74.38,-48.13,3.7462
20.16,74.38,-48.13,3.7478
20.16,74.38,-48.13,3.7493
20.16,74.38,-48.13,3.7513
20.16,74.38,-48.13,3.7532
20.4,74.62,-48.37,3.7552
20.4,74.62,-48.37,3.7582
20.4,74.62,-48.37,3.7611
20.4,74.62,-48.37,3.7641
20.4,74.62,-48.37,3.7667
20.88,74.62,-48.37,3.7692
20.88,74.62,-48.37,3.7716
20.88,74.62,-48.37,3.7743
20.88,74.62,-48.37,3.7768
20.88,74.62,-48.37,3.7788
20.88,74.62,-48.37,3.7811
20.88,74.62,-48.37,3.7829
20.88,74.62,-48.37,3.7848
21.12,74.62,-48.37,3.7865
21.12,74.62,-48.37,3.7885
21.12,74.62,-48.37,3.7918
21.12,74.62,-48.37,3.7946
21.12,74.62,-48.37,3.7964
21.12,74.62,-48.37,3.7982
21.12,74.62,-48.37,3.7998
21.12,74.62,-48.37,3.8015
22.08,74.62,-48.13,3.8032
22.08,74.62,-48.13,3.805
22.08,74.62,-48.13,3.8084
22.08,74.62,-48.13,3.8103
22.08,74.62,-48.13,3.8118
22.08,74.62,-48.13,3.8134
22.08,74.62,-48.13,3.8149
22.08,74.62,-48.13,3.8165
21.6,74.86,-48.13,3.8182
21.6,74.86,-48.13,3.82
21.6,74.86,-48.13,3.8228
21.6,74.86,-48.13,3.8249
21.6,74.86,-48.13,3.8277
21.6,74.86,-48.13,3.8302
21.6,74.86,-48.13,3.8317
21.6,74.86,-48.13,3.8334
22.08,74.86,-48.13,3.8352
22.08,74.86,-48.13,3.8369
22.08,74.86,-48.13,3.8391
22.08,74.86,-48.13,3.8423
22.08,74.86,-48.13,3.8448
22.08,74.86,-48.13,3.8468
22.08,74.86,-48.13,3.8487
22.08,75.1,-48.13,3.8505
22.08,75.1,-48.13,3.8521
22.08,75.1,-48.13,3.8549
22.08,75.1,-48.13,3.8577
22.08,75.1,-48.13,3.8598
22.08,75.1,-48.13,3.8614
22.08,75.1,-48.13,3.8632
22.08,75.1,-48.13,3.865
22.08,75.1,-48.37,3.8667
22.08,75.1,-48.37,3.8684
22.08,75.1,-48.37,3.8703
22.08,75.1,-48.37,3.8724
22.08,75.1,-48.37,3.8755
22.08,75.1,-48.37,3.8779
22.08,75.1,-48.37,3.8801
22.56,75.58,-48.37,3.8819
22.56,75.58,-48.37,3.8837
22.56,75.58,-48.37,3.8855
22.56,75.58,-48.37,3.888
22.56,75.58,-48.37,3.891
22.56,75.58,-48.37,3.8931
22.56,75.58,-48.37,3.8951
22.56,75.58,-48.37,3.897
23.28,75.82,-48.13,3.899
23.28,75.82,-48.13,3.9006
23.28,75.82,-48.13,3.9025
23.28,75.82,-48.13,3.9049
23.28,75.82,-48.13,3.9077
23.28,75.82,-48.13,3.91
23.28,75.82,-48.13,3.9119
23.28,75.82,-48.13,3.9136
23.52,75.82,-48.13,3.9153
23.52,75.82,-48.13,3.917
23.52,75.82,-48.13,3.9191
23.52,75.82,-48.13,3.9215
23.52,75.82,-48.13,3.9243
23.52,75.82,-48.13,3.9261
23.52,75.82,-48.13,3.9281
23.76,75.82,-47.41,3.9299
23.76,75.82,-47.41,3.9317
23.76,75.82,-47.41,3.9336
23.76,75.82,-47.41,3.9356
23.76,75.82,-47.41,3.9375
23.76,75.82,-47.41,3.9399
23.76,75.82,-47.41,3.942
23.76,75.82,-47.41,3.9438
23.76,75.82,-47.41,3.945
24.24,76.06,-48.13,3.9462
24.24,76.06,-48.13,3.9474
24.24,76.06,-48.13,3.9485
24.24,76.06,-48.13,3.9496
24.24,76.06,-48.13,3.9518
24.24,76.06,-48.13,3.9535
24.24,76.06,-48.13,3.9559
24.24,76.06,-48.13,3.9577
24.24,76.06,-48.13,3.9594
24.24,76.06,-48.13,3.9623
24.72,76.54,-48.37,3.9648
24.72,76.54,-48.37,3.9671
24.72,76.54,-48.37,3.9702
24.72,76.54,-48.37,3.9726
24.72,76.54,-48.37,3.9745
24.72,76.54,-48.37,3.9757
24.72,76.54,-48.37,3.9771
24.72,77.02,-48.37,3.9783
24.72,77.02,-48.37,3.9796
24.72,77.02,-48.37,3.9807
24.72,77.02,-48.37,3.9823
24.72,77.02,-48.37,3.9841
24.72,77.02,-48.37,3.9862
24.72,77.02,-48.37,3.9877
24.72,77.02,-48.37,3.9888
24.72,77.02,-48.37,3.9906
24.72,77.02,-48.37,3.9925
24.72,77.26,-48.37,3.9936
24.72,77.26,-48.37,3.9954
24.72,77.26,-48.37,3.9969
24.72,77.26,-48.37,3.9986
24.72,77.26,-48.37,4.0002
24.72,77.26,-48.37,4.0024
24.72,77.26,-48.37,4.0045
24.72,77.26,-48.37,4.0064
24.72,77.26,-48.37,4.0079
24.72,77.26,-48.37,4.009
25.2,77.5,-48.37,4.0107
25.2,77.5,-48.37,4.0119
25.2,77.5,-48.37,4.0132
25.2,77.5,-48.37,4.0148
25.2,77.5,-48.37,4.0162
25.2,77.5,-48.37,4.0182
25.2,77.5,-48.37,4.0202
25.2,77.5,-48.37,4.0222
25.2,77.5,-48.37,4.0237
25.2,77.5,-48.37,4.0255
25.68,78.22,-48.37,4.0271
25.68,78.22,-48.37,4.0284
25.68,78.22,-48.37,4.0302
25.68,78.22,-48.37,4.0317
25.68,78.22,-48.37,4.0333
25.68,78.22,-48.37,4.0356
25.68,78.22,-48.37,4.0377
25.68,78.22,-48.37,4.0398
25.68,78.22,-48.37,4.0415
26.16,78.46,-48.37,4.043
26.16,78.46,-48.37,4.044
26.16,78.46,-48.37,4.0451
26.16,78.46,-48.37,4.0465
26.16,78.46,-48.37,4.0481
26.16,78.46,-48.37,4.0502
26.16,78.46,-48.37,4.0524
26.16,78.46,-48.37,4.0539
26.16,78.46,-48.37,4.0556
26.16,78.46,-48.37,4.0571
26.4,78.46,-48.37,4.0586
26.4,78.46,-48.37,4.0602
26.4,78.46,-48.37,4.0616
26.4,78.46,-48.37,4.0633
26.4,78.46,-48.37,4.065
26.4,78.46,-48.37,4.0672
26.4,78.46,-48.37,4.0694
26.4,78.46,-48.37,4.071
26.4,78.46,-48.37,4.0731
26.4,79.18,-48.37,4.0749
26.4,79.18,-48.37,4.0771
26.4,79.18,-48.37,4.0792
26.4,79.18,-48.37,4.0818
26.4,79.18,-48.37,4.0849
26.4,79.18,-48.37,4.0875
26.4,79.18,-48.37,4.0896
26.88,79.66,-48.37,4.0921
26.88,79.66,-48.37,4.0948
26.88,79.66,-48.37,4.0964
26.88,79.66,-48.37,4.098
26.88,79.66,-48.37,4.0998
26.88,79.66,-48.37,4.1024
26.88,79.66,-48.37,4.105
26.88,79.9,-48.37,4.1071
26.88,79.9,-48.37,4.1089
26.88,79.9,-48.37,4.1108
26.88,79.9,-48.37,4.1126
26.88,79.9,-48.37,4.1145
26.88,79.9,-48.37,4.1166
26.88,79.9,-48.37,4.1198
26.88,79.9,-48.37,4.1222
27.36,80.62,-48.37,4.1242
27.36,80.62,-48.37,4.1262
27.36,80.62,-48.37,4.1278
27.36,80.62,-48.37,4.1297
27.36,80.62,-48.37,4.132
27.36,80.62,-48.37,4.1351
27.36,80.62,-48.37,4.1378
27.36,81.1,-48.37,4.1399
27.36,81.1,-48.37,4.1425
27.36,81.1,-48.37,4.1445
27.36,81.1,-48.37,4.147
27.36,81.1,-48.37,4.1495
27.36,81.1,-48.37,4.1524
27.36,81.1,-48.37,4.155
27.84,81.34,-48.37,4.1571
27.84,81.34,-48.37,4.1592
27.84,81.34,-48.37,4.1613
27.84,81.34,-48.37,4.1639
27.84,81.34,-48.37,4.1662
27.84,81.34,-48.37,4.1694
28.56,81.82,-48.37,4.1715
28.56,81.82,-48.37,4.1741
28.56,81.82,-48.37,4.1764
28.56,81.82,-48.37,4.1784
28.56,81.82,-48.37,4.1808
28.56,81.82,-48.37,4.1838
28.56,81.82,-48.37,4.1858
29.28,82.3,-48.37,4.1877
29.28,82.3,-48.37,4.19
29.28,82.3,-48.37,4.1918
29.28,82.3,-48.37,4.1933
29.28,82.3,-48.37,4.1957
29.28,82.3,-48.37,4.1984
29.28,82.3,-48.37,4.2008
29.28,82.3,-48.37,4.2031
29.04,82.3,-48.37,4.2052
29.04,82.3,-48.37,4.2075
29.04,82.3,-48.37,4.2093
29.04,82.3,-48.37,4.212
29.04,82.3,-48.37,4.2142
29.04,82.3,-48.37,4.2171
29.04,82.3,-48.37,4.2193
29.28,82.54,-48.37,4.2213
29.28,82.54,-48.37,4.2233
29.28,82.54,-48.37,4.2251
29.28,82.54,-48.37,4.2269
29.28,82.54,-48.37,4.2291
29.28,82.54,-48.37,4.2324
29.28,82.54,-48.37,4.2351
30,82.78,-48.37,4.2368
30,82.78,-48.37,4.2387
30,82.78,-48.37,4.2407
30,82.78,-48.37,4.2426
30,82.78,-48.37,4.2445
30,82.78,-48.37,4.2465
30,82.78,-48.37,4.2488
30.24,83.02,-48.37,4.2512
30.24,83.02,-48.37,4.2536
30.24,83.02,-48.37,4.2558
30.24,83.02,-48.37,4.2575
30.24,83.02,-48.37,4.2596
30.24,83.02,-48.37,4.2626
30.24,83.02,-48.37,4.2655
30.24,83.5,-48.37,4.2675
30.24,83.5,-48.37,4.2689
30.24,83.5,-48.37,4.2706
30.24,83.5,-48.37,4.2723
30.24,83.5,-48.37,4.2743
30.24,83.5,-48.37,4.2772
30.24,83.5,-48.37,4.2804
30.24,83.5,-48.37,4.2825
30.48,83.74,-48.37,4.2846
30.48,83.74,-48.37,4.2863
30.48,83.74,-48.37,4.2883
30.48,83.74,-48.37,4.2902
30.48,83.74,-48.37,4.2924
30.48,83.74,-48.37,4.2949
30.48,83.74,-48.37,4.2984
30.72,83.74,-48.37,4.301
30.72,83.74,-48.37,4.3033
30.72,83.74,-48.37,4.3051
30.72,83.74,-48.37,4.3071
30.72,83.74,-48.37,4.309
30.72,83.74,-48.37,4.311
30.72,83.74,-48.37,4.3133
31.68,83.98,-48.37,4.3159
31.68,83.98,-48.37,4.3186
31.68,83.98,-48.37,4.3204
31.68,83.98,-48.37,4.3224
31.68,83.98,-48.37,4.3245
31.68,83.98,-48.37,4.3274
31.68,83.98,-48.37,4.3299
31.68,83.98,-48.37,4.3321
31.68,83.98,-48.37,4.3345
31.68,83.98,-48.37,4.3365
31.68,83.98,-48.37,4.3385
31.68,83.98,-48.37,4.3405
31.68,83.98,-48.37,4.3425
31.68,83.98,-48.37,4.3447
31.68,83.98,-48.37,4.3468
31.68,83.98,-48.37,4.3493
31.68,83.98,-48.37,4.3515
31.68,83.98,-48.37,4.3542
31.68,83.98,-48.37,4.3573
31.68,83.98,-48.37,4.3596
31.68,83.98,-48.37,4.3614
31.92,84.22,-48.37,4.3635
31.92,84.22,-48.37,4.3654
31.92,84.22,-48.37,4.3675
31.92,84.22,-48.37,4.3686
31.92,84.22,-48.37,4.3706
31.92,84.22,-48.37,4.3744
31.92,84.22,-48.37,4.3762
31.92,84.22,-48.37,4.3779
31.92,84.46,-48.37,4.3794
31.92,84.46,-48.37,4.3812
31.92,84.46,-48.37,4.3829
31.92,84.46,-48.37,4.3846
31.92,84.46,-48.37,4.3865
31.92,84.46,-48.37,4.3902
31.92,84.46,-48.37,4.3926
31.92,84.46,-48.37,4.3944
32.16,84.7,-48.37,4.396
0,0,0,4.3977
32.16,84.7,-48.37,4.3996
32.16,84.7,-48.37,4.4023
32.16,84.7,-48.37,4.4046
32.16,84.7,-48.37,4.4064
32.4,84.46,-48.37,4.4084
32.4,84.46,-48.37,4.4106
32.4,84.46,-48.37,4.4124
32.4,84.46,-48.37,4.4142
32.4,84.46,-48.37,4.4159
32.4,84.46,-48.37,4.4183
32.4,84.46,-48.37,4.4208
32.4,84.46,-48.37,4.4229
32.4,84.7,-48.37,4.4255
32.4,84.7,-48.37,4.427
32.4,84.7,-48.37,4.4288
32.4,84.7,-48.37,4.4303
32.4,84.7,-48.37,4.432
32.4,84.7,-48.37,4.4342
32.4,84.7,-48.37,4.4362
32.4,84.7,-48.37,4.4381
32.4,84.7,-48.37,4.4398
32.4,84.7,-48.37,4.4417
32.4,84.7,-48.37,4.4433
32.4,84.7,-48.37,4.4457
32.4,84.7,-48.37,4.4477
32.4,84.7,-48.37,4.4495
32.4,84.7,-48.37,4.452
32.4,84.7,-48.37,4.4544
32.4,84.7,-48.37,4.4563
32.4,84.46,-48.61,4.4578
32.4,84.46,-48.61,4.4598
32.4,84.46,-48.61,4.4617
32.4,84.46,-48.61,4.4634
32.4,84.46,-48.61,4.4654
32.4,84.46,-48.61,4.4677
32.4,84.46,-48.61,4.4703
32.4,84.46,-48.61,4.4726
32.4,84.46,-48.37,4.4743
32.4,84.46,-48.37,4.476
32.4,84.46,-48.37,4.4777
32.4,84.46,-48.37,4.4787
32.4,84.46,-48.37,4.4807
32.4,84.46,-48.37,4.4829
32.4,84.46,-48.37,4.4854
32.4,84.46,-48.37,4.4877
32.4,84.7,-48.37,4.4897
32.4,84.7,-48.37,4.4916
32.4,84.7,-48.37,4.493
32.4,84.7,-48.37,4.4946
32.4,84.7,-48.37,4.4959
32.4,84.7,-48.37,4.4977
32.4,84.7,-48.37,4.5001
32.4,84.7,-48.37,4.5026
32.4,84.7,-48.37,4.5048
32.4,84.7,-48.37,4.5067
32.4,84.7,-48.37,4.5086
32.4,84.7,-48.37,4.5102
32.4,84.7,-48.37,4.5117
32.4,84.7,-48.37,4.5136
32.4,84.7,-48.37,4.5159
32.4,84.7,-48.37,4.5191
32.4,84.7,-48.37,4.5211
32.4,84.7,-48.37,4.5236
32.4,84.7,-48.37,4.5252
32.4,84.7,-48.37,4.5268
32.4,84.7,-48.37,4.5282
32.4,84.7,-48.37,4.5298
32.4,84.7,-48.37,4.5326
32.4,84.7,-48.37,4.535
32.4,84.7,-48.37,4.5372
32.4,84.7,-48.37,4.5388
32.4,84.7,-48.37,4.5407
32.4,84.7,-48.37,4.5425
32.4,84.7,-48.37,4.5443
32.4,84.7,-48.37,4.5462
32.4,84.7,-48.37,4.5485
32.4,84.7,-48.37,4.5516
32.4,84.46,-48.61,4.5542
32.4,84.46,-48.61,4.5563
32.4,84.46,-48.61,4.5583
32.4,84.46,-48.61,4.5608
32.4,84.46,-48.61,4.563
32.4,84.46,-48.61,4.5654
32.4,84.46,-48.61,4.5686
31.92,84.7,-48.37,4.5716
31.92,84.7,-48.37,4.5738
31.92,84.7,-48.37,4.5757
31.92,84.7,-48.37,4.5777
31.92,84.7,-48.37,4.5804
31.92,84.7,-48.37,4.5837
31.68,84.7,-48.37,4.5864
31.68,84.7,-48.37,4.5888
31.68,84.7,-48.37,4.5908
31.68,84.7,-48.37,4.5932
31.68,84.7,-48.37,4.5955
31.68,84.7,-48.37,4.5983
31.68,84.7,-48.37,4.6013
31.44,84.7,-48.37,4.6035
31.44,84.7,-48.37,4.6057
31.44,84.7,-48.37,4.6079
31.44,84.7,-48.37,4.6095
31.44,84.7,-48.37,4.611
31.44,84.7,-48.37,4.6143
31.44,84.7,-48.37,4.6169
30.72,84.7,-48.37,4.6195
30.72,84.7,-48.37,4.6214
30.72,84.7,-48.37,4.6231
30.72,84.7,-48.37,4.6248
30.72,84.7,-48.37,4.6264
30.72,84.7,-48.37,4.6283
30.72,84.7,-48.37,4.6306
30.72,84.7,-48.37,4.6334
30.24,84.7,-48.37,4.6357
30.24,84.7,-48.37,4.6374
30.24,84.7,-48.37,4.639
30.24,84.7,-48.37,4.6408
30.24,84.7,-48.37,4.6424
30.24,84.7,-48.37,4.6442
30.24,84.7,-48.37,4.6459
30.24,84.7,-48.37,4.6478
29.76,84.46,-48.37,4.6506
29.76,84.46,-48.37,4.653
29.76,84.46,-48.37,4.6547
29.76,84.46,-48.37,4.6564
29.76,84.46,-48.37,4.6581
29.76,84.46,-48.37,4.6597
29.76,84.46,-48.37,4.6614
29.76,84.46,-48.37,4.6639
28.8,84.7,-48.37,4.6666
28.8,84.7,-48.37,4.6689
28.8,84.7,-48.37,4.6706
28.8,84.7,-48.37,4.6725
28.8,84.7,-48.37,4.6744
28.8,84.7,-48.37,4.676
28.8,84.7,-48.37,4.6784
28.8,84.7,-48.37,4.6808
28.08,84.7,-48.13,4.683
28.08,84.7,-48.13,4.6847
28.08,84.7,-48.13,4.6862
28.08,84.7,-48.13,4.6875
28.08,84.7,-48.13,4.6887
28.08,84.7,-48.13,4.69
28.08,84.7,-48.13,4.6913
28.08,84.7,-48.13,4.693
28.08,84.7,-48.13,4.6945
28.08,84.7,-48.13,4.6966
27.36,84.7,-47.89,4.6982
27.36,84.7,-47.89,4.6997
27.36,84.7,-47.89,4.7012
27.36,84.7,-47.89,4.7028
27.36,84.7,-47.89,4.7046
27.36,84.7,-47.89,4.706
27.36,84.7,-47.89,4.7076
27.36,84.7,-47.89,4.7091
27.36,84.7,-47.89,4.711
26.88,84.7,-47.65,4.7136
26.88,84.7,-47.65,4.7155
26.88,84.7,-47.65,4.7168
26.88,84.7,-47.65,4.7178
26.88,84.7,-47.65,4.7191
26.88,84.7,-47.65,4.721
26.88,84.7,-47.65,4.7223
26.88,84.7,-47.65,4.724
26.88,84.7,-47.65,4.7255
26.88,84.7,-47.65,4.727
26.16,84.46,-47.17,4.7292
26.16,84.46,-47.17,4.7316
26.16,84.46,-47.17,4.7333
26.16,84.46,-47.17,4.7344
26.16,84.46,-47.17,4.7358
26.16,84.46,-47.17,4.7375
26.16,84.46,-47.17,4.7391
26.16,84.46,-47.17,4.7408
26.16,84.46,-47.17,4.7424
25.2,84.46,-46.45,4.7467
25.2,84.46,-46.45,4.7483
25.2,84.46,-46.45,4.7501
25.2,84.46,-46.45,4.7515
25.2,84.46,-46.45,4.7526
25.2,84.46,-46.45,4.754
25.2,84.46,-46.45,4.7555
25.2,84.46,-46.45,4.7567
25.2,84.46,-46.45,4.7581
25.2,84.46,-46.45,4.7597
24.72,84.7,-46.21,4.7617
24.72,84.7,-46.21,4.7638
24.72,84.7,-46.21,4.7659
24.72,84.7,-46.21,4.7681
24.72,84.7,-46.21,4.7702
24.72,84.7,-46.21,4.7725
24.72,84.7,-46.21,4.7747
24.72,84.7,-46.21,4.7774
24.24,84.46,-45.73,4.7797
24.24,84.46,-45.73,4.782
24.24,84.46,-45.73,4.7835
24.24,84.46,-45.73,4.7847
24.24,84.46,-45.73,4.7861
24.24,84.46,-45.73,4.7875
24.24,84.46,-45.73,4.7889
24.24,84.46,-45.73,4.7902
24.24,84.46,-45.73,4.7919
23.52,84.46,-45.73,4.7934
23.52,84.46,-45.73,4.7956
23.52,84.46,-45.73,4.7978
23.52,84.46,-45.73,4.7995
23.52,84.46,-45.73,4.8008
23.52,84.46,-45.73,4.8026
23.52,84.46,-45.73,4.804
23.52,84.46,-45.73,4.8055
23.52,84.46,-45.73,4.807
23.52,84.46,-45.73,4.809
22.32,84.46,-45.49,4.8109
22.32,84.46,-45.49,4.8131
22.32,84.46,-45.49,4.8148
22.32,84.46,-45.49,4.8166
22.32,84.46,-45.49,4.8181
22.32,84.46,-45.49,4.8194
22.32,84.46,-45.49,4.821
22.32,84.46,-45.49,4.8225
22.32,84.46,-45.49,4.8241
22.08,84.46,-45.25,4.826
22.08,84.46,-45.25,4.8277
22.08,84.46,-45.25,4.83
22.08,84.46,-45.25,4.8318
22.08,84.46,-45.25,4.834
22.08,84.46,-45.25,4.8364
22.08,84.46,-45.25,4.8388
22.08,84.46,-45.25,4.8414
21.36,84.46,-44.77,4.8442
21.36,84.46,-44.77,4.846
21.36,84.46,-44.77,4.8477
21.36,84.46,-44.77,4.849
21.36,84.46,-44.77,4.8503
21.36,84.46,-44.77,4.8517
21.36,84.46,-44.77,4.853
21.36,84.46,-44.77,4.8543
21.36,84.46,-44.77,4.8558
21.12,84.46,-44.29,4.8579
21.12,84.46,-44.29,4.8596
21.12,84.46,-44.29,4.8614
21.12,84.46,-44.29,4.8628
21.12,84.46,-44.29,4.8644
21.12,84.46,-44.29,4.8658
21.12,84.46,-44.29,4.8674
21.12,84.46,-44.29,4.8691
21.12,84.46,-44.29,4.8704
20.16,84.46,-43.81,4.8731
20.16,84.46,-43.81,4.8752
20.16,84.46,-43.81,4.877
20.16,84.46,-43.81,4.8788
20.16,84.46,-43.81,4.8805
20.16,84.46,-43.81,4.882
20.16,84.46,-43.81,4.8837
20.16,84.46,-43.81,4.8852
20.16,84.46,-43.81,4.8868
20.16,84.46,-43.81,4.8885
19.44,84.7,-43.57,4.8904
19.44,84.7,-43.57,4.8923
19.44,84.7,-43.57,4.894
19.44,84.7,-43.57,4.8956
19.44,84.7,-43.57,4.8974
19.44,84.7,-43.57,4.8987
19.44,84.7,-43.57,4.9002
19.44,84.7,-43.57,4.9015
19.44,84.7,-43.57,4.9029
19.44,84.7,-43.57,4.9047
18.48,84.22,-43.57,4.9065
18.48,84.22,-43.57,4.9085
18.48,84.22,-43.57,4.9108
18.48,84.22,-43.57,4.9127
18.48,84.22,-43.57,4.914
18.48,84.22,-43.57,4.9155
18.48,84.22,-43.57,4.9168
18.48,84.22,-43.57,4.9182
18.48,84.22,-43.57,4.9198
18.24,84.46,-43.33,4.9217
18.24,84.46,-43.33,4.9242
18.24,84.46,-43.33,4.9263
18.24,84.46,-43.33,4.9283
18.24,84.46,-43.33,4.9302
18.24,84.46,-43.33,4.9319
18.24,84.46,-43.33,4.9335
18.24,84.46,-43.33,4.9353
17.76,84.22,-42.85,4.9375
17.76,84.22,-42.85,4.9403
17.76,84.22,-42.85,4.9428
17.76,84.22,-42.85,4.9447
17.76,84.22,-42.85,4.9465
17.76,84.22,-42.85,4.948
17.76,84.22,-42.85,4.9497
17.76,84.22,-42.85,4.9511
17.04,83.98,-42.37,4.9532
17.04,83.98,-42.37,4.9552
17.04,83.98,-42.37,4.9573
17.04,83.98,-42.37,4.9593
17.04,83.98,-42.37,4.9615
17.04,83.98,-42.37,4.963
17.04,83.98,-42.37,4.9645
17.04,83.98,-42.37,4.966
17.04,83.98,-42.37,4.9678
16.8,83.98,-42.13,4.9694
16.8,83.98,-42.13,4.9714
16.8,83.98,-42.13,4.9737
16.8,83.98,-42.13,4.9754
16.8,83.98,-42.13,4.9771
16.8,83.98,-42.13,4.9784
16.8,83.98,-42.13,4.9803
16.8,83.98,-42.13,4.9817
16.8,83.98,-42.13,4.9835
16.8,83.98,-42.13,4.985
16.8,83.98,-42.13,4.9871
15.84,83.98,-41.65,4.9895
15.84,83.98,-41.65,4.9918
15.84,83.98,-41.65,4.9939
15.84,83.98,-41.65,4.9955
15.84,83.98,-41.65,4.9972
15.84,83.98,-41.65,4.9989
15.84,83.98,-41.65,5.0007
15.12,83.74,-41.17,5.0034
15.12,83.74,-41.17,5.0059
15.12,83.74,-41.17,5.0079
15.12,83.74,-41.17,5.0102
15.12,83.74,-41.17,5.0121
15.12,83.74,-41.17,5.0136
15.12,83.74,-41.17,5.0151
14.4,83.98,-40.93,5.017
14.4,83.98,-40.93,5.0189
14.4,83.98,-40.93,5.0207
14.4,83.98,-40.93,5.023
14.4,83.98,-40.93,5.0253
14.4,83.98,-40.93,5.0278
14.4,83.98,-40.93,5.0293
14.4,83.98,-40.93,5.0314
14.16,83.74,-40.69,5.0331
14.16,83.74,-40.69,5.035
14.16,83.74,-40.69,5.0378
14.16,83.74,-40.69,5.04
14.16,83.74,-40.69,5.042
14.16,83.74,-40.69,5.0438
14.16,83.74,-40.69,5.0454
14.16,83.74,-40.69,5.047
14.16,83.74,-40.69,5.0489
13.2,83.74,-40.45,5.0509
13.2,83.74,-40.45,5.0531
13.2,83.74,-40.45,5.0561
13.2,83.74,-40.45,5.0579
13.2,83.74,-40.45,5.0597
13.2,83.74,-40.45,5.0616
13.2,83.74,-40.45,5.0638
12.72,83.74,-39.49,5.066
12.72,83.74,-39.49,5.0685
12.72,83.74,-39.49,5.0718
12.72,83.74,-39.49,5.074
12.72,83.74,-39.49,5.0765
12.72,83.74,-39.49,5.0786
12.72,83.74,-39.49,5.0805
12.24,83.74,-39.25,5.0821
12.24,83.74,-39.25,5.0839
12.24,83.74,-39.25,5.0861
12.24,83.74,-39.25,5.0886
12.24,83.74,-39.25,5.09
12.24,83.74,-39.25,5.0925
12.24,83.74,-39.25,5.0939
12.24,83.74,-39.25,5.0955
11.76,83.5,-39.01,5.0968
11.76,83.5,-39.01,5.0986
11.76,83.5,-39.01,5.1003
11.76,83.5,-39.01,5.1022
11.76,83.5,-39.01,5.1044
11.76,83.5,-39.01,5.1071
11.76,83.5,-39.01,5.1087
11.76,83.5,-39.01,5.1107
11.76,83.5,-39.01,5.1122
10.8,83.02,-38.29,5.1138
10.8,83.02,-38.29,5.1156
10.8,83.02,-38.29,5.1174
10.8,83.02,-38.29,5.1194
10.8,83.02,-38.29,5.1217
10.8,83.02,-38.29,5.1238
10.8,83.02,-38.29,5.1256
10.8,83.02,-38.29,5.1273
10.8,83.02,-38.29,5.1287
10.8,83.02,-38.29,5.1303
10.32,82.78,-38.29,5.1321
10.32,82.78,-38.29,5.134
10.32,82.78,-38.29,5.1361
10.32,82.78,-38.29,5.1387
10.32,82.78,-38.29,5.1409
10.32,82.78,-38.29,5.1432
9.6,82.54,-38.05,5.1453
9.6,82.54,-38.05,5.1472
9.6,82.54,-38.05,5.1498
9.6,82.54,-38.05,5.1527
9.6,82.54,-38.05,5.1552
9.6,82.54,-38.05,5.1576
9.6,82.54,-38.05,5.1592
8.88,82.78,-37.57,5.1613
8.88,82.78,-37.57,5.1628
8.88,82.78,-37.57,5.1647
8.88,82.78,-37.57,5.1669
8.88,82.78,-37.57,5.1701
8.88,82.78,-37.57,5.172
8.88,82.78,-37.57,5.1736
8.88,82.78,-37.57,5.175
8.88,82.78,-37.57,5.1768
8.88,82.78,-37.57,5.1781
8.16,82.54,-37.09,5.1797
8.16,82.54,-37.09,5.1813
8.16,82.54,-37.09,5.183
8.16,82.54,-37.09,5.1855
8.16,82.54,-37.09,5.1878
8.16,82.54,-37.09,5.1903
8.16,82.54,-37.09,5.1921
7.2,82.54,-36.37,5.1943
7.2,82.54,-36.37,5.1961
7.2,82.54,-36.37,5.198
7.2,82.54,-36.37,5.2002
7.2,82.54,-36.37,5.2025
7.2,82.54,-36.37,5.2054
7.2,82.54,-36.37,5.2075
6.72,82.54,-36.37,5.2098
6.72,82.54,-36.37,5.212
6.72,82.54,-36.37,5.214
6.72,82.54,-36.37,5.2158
6.72,82.54,-36.37,5.2183
6.72,82.54,-36.37,5.2208
6.72,82.54,-36.37,5.2226
6.72,82.54,-36.37,5.2247
6.48,82.54,-35.65,5.2265
6.48,82.54,-35.65,5.2284
6.48,82.54,-35.65,5.2303
6.48,82.54,-35.65,5.2323
6.48,82.54,-35.65,5.2349
6.48,82.54,-35.65,5.2367
6.48,82.54,-35.65,5.2387
6.48,82.54,-35.65,5.2405
5.76,82.54,-35.65,5.2422
5.76,82.54,-35.65,5.2437
5.76,82.54,-35.65,5.2458
5.76,82.54,-35.65,5.2477
5.76,82.54,-35.65,5.2501
5.76,82.54,-35.65,5.2524
5.76,82.54,-35.65,5.2543
5.76,82.54,-35.65,5.2563
4.32,82.3,-35.41,5.258
4.32,82.3,-35.41,5.2594
4.32,82.3,-35.41,5.261
4.32,82.3,-35.41,5.2622
4.32,82.3,-35.41,5.2638
4.32,82.3,-35.41,5.2655
4.32,82.3,-35.41,5.2676
4.32,82.3,-35.41,5.2701
4.32,82.3,-35.41,5.2725
4.32,82.3,-35.41,5.2746
3.84,82.06,-35.17,5.2762
3.84,82.06,-35.17,5.2778
3.84,82.06,-35.17,5.2791
3.84,82.06,-35.17,5.2812
3.84,82.06,-35.17,5.2845
3.84,82.06,-35.17,5.2868
3.84,82.06,-35.17,5.2892
3.84,81.82,-34.93,5.2909
3.84,81.82,-34.93,5.2934
3.84,81.82,-34.93,5.2951
3.84,81.82,-34.93,5.2975
3.84,81.82,-34.93,5.3
3.84,81.82,-34.93,5.3024
3.84,81.82,-34.93,5.3049
3.12,81.82,-34.21,5.3067
3.12,81.82,-34.21,5.3087
3.12,81.82,-34.21,5.3106
3.12,81.82,-34.21,5.3126
3.12,81.82,-34.21,5.3142
3.12,81.82,-34.21,5.3161
3.12,81.82,-34.21,5.3183
3.12,81.82,-34.21,5.3209
3.12,81.82,-34.21,5.323
2.16,81.82,-33.73,5.3252
2.16,81.82,-33.73,5.3268
2.16,81.82,-33.73,5.3287
2.16,81.82,-33.73,5.3306
2.16,81.82,-33.73,5.3326
2.16,81.82,-33.73,5.3351
1.44,81.58,-33.73,5.3375
1.44,81.58,-33.73,5.3397
1.44,81.58,-33.73,5.3413
1.44,81.58,-33.73,5.3428
1.44,81.58,-33.73,5.3445
1.44,81.58,-33.73,5.3467
1.44,81.58,-33.73,5.3495
1.44,81.58,-33.73,5.3518
1.44,81.58,-33.73,5.3541
0.96,81.58,-33.49,5.356
0.96,81.58,-33.49,5.3579
0.96,81.58,-33.49,5.3599
0.96,81.58,-33.49,5.3619
0.96,81.58,-33.49,5.3643
0.96,81.58,-33.49,5.3666
0.96,81.58,-33.49,5.3688
0.72,81.58,-32.77,5.3706
0.72,81.58,-32.77,5.3723
0.72,81.58,-32.77,5.3739
0.72,81.58,-32.77,5.3754
0.72,81.58,-32.77,5.377
0.72,81.58,-32.77,5.3789
0.72,81.58,-32.77,5.3818
0.72,81.58,-32.77,5.384
0.72,81.58,-32.77,5.3862
0.24,81.34,-32.77,5.3881
0.24,81.34,-32.77,5.39
0.24,81.34,-32.77,5.3916
0.24,81.34,-32.77,5.3932
0.24,81.34,-32.77,5.3963
0.24,81.34,-32.77,5.3991
0.24,81.34,-32.77,5.4013
-0.72,81.34,-32.29,5.4031
-0.72,81.34,-32.29,5.4049
-0.72,81.34,-32.29,5.4063
-0.72,81.34,-32.29,5.4082
-0.72,81.34,-32.29,5.4097
-0.72,81.34,-32.29,5.412
-0.72,81.34,-32.29,5.4147
-0.72,81.34,-32.29,5.4169
-0.72,81.34,-32.29,5.4188
-1.44,81.34,-32.05,5.4209
-1.44,81.34,-32.05,5.4228
-1.44,81.34,-32.05,5.4251
-1.44,81.34,-32.05,5.4275
-1.44,81.34,-32.05,5.4321
-1.44,81.34,-32.05,5.4362
-1.92,81.34,-32.05,5.4396
-1.92,81.34,-32.05,5.4412
-1.92,81.34,-32.05,5.4444
-1.92,81.34,-32.05,5.4479
-1.92,81.34,-32.05,5.45
-2.4,81.34,-30.85,5.4526
-2.4,81.34,-30.85,5.4548
-2.4,81.34,-30.85,5.4572
-2.4,81.34,-30.85,5.4596
-2.4,81.34,-30.85,5.4626
-2.4,81.34,-30.85,5.4653
-3.36,81.1,-30.85,5.4684
-3.36,81.1,-30.85,5.4708
-3.36,81.1,-30.85,5.4729
-3.36,81.1,-30.85,5.4754
-3.36,81.1,-30.85,5.4789
-3.36,81.1,-30.85,5.4829
-3.6,80.86,-30.37,5.4849
-3.6,80.86,-30.37,5.4863
-3.6,80.86,-30.37,5.4882
-3.6,80.86,-30.37,5.4898
-3.6,80.86,-30.37,5.4914
-3.6,80.86,-30.37,5.4934
-3.6,80.86,-30.37,5.4962
-3.6,80.86,-30.37,5.4984
-4.32,80.62,-29.89,5.5004
-4.32,80.62,-29.89,5.5026
-4.32,80.62,-29.89,5.5043
-4.32,80.62,-29.89,5.506
-4.32,80.62,-29.89,5.5077
-4.32,80.62,-29.89,5.51
-4.32,80.62,-29.89,5.5129
-4.32,80.62,-29.89,5.5145
-4.32,80.62,-29.89,5.5165
-4.8,80.38,-29.17,5.5188
-4.8,80.38,-29.17,5.5209
-4.8,80.38,-29.17,5.5226
-4.8,80.38,-29.17,5.5244
-4.8,80.38,-29.17,5.5269
-4.8,80.38,-29.17,5.5307
-5.76,80.38,-29.17,5.5324
-5.76,80.38,-29.17,5.534
-5.76,80.38,-29.17,5.5359
-5.76,80.38,-29.17,5.5374
-5.76,80.38,-29.17,5.539
-5.76,80.38,-29.17,5.541
-5.76,80.38,-29.17,5.544
-5.76,80.38,-29.17,5.5461
-6.72,80.14,-28.69,5.5483
-6.72,80.14,-28.69,5.5502
-6.72,80.14,-28.69,5.5519
-6.72,80.14,-28.69,5.5535
-6.72,80.14,-28.69,5.555
-6.72,80.14,-28.69,5.5567
-6.72,80.14,-28.69,5.5598
-6.72,80.14,-28.69,5.5625
-7.68,79.9,-28.45,5.565
-7.68,79.9,-28.45,5.5666
-7.68,79.9,-28.45,5.5689
-7.68,79.9,-28.45,5.5709
-7.92,79.9,-27.73,5.5989
-7.92,79.9,-27.73,5.6017
-7.92,79.9,-27.73,5.6066
-7.92,79.9,-27.73,5.6105
-9.36,79.66,-27.49,5.6137
-9.36,79.66,-27.49,5.6175
-9.36,79.66,-27.49,5.6207
-9.36,79.66,-27.49,5.6237
-9.36,79.66,-27.49,5.6254
-10.08,79.66,-27.01,5.6273
-10.08,79.66,-27.01,5.6292
-10.08,79.66,-27.01,5.6314
-10.08,79.66,-27.01,5.6345
-10.08,79.66,-27.01,5.6368
-10.08,79.66,-27.01,5.6389
-10.08,79.66,-27.01,5.6407
-10.08,79.66,-27.01,5.6432
-10.32,79.66,-27.01,5.6454
-10.32,79.66,-27.01,5.6478
-10.32,79.66,-27.01,5.6505
-10.32,79.66,-27.01,5.6527
-10.32,79.66,-27.01,5.6547
-10.32,79.66,-27.01,5.6564
-10.32,79.66,-27.01,5.6582
-11.28,79.66,-27.01,5.6598
-11.28,79.66,-27.01,5.6617
-11.28,79.66,-27.01,5.6646
-11.28,79.66,-27.01,5.6668
-11.28,79.66,-27.01,5.6687
-11.28,79.66,-27.01,5.6706
-11.28,79.66,-27.01,5.6723
-11.28,79.66,-27.01,5.6739
-11.28,79.66,-26.29,5.6753
-11.28,79.66,-26.29,5.677
-11.28,79.66,-26.29,5.6788
-11.28,79.66,-26.29,5.681
-11.28,79.66,-26.29,5.6834
-11.28,79.66,-26.29,5.6856
-11.28,79.66,-26.29,5.6879
-11.28,79.66,-26.29,5.6895
-11.76,79.66,-26.05,5.6914
-11.76,79.66,-26.05,5.6931
-11.76,79.66,-26.05,5.6953
-11.76,79.66,-26.05,5.6981
-11.76,79.66,-26.05,5.7003
-11.76,79.66,-26.05,5.7025
-11.76,79.66,-26.05,5.7046
-11.76,79.66,-26.05,5.7064
-12.72,79.42,-25.57,5.7088
-12.72,79.42,-25.57,5.7112
-12.72,79.42,-25.57,5.713
-12.72,79.42,-25.57,5.7157
-12.72,79.42,-25.57,5.7179
-12.72,79.42,-25.57,5.7197
-12.72,79.42,-25.57,5.7222
-13.44,79.42,-25.33,5.7238
-13.44,79.42,-25.33,5.7256
-13.44,79.42,-25.33,5.7279
-13.44,79.42,-25.33,5.7306
-13.44,79.42,-25.33,5.7331
-13.44,79.42,-25.33,5.735
-13.44,79.42,-25.33,5.7369
-13.44,79.42,-25.33,5.7388
-13.92,79.42,-24.85,5.7404
-13.92,79.42,-24.85,5.7423
-13.92,79.42,-24.85,5.7439
-13.92,79.42,-24.85,5.7459
-13.92,79.42,-24.85,5.7485
-13.92,79.42,-24.85,5.7507
-13.92,79.42,-24.85,5.7525
-13.92,79.42,-24.85,5.7546
-14.4,79.42,-24.85,5.7563
-14.4,79.42,-24.85,5.7581
-14.4,79.42,-24.85,5.7598
-14.4,79.42,-24.85,5.7619
-14.4,79.42,-24.85,5.7647
-14.4,79.42,-24.85,5.767
-14.4,79.42,-24.85,5.7688
-14.4,79.42,-24.85,5.7706
-15.36,79.18,-24.37,5.7723
-15.36,79.18,-24.37,5.774
-15.36,79.18,-24.37,5.7759
-15.36,79.18,-24.37,5.7784
-15.36,79.18,-24.37,5.7807
-15.36,79.18,-24.37,5.7827
-15.36,79.18,-24.37,5.7848
-15.36,79.18,-24.37,5.7868
-16.08,78.7,-23.65,5.7885
-16.08,78.7,-23.65,5.7898
-16.08,78.7,-23.65,5.7915
-16.08,78.7,-23.65,5.7943
-16.08,78.7,-23.65,5.7968
-16.08,78.7,-23.65,5.7989
-16.08,78.7,-23.65,5.8004
-16.08,78.7,-23.65,5.8024
-16.56,78.7,-23.17,5.8041
-16.56,78.7,-23.17,5.8062
-16.56,78.7,-23.17,5.8081
-16.56,78.7,-23.17,5.8114
-16.56,78.7,-23.17,5.8136
-16.56,78.7,-23.17,5.8154
-16.56,78.7,-23.17,5.817
-16.56,78.7,-23.17,5.8186
-17.04,78.94,-22.69,5.8206
-17.04,78.94,-22.69,5.8224
-17.04,78.94,-22.69,5.8248
-17.04,78.94,-22.69,5.8279
-17.04,78.94,-22.69,5.8302
-17.04,78.94,-22.69,5.8319
-17.04,78.94,-22.69,5.8336
-17.76,78.7,-22.21,5.8352
-17.76,78.7,-22.21,5.8367
-17.76,78.7,-22.21,5.8384
-17.76,78.7,-22.21,5.8403
-17.76,78.7,-22.21,5.8423
-17.76,78.7,-22.21,5.8448
-17.76,78.7,-22.21,5.8471
-17.76,78.7,-22.21,5.8491
-17.76,78.7,-22.21,5.8507
-18.48,78.46,-22.45,5.8521
-18.48,78.46,-22.45,5.854
-18.48,78.46,-22.45,5.8557
-18.48,78.46,-22.45,5.8582
-18.48,78.46,-22.45,5.8605
-18.48,78.46,-22.45,5.8623
-18.48,78.46,-22.45,5.8644
-18.48,78.46,-22.45,5.8662
-18.96,78.46,-21.97,5.8681
-18.96,78.46,-21.97,5.8696
-18.96,78.46,-21.97,5.8715
-18.96,78.46,-21.97,5.8737
-18.96,78.46,-21.97,5.8762
-18.96,78.46,-21.97,5.8785
-18.96,78.46,-21.97,5.8804
-18.96,78.46,-21.97,5.8818
-19.92,78.46,-21.49,5.8836
-19.92,78.46,-21.49,5.8851
-19.92,78.46,-21.49,5.8868
-19.92,78.46,-21.49,5.8887
-19.92,78.46,-21.49,5.8908
-19.92,78.46,-21.49,5.8935
-19.92,78.46,-21.49,5.8949
-19.92,78.46,-21.49,5.8969
-19.92,78.46,-21.49,5.8985
-20.4,78.46,-21.01,5.9001
-20.4,78.46,-21.01,5.9019
-20.4,78.46,-21.01,5.9037
-20.4,78.46,-21.01,5.9058
-20.4,78.46,-21.01,5.9082
-20.4,78.46,-21.01,5.9097
-20.4,78.46,-21.01,5.9106
-20.4,78.46,-21.01,5.9118
-20.4,78.46,-21.01,5.9135
-21.36,78.22,-20.77,5.9146
-21.36,78.22,-20.77,5.9159
-21.36,78.22,-20.77,5.9177
-21.36,78.22,-20.77,5.919
-21.36,78.22,-20.77,5.9208
-21.36,78.22,-20.77,5.9225
-21.36,78.22,-20.77,5.9246
-21.36,78.22,-20.77,5.9266
-21.36,78.22,-20.77,5.9286
-21.36,78.22,-20.77,5.93
-21.84,78.22,-20.53,5.9311
-21.84,78.22,-20.53,5.9332
-21.84,78.22,-20.53,5.9347
-21.84,78.22,-20.53,5.9359
-21.84,78.22,-20.53,5.9374
-21.84,78.22,-20.53,5.9391
-21.84,78.22,-20.53,5.9411
-21.84,78.22,-20.53,5.9423
-21.84,78.22,-20.53,5.9449
-21.84,78.22,-20.53,5.9469
-22.08,78.22,-20.05,5.9486
-22.08,78.22,-20.05,5.9496
-22.08,78.22,-20.05,5.9508
-22.08,78.22,-20.05,5.9525
-22.08,78.22,-20.05,5.9544
-22.08,78.22,-20.05,5.9566
-22.08,78.22,-20.05,5.9587
-22.08,78.22,-20.05,5.9607
-22.08,78.22,-20.05,5.9618
-23.04,78.22,-19.57,5.9628
-23.04,78.22,-19.57,5.9642
-23.04,78.22,-19.57,5.9655
-23.04,78.22,-19.57,5.9675
-23.04,78.22,-19.57,5.9687
-23.04,78.22,-19.57,5.9706
-23.04,78.22,-19.57,5.9724
-23.04,78.22,-19.57,5.9736
-23.04,78.22,-19.57,5.9747
-23.04,78.22,-19.57,5.9767
-23.04,78.22,-19.57,5.9787
-24,78.22,-19.33,5.9808
-24,78.22,-19.33,5.9823
-24,78.22,-19.33,5.9842
-24,78.22,-19.33,5.9886
-24,78.22,-19.33,5.9919
-24,78.22,-19.33,5.994
-24.48,77.74,-18.85,5.9961
-24.48,77.74,-18.85,5.9981
-24.48,77.74,-18.85,6
-24.48,77.74,-18.85,6.0018
-24.48,77.74,-18.85,6.0048
-24.48,77.74,-18.85,6.0071
-24.48,77.74,-18.85,6.0086
-24.48,77.74,-18.85,6.0104
-24.96,77.5,-18.61,6.0118
-24.96,77.5,-18.61,6.0137
-24.96,77.5,-18.61,6.0153
-24.96,77.5,-18.61,6.0167
-24.96,77.5,-18.61,6.0181
-24.96,77.5,-18.61,6.0207
-24.96,77.5,-18.61,6.0229
-24.96,77.5,-18.61,6.0249
-24.96,77.5,-18.61,6.0261
-25.44,77.74,-18.37,6.0271
-25.44,77.74,-18.37,6.0287
-25.44,77.74,-18.37,6.0296
-25.44,77.74,-18.37,6.0306
-25.44,77.74,-18.37,6.0323
-25.44,77.74,-18.37,6.0338
-25.44,77.74,-18.37,6.0359
-25.44,77.74,-18.37,6.0388
-25.44,77.74,-18.37,6.0407
-25.44,77.74,-18.37,6.0422
-26.4,77.5,-17.89,6.0438
-26.4,77.5,-17.89,6.0451
-26.4,77.5,-17.89,6.0462
-26.4,77.5,-17.89,6.0475
-26.4,77.5,-17.89,6.0489
-26.4,77.5,-17.89,6.0499
-26.4,77.5,-17.89,6.052
-26.4,77.5,-17.89,6.0537
-26.4,77.5,-17.89,6.0558
-26.4,77.5,-17.89,6.0578
-27.36,77.26,-17.41,6.0594
-27.36,77.26,-17.41,6.0614
-27.36,77.26,-17.41,6.0629
-27.36,77.26,-17.41,6.0647
-27.36,77.26,-17.41,6.0667
-27.36,77.26,-17.41,6.0687
-27.36,77.26,-17.41,6.0713
-27.36,77.26,-17.41,6.0733
-27.84,77.26,-17.41,6.075
-27.84,77.26,-17.41,6.0766
-27.84,77.26,-17.41,6.0783
-27.84,77.26,-17.41,6.0802
-27.84,77.26,-17.41,6.0821
-27.84,77.26,-17.41,6.0839
-27.84,77.26,-17.41,6.0865
-27.84,77.26,-17.41,6.0887
-27.84,77.26,-17.41,6.0903
-28.32,77.26,-16.93,6.0917
-28.32,77.26,-16.93,6.0932
-28.32,77.26,-16.93,6.0949
-28.32,77.26,-16.93,6.0964
-28.32,77.26,-16.93,6.0978
-28.32,77.26,-16.93,6.0995
-28.32,77.26,-16.93,6.1019
-28.32,77.26,-16.93,6.1042
-28.32,77.26,-16.93,6.1063
-28.56,77.26,-16.45,6.1083
-28.56,77.26,-16.45,6.1094
-28.56,77.26,-16.45,6.1105
-28.56,77.26,-16.45,6.1119
-28.56,77.26,-16.45,6.1133
-28.56,77.26,-16.45,6.1147
-28.56,77.26,-16.45,6.1166
-28.56,77.26,-16.45,6.1184
-28.56,77.26,-16.45,6.1207
-28.56,77.26,-16.45,6.1223
-29.52,77.02,-16.21,6.124
-29.52,77.02,-16.21,6.1259
-29.52,77.02,-16.21,6.1274
-29.52,77.02,-16.21,6.129
-29.52,77.02,-16.21,6.1305
-29.52,77.02,-16.21,6.1321
-29.52,77.02,-16.21,6.1345
-29.52,77.02,-16.21,6.1365
-29.52,77.02,-16.21,6.1386
-30,76.78,-15.97,6.1403
-30,76.78,-15.97,6.1419
-30,76.78,-15.97,6.1436
-30,76.78,-15.97,6.1451
-30,76.78,-15.97,6.147
-30,76.78,-15.97,6.149
-30,76.78,-15.97,6.151
-30,76.78,-15.97,6.154
-30.48,76.54,-15.49,6.1562
-30.48,76.54,-15.49,6.1573
-30.48,76.54,-15.49,6.1582
-30.48,76.54,-15.49,6.1594
-30.48,76.54,-15.49,6.161
-30.48,76.54,-15.49,6.1625
-30.48,76.54,-15.49,6.1646
-30.48,76.54,-15.49,6.1668
-30.48,76.54,-15.49,6.1687
-30.48,76.54,-15.49,6.1707
-30.96,76.78,-15.25,6.1722
-30.96,76.78,-15.25,6.1733
-30.96,76.78,-15.25,6.1744
-30.96,76.78,-15.25,6.1759
-30.96,76.78,-15.25,6.1783
-30.96,76.78,-15.25,6.1811
-30.96,76.78,-15.25,6.1842
-30.96,76.78,-15.25,6.1873
-31.92,76.78,-15.01,6.1897
-31.92,76.78,-15.01,6.1912
-31.92,76.78,-15.01,6.1927
-31.92,76.78,-15.01,6.1943
-31.92,76.78,-15.01,6.1958
-31.92,76.78,-15.01,6.1979
-31.92,76.78,-15.01,6.1998
-31.92,76.78,-15.01,6.2014
-32.4,76.3,-14.77,6.2029
-32.4,76.3,-14.77,6.2056
-32.4,76.3,-14.77,6.2068
-32.4,76.3,-14.77,6.2082
-32.4,76.3,-14.77,6.2093
-32.4,76.3,-14.77,6.2107
-32.4,76.3,-14.77,6.2122
-32.4,76.3,-14.77,6.2142
-32.4,76.3,-14.77,6.2159
-32.4,76.3,-14.77,6.2182
-32.88,76.3,-14.29,6.2199
-32.88,76.3,-14.29,6.2218
-32.88,76.3,-14.29,6.2237
-32.88,76.3,-14.29,6.2251
-32.88,76.3,-14.29,6.2265
-32.88,76.3,-14.29,6.2282
-32.88,76.3,-14.29,6.2297
-32.88,76.3,-14.29,6.2322
-32.88,76.3,-14.29,6.2346
-33.6,76.06,-13.09,6.2368
-33.6,76.06,-13.09,6.2383
-33.6,76.06,-13.09,6.2397
-33.6,76.06,-13.09,6.2409
-33.6,76.06,-13.09,6.2425
-33.6,76.06,-13.09,6.244
-33.6,76.06,-13.09,6.2459
-33.6,76.06,-13.09,6.2479
-33.6,76.06,-13.09,6.2504
-34.32,76.06,-13.57,6.252
-34.32,76.06,-13.57,6.2539
-34.32,76.06,-13.57,6.2555
-34.32,76.06,-13.57,6.2573
-34.32,76.06,-13.57,6.2589
-34.32,76.06,-13.57,6.2604
-34.32,76.06,-13.57,6.2624
-34.32,76.06,-13.57,6.2646
-34.32,76.06,-13.57,6.267
-35.04,76.06,-13.09,6.2691
-35.04,76.06,-13.09,6.2708
-35.04,76.06,-13.09,6.2724
-35.04,76.06,-13.09,6.2735
-35.04,76.06,-13.09,6.275
-35.04,76.06,-13.09,6.2765
-35.04,76.06,-13.09,6.278
-35.04,76.06,-13.09,6.2802
-35.04,76.06,-13.09,6.2817
-35.76,75.82,-12.37,6.2834
-35.76,75.82,-12.37,6.2852
-35.76,75.82,-12.37,6.287
-35.76,75.82,-12.37,6.2885
-35.76,75.82,-12.37,6.2897
-35.76,75.82,-12.37,6.2911
-35.76,75.82,-12.37,6.2928
-35.76,75.82,-12.37,6.2948
-35.76,75.82,-12.37,6.2972
-36.24,75.82,-12.37,6.2995
-36.24,75.82,-12.37,6.3013
-36.24,75.82,-12.37,6.3024
-36.24,75.82,-12.37,6.3037
-36.24,75.82,-12.37,6.3048
-36.24,75.82,-12.37,6.3063
-36.24,75.82,-12.37,6.3082
-36.24,75.82,-12.37,6.3102
-36.24,75.82,-12.37,6.3129
-36.24,75.82,-12.37,6.3148
-36.72,75.82,-12.13,6.3165
-36.72,75.82,-12.13,6.3186
-36.72,75.82,-12.13,6.3206
-36.72,75.82,-12.13,6.3219
-36.72,75.82,-12.13,6.3234
-36.72,75.82,-12.13,6.3249
-36.72,75.82,-12.13,6.3264
-36.72,75.82,-12.13,6.3283
-36.72,75.82,-12.13,6.3296
-37.68,75.34,-11.89,6.3316
-37.68,75.34,-11.89,6.3332
-37.68,75.34,-11.89,6.335
-37.68,75.34,-11.89,6.3372
-37.68,75.34,-11.89,6.3389
-37.68,75.34,-11.89,6.3408
-37.68,75.34,-11.89,6.3428
-37.68,75.34,-11.89,6.3449
-37.68,75.34,-11.89,6.3469
-38.4,75.82,-10.93,6.3487
-38.4,75.82,-10.93,6.3508
-38.4,75.82,-10.93,6.3521
-38.4,75.82,-10.93,6.3541
-38.4,75.82,-10.93,6.3554
-38.4,75.82,-10.93,6.3568
-38.4,75.82,-10.93,6.3582
-38.4,75.82,-10.93,6.3599
-38.4,75.82,-10.93,6.3628
-39.12,75.82,-10.93,6.3642
-39.12,75.82,-10.93,6.3663
-39.12,75.82,-10.93,6.3677
-39.12,75.82,-10.93,6.3695
-39.12,75.82,-10.93,6.3709
-39.12,75.82,-10.93,6.3728
-39.12,75.82,-10.93,6.3745
-39.12,75.82,-10.93,6.3764
-39.12,75.82,-10.93,6.3786
-39.84,75.58,-9.73,6.3809
-39.84,75.58,-9.73,6.3828
-39.84,75.58,-9.73,6.3845
-39.84,75.58,-9.73,6.386
-39.84,75.58,-9.73,6.3879
-39.84,75.58,-9.73,6.3893
-39.84,75.58,-9.73,6.3908
-39.84,75.58,-9.73,6.3925
-39.84,75.58,-9.73,6.3946
-40.08,75.58,-9.97,6.3971
-40.08,75.58,-9.97,6.3998
-40.08,75.58,-9.97,6.4015
-40.08,75.58,-9.97,6.4035
-40.08,75.58,-9.97,6.4048
-40.08,75.58,-9.97,6.4069
-40.08,75.58,-9.97,6.4089
-40.56,75.58,-9.49,6.4117
-40.56,75.58,-9.49,6.4139
-40.56,75.58,-9.49,6.4154
-40.56,75.58,-9.49,6.4167
-40.56,75.58,-9.49,6.4181
-40.56,75.58,-9.49,6.42
-40.56,75.58,-9.49,6.4215
-40.56,75.58,-9.49,6.4231
-40.56,75.58,-9.49,6.425
-40.56,75.58,-9.49,6.4268
-41.52,75.58,-9.25,6.4291
-41.52,75.58,-9.25,6.4316
-41.52,75.58,-9.25,6.4336
-41.52,75.58,-9.25,6.4353
-41.52,75.58,-9.25,6.437
-41.52,75.58,-9.25,6.4388
-41.52,75.58,-9.25,6.4412
-42,75.1,-9.01,6.4444
-42,75.1,-9.01,6.4468
-42,75.1,-9.01,6.4485
-42,75.1,-9.01,6.4501
-42,75.1,-9.01,6.4517
-42,75.1,-9.01,6.4533
-42,75.1,-9.01,6.4553
-42,75.1,-9.01,6.4573
-42.48,75.1,-8.77,6.4608
-42.48,75.1,-8.77,6.4634
-42.48,75.1,-8.77,6.4653
-42.48,75.1,-8.77,6.467
-42.48,75.1,-8.77,6.4686
-42.48,75.1,-8.77,6.4702
-42.48,75.1,-8.77,6.4719
-42.48,75.1,-8.77,6.4743
-42.96,75.1,-8.29,6.4769
-42.96,75.1,-8.29,6.4786
-42.96,75.1,-8.29,6.4805
-42.96,75.1,-8.29,6.4823
-42.96,75.1,-8.29,6.4839
-42.96,75.1,-8.29,6.4857
-42.96,75.1,-8.29,6.487
-42.96,75.1,-8.29,6.4889
-42.96,75.1,-8.29,6.4907
-43.92,75.1,-8.05,6.4931
-43.92,75.1,-8.05,6.4954
-43.92,75.1,-8.05,6.4974
-43.92,75.1,-8.05,6.4991
-43.92,75.1,-8.05,6.501
-43.92,75.1,-8.05,6.5026
-43.92,75.1,-8.05,6.5044
-43.92,75.1,-8.05,6.5069
-44.64,74.62,-8.05,6.5095
-44.64,74.62,-8.05,6.5117
-44.64,74.62,-8.05,6.514
-44.64,74.62,-8.05,6.5158
-44.64,74.62,-8.05,6.5174
-44.64,74.62,-8.05,6.5192
-44.64,74.62,-8.05,6.5214
-44.88,74.62,-7.57,6.5238
-44.88,74.62,-7.57,6.5267
-44.88,74.62,-7.57,6.5291
-44.88,74.62,-7.57,6.5312
-44.88,74.62,-7.57,6.5334
-44.88,74.62,-7.57,6.5353
-44.88,74.62,-7.57,6.5372
-45.12,74.62,-7.57,6.5398
-45.12,74.62,-7.57,6.5428
-45.12,74.62,-7.57,6.5453
-45.12,74.62,-7.57,6.548
-45.12,74.62,-7.57,6.5502
-45.12,74.62,-7.57,6.5523
-45.12,74.62,-7.57,6.5551
-45.12,74.62,-7.57,6.5582
-45.12,74.62,-7.57,6.561
-45.12,74.62,-7.57,6.5629
-45.12,74.62,-7.57,6.5651
-45.12,74.62,-7.57,6.567
-45.12,74.62,-7.57,6.5691
-45.12,74.38,-7.57,6.5727
-45.12,74.38,-7.57,6.5764
-45.12,74.38,-7.57,6.5794
-45.12,74.38,-7.57,6.5813
-45.12,74.38,-7.57,6.5829
-45.12,74.38,-7.57,6.5846
-45.12,74.38,-7.57,6.5868
-45.12,74.38,-7.57,6.5893
-45.12,74.38,-7.57,6.5917
-45.12,74.38,-7.57,6.5932
-45.12,74.38,-7.57,6.5945
-45.12,74.38,-7.57,6.5969
-45.12,74.38,-7.57,6.5985
-45.12,74.38,-7.57,6.6001
-45.12,74.38,-7.57,6.6013
-45.12,74.38,-7.57,6.6021
-45.12,74.62,-7.09,6.603
-45.12,74.62,-7.09,6.6047
-45.12,74.62,-7.09,6.6062
-45.12,74.62,-7.09,6.6083
-45.12,74.62,-7.09,6.6105
-45.12,74.62,-7.09,6.6127
-45.12,74.62,-7.09,6.6148
-45.12,74.62,-7.09,6.6176
-45.12,74.62,-7.09,6.6203
-45.12,74.62,-7.09,6.6221
-45.12,74.62,-7.09,6.6234
-45.12,74.62,-7.09,6.6251
-45.12,74.62,-7.09,6.6266
-45.12,74.62,-7.09,6.6282
-45.12,74.62,-7.09,6.6294
-45.12,74.62,-7.09,6.6306
-45.12,74.62,-7.09,6.6322
-45.12,74.62,-7.09,6.6333
-45.12,74.62,-7.09,6.6347
-45.12,74.62,-7.09,6.6365
-45.12,74.62,-7.09,6.6396
-45.12,74.62,-7.09,6.6417
-45.12,74.62,-7.09,6.6438
-45.12,74.62,-7.09,6.645
-45.12,74.62,-7.09,6.6459
-45.12,74.62,-7.09,6.6471
-45.12,74.62,-7.09,6.6487
-45.12,74.62,-7.09,6.65
-45.12,74.38,-7.09,6.6518
