0,0,0,0.11019,0,0,0,0,0,55,0,0,95,6.1232e-15,0,195,100,0,195
-45.12,74.38,-6.61,0.12668,0,0,0,0,0,55,0,0,95,67.956,-68.242,121.93,94.652,-95.049,29.358
-45.12,74.38,-6.61,0.13728,0,0,0,0,0,55,0,0,95,67.956,-68.242,121.93,94.652,-95.049,29.358
-44.88,74.38,-6.61,0.14266,0,0,0,0,0,55,0,0,95,68.242,-67.956,121.93,95.049,-94.652,29.358
-44.88,74.38,-6.61,0.16702,0,0,0,0,0,55,0,0,95,68.242,-67.956,121.93,95.049,-94.652,29.358
-44.64,74.38,-6.61,0.16879,0,0,0,0,0,55,0,0,95,68.526,-67.67,121.93,95.445,-94.253,29.358
-44.64,74.38,-6.61,0.17015,0,0,0,0,0,55,0,0,95,68.526,-67.67,121.93,95.445,-94.253,29.358
-44.4,74.38,-6.61,0.17189,0,0,0,0,0,55,0,0,95,68.809,-67.382,121.93,95.839,-93.852,29.358
-44.4,74.38,-6.61,0.17329,0,0,0,0,0,55,0,0,95,68.809,-67.382,121.93,95.839,-93.852,29.358
-44.4,74.38,-6.61,0.17575,0,0,0,0,0,55,0,0,95,68.809,-67.382,121.93,95.839,-93.852,29.358
-44.4,74.38,-6.61,0.17763,0,0,0,0,0,55,0,0,95,68.809,-67.382,121.93,95.839,-93.852,29.358
-44.4,74.38,-6.61,0.17938,0,0,0,0,0,55,0,0,95,68.809,-67.382,121.93,95.839,-93.852,29.358
-44.4,74.38,-6.61,0.1808,0,0,0,0,0,55,0,0,95,68.809,-67.382,121.93,95.839,-93.852,29.358
-44.4,74.38,-6.61,0.18248,0,0,0,0,0,55,0,0,95,68.809,-67.382,121.93,95.839,-93.852,29.358
-44.4,74.38,-6.61,0.18395,0,0,0,0,0,55,0,0,95,68.809,-67.382,121.93,95.839,-93.852,29.358
-44.4,74.38,-6.61,0.18591,0,0,0,0,0,55,0,0,95,68.809,-67.382,121.93,95.839,-93.852,29.358
-44.4,74.38,-6.61,0.18776,0,0,0,0,0,55,0,0,95,68.809,-67.382,121.93,95.839,-93.852,29.358
-44.4,73.9,-6.61,0.1898,0,0,0,0,0,55,0,0,95,68.645,-67.222,122.73,96.228,-94.234,30.484
-44.4,73.9,-6.61,0.1924,0,0,0,0,0,55,0,0,95,68.645,-67.222,122.73,96.228,-94.234,30.484
-44.4,73.9,-6.61,0.19427,0,0,0,0,0,55,0,0,95,68.645,-67.222,122.73,96.228,-94.234,30.484
-44.4,73.9,-6.61,0.19595,0,0,0,0,0,55,0,0,95,68.645,-67.222,122.73,96.228,-94.234,30.484
-44.4,73.9,-6.61,0.19788,0,0,0,0,0,55,0,0,95,68.645,-67.222,122.73,96.228,-94.234,30.484
-44.4,73.9,-6.61,0.19979,0,0,0,0,0,55,0,0,95,68.645,-67.222,122.73,96.228,-94.234,30.484
-44.4,73.9,-6.61,0.20145,0,0,0,0,0,55,0,0,95,68.645,-67.222,122.73,96.228,-94.234,30.484
-44.4,73.9,-6.61,0.20336,0,0,0,0,0,55,0,0,95,68.645,-67.222,122.73,96.228,-94.234,30.484
-44.16,73.42,-6.85,0.20506,0,0,0,0,0,55,0,0,95,68.757,-66.77,123.54,97.283,-94.471,31.781
-44.16,73.42,-6.85,0.20663,0,0,0,0,0,55,0,0,95,68.757,-66.77,123.54,97.283,-94.471,31.781
-44.16,73.42,-6.85,0.20785,0,0,0,0,0,55,0,0,95,68.757,-66.77,123.54,97.283,-94.471,31.781
-44.16,73.42,-6.85,0.20919,0,0,0,0,0,55,0,0,95,68.757,-66.77,123.54,97.283,-94.471,31.781
-44.16,73.42,-6.85,0.21181,0,0,0,0,0,55,0,0,95,68.757,-66.77,123.54,97.283,-94.471,31.781
-44.16,73.42,-6.85,0.21321,0,0,0,0,0,55,0,0,95,68.757,-66.77,123.54,97.283,-94.471,31.781
-44.16,73.42,-6.85,0.21493,0,0,0,0,0,55,0,0,95,68.757,-66.77,123.54,97.283,-94.471,31.781
-44.16,73.42,-6.85,0.21618,0,0,0,0,0,55,0,0,95,68.757,-66.77,123.54,97.283,-94.471,31.781
-44.16,73.42,-6.85,0.21776,0,0,0,0,0,55,0,0,95,68.757,-66.77,123.54,97.283,-94.471,31.781
-44.16,73.42,-6.85,0.2192,0,0,0,0,0,55,0,0,95,68.757,-66.77,123.54,97.283,-94.471,31.781
-44.16,73.42,-6.85,0.22154,0,0,0,0,0,55,0,0,95,68.757,-66.77,123.54,97.283,-94.471,31.781
-44.16,73.42,-6.85,0.22411,0,0,0,0,0,55,0,0,95,68.757,-66.77,123.54,97.283,-94.471,31.781
-44.16,73.42,-6.85,0.22636,0,0,0,0,0,55,0,0,95,68.757,-66.77,123.54,97.283,-94.471,31.781
-44.16,73.42,-6.85,0.22773,0,0,0,0,0,55,0,0,95,68.757,-66.77,123.54,97.283,-94.471,31.781
-44.16,73.42,-6.85,0.22905,0,0,0,0,0,55,0,0,95,68.757,-66.77,123.54,97.283,-94.471,31.781
-44.16,73.42,-6.85,0.23033,0,0,0,0,0,55,0,0,95,68.757,-66.77,123.54,97.283,-94.471,31.781
-44.16,73.42,-6.85,0.2319,0,0,0,0,0,55,0,0,95,68.757,-66.77,123.54,97.283,-94.471,31.781
-44.16,73.42,-6.85,0.23378,0,0,0,0,0,55,0,0,95,68.757,-66.77,123.54,97.283,-94.471,31.781
-44.16,73.42,-6.85,0.2357,0,0,0,0,0,55,0,0,95,68.757,-66.77,123.54,97.283,-94.471,31.781
-44.16,73.18,-7.09,0.23942,0,0,0,0,0,55,0,0,95,68.671,-66.686,123.94,97.747,-94.922,32.518
-44.16,73.18,-7.09,0.24394,0,0,0,0,0,55,0,0,95,68.671,-66.686,123.94,97.747,-94.922,32.518
-44.16,73.18,-7.09,0.2467,0,0,0,0,0,55,0,0,95,68.671,-66.686,123.94,97.747,-94.922,32.518
-44.16,73.18,-7.09,0.24965,0,0,0,0,0,55,0,0,95,68.671,-66.686,123.94,97.747,-94.922,32.518
-44.16,73.18,-7.09,0.25259,0,0,0,0,0,55,0,0,95,68.671,-66.686,123.94,97.747,-94.922,32.518
-43.68,73.18,-7.33,0.25465,0,0,0,0,0,55,0,0,95,69.227,-66.108,123.94,98.815,-94.364,32.689
-43.68,73.18,-7.33,0.25683,0,0,0,0,0,55,0,0,95,69.227,-66.108,123.94,98.815,-94.364,32.689
-43.68,73.18,-7.33,0.25847,0,0,0,0,0,55,0,0,95,69.227,-66.108,123.94,98.815,-94.364,32.689
-43.68,73.18,-7.33,0.26023,0,0,0,0,0,55,0,0,95,69.227,-66.108,123.94,98.815,-94.364,32.689
-43.68,73.18,-7.33,0.26166,0,0,0,0,0,55,0,0,95,69.227,-66.108,123.94,98.815,-94.364,32.689
-43.68,73.18,-7.33,0.26269,0,0,0,0,0,55,0,0,95,69.227,-66.108,123.94,98.815,-94.364,32.689
-43.68,73.18,-7.33,0.26375,0,0,0,0,0,55,0,0,95,69.227,-66.108,123.94,98.815,-94.364,32.689
-43.68,73.18,-7.33,0.26618,0,0,0,0,0,55,0,0,95,69.227,-66.108,123.94,98.815,-94.364,32.689
-43.68,73.18,-7.33,0.26907,0,0,0,0,0,55,0,0,95,69.227,-66.108,123.94,98.815,-94.364,32.689
-43.68,72.94,-7.33,0.27264,0,0,0,0,0,55,0,0,95,69.139,-66.024,124.34,99.003,-94.543,33.262
-43.68,72.94,-7.33,0.27609,0,0,0,0,0,55,0,0,95,69.139,-66.024,124.34,99.003,-94.543,33.262
-43.68,72.94,-7.33,0.27998,0,0,0,0,0,55,0,0,95,69.139,-66.024,124.34,99.003,-94.543,33.262
-43.68,72.94,-7.33,0.28292,0,0,0,0,0,55,0,0,95,69.139,-66.024,124.34,99.003,-94.543,33.262
-43.2,72.94,-7.57,0.28541,0,0,0,0,0,55,0,0,95,69.689,-65.443,124.34,100.07,-93.972,33.435
-43.2,72.94,-7.57,0.28908,0,0,0,0,0,55,0,0,95,69.689,-65.443,124.34,100.07,-93.972,33.435
-43.2,72.94,-7.57,0.29195,0,0,0,0,0,55,0,0,95,69.689,-65.443,124.34,100.07,-93.972,33.435
-43.2,72.94,-7.57,0.29449,0,0,0,0,0,55,0,0,95,69.689,-65.443,124.34,100.07,-93.972,33.435
-43.2,72.94,-7.57,0.29665,0,0,0,0,0,55,0,0,95,69.689,-65.443,124.34,100.07,-93.972,33.435
-43.2,72.94,-7.57,0.29964,0,0,0,0,0,55,0,0,95,69.689,-65.443,124.34,100.07,-93.972,33.435
-41.76,72.94,-7.57,0.30287,0,0,0,0,0,55,0,0,95,71.312,-63.671,124.34,102.4,-91.427,33.435
-41.76,72.94,-7.57,0.30589,0,0,0,0,0,55,0,0,95,71.312,-63.671,124.34,102.4,-91.427,33.435
-41.76,72.94,-7.57,0.30878,0,0,0,0,0,55,0,0,95,71.312,-63.671,124.34,102.4,-91.427,33.435
-41.76,72.94,-7.57,0.31159,0,0,0,0,0,55,0,0,95,71.312,-63.671,124.34,102.4,-91.427,33.435
-41.76,72.94,-7.57,0.31442,0,0,0,0,0,55,0,0,95,71.312,-63.671,124.34,102.4,-91.427,33.435
-42.72,72.94,-8.05,0.31701,0,0,0,0,0,55,0,0,95,70.235,-64.856,124.34,101.41,-93.646,33.788
-42.72,72.94,-8.05,0.31918,0,0,0,0,0,55,0,0,95,70.235,-64.856,124.34,101.41,-93.646,33.788
-42.72,72.94,-8.05,0.32109,0,0,0,0,0,55,0,0,95,70.235,-64.856,124.34,101.41,-93.646,33.788
-42.72,72.94,-8.05,0.324,0,0,0,0,0,55,0,0,95,70.235,-64.856,124.34,101.41,-93.646,33.788
-42.72,72.94,-8.05,0.32712,0,0,0,0,0,55,0,0,95,70.235,-64.856,124.34,101.41,-93.646,33.788
-42.72,72.94,-8.05,0.32888,0,0,0,0,0,55,0,0,95,70.235,-64.856,124.34,101.41,-93.646,33.788
-42.72,72.94,-8.05,0.33124,0,0,0,0,0,55,0,0,95,70.235,-64.856,124.34,101.41,-93.646,33.788
-42.48,72.22,-8.53,0.33319,0,0,0,0,0,55,0,0,95,70.229,-64.308,125.54,102.92,-94.24,35.895
-42.48,72.22,-8.53,0.33534,0,0,0,0,0,55,0,0,95,70.229,-64.308,125.54,102.92,-94.24,35.895
-42.48,72.22,-8.53,0.33827,0,0,0,0,0,55,0,0,95,70.229,-64.308,125.54,102.92,-94.24,35.895
-42.48,72.22,-8.53,0.34062,0,0,0,0,0,55,0,0,95,70.229,-64.308,125.54,102.92,-94.24,35.895
-42.48,72.22,-8.53,0.34255,0,0,0,0,0,55,0,0,95,70.229,-64.308,125.54,102.92,-94.24,35.895
-42.48,72.22,-8.53,0.34443,0,0,0,0,0,55,0,0,95,70.229,-64.308,125.54,102.92,-94.24,35.895
-42.48,72.22,-8.53,0.34618,0,0,0,0,0,55,0,0,95,70.229,-64.308,125.54,102.92,-94.24,35.895
-42.48,72.22,-8.53,0.3483,0,0,0,0,0,55,0,0,95,70.229,-64.308,125.54,102.92,-94.24,35.895
-41.76,71.74,-9.01,0.35052,0,0,0,0,0,55,0,0,95,70.838,-63.247,126.33,105.02,-93.763,37.447
-41.76,71.74,-9.01,0.35361,0,0,0,0,0,55,0,0,95,70.838,-63.247,126.33,105.02,-93.763,37.447
-41.76,71.74,-9.01,0.35616,0,0,0,0,0,55,0,0,95,70.838,-63.247,126.33,105.02,-93.763,37.447
-41.76,71.74,-9.01,0.3582,0,0,0,0,0,55,0,0,95,70.838,-63.247,126.33,105.02,-93.763,37.447
-41.76,71.74,-9.01,0.36024,0,0,0,0,0,55,0,0,95,70.838,-63.247,126.33,105.02,-93.763,37.447
-41.76,71.74,-9.01,0.36215,0,0,0,0,0,55,0,0,95,70.838,-63.247,126.33,105.02,-93.763,37.447
-41.76,71.74,-9.01,0.36406,0,0,0,0,0,55,0,0,95,70.838,-63.247,126.33,105.02,-93.763,37.447
-41.76,71.74,-9.73,0.36629,0,0,0,0,0,55,0,0,95,70.838,-63.247,126.33,105.85,-94.505,38.03
-41.76,71.74,-9.73,0.3699,0,0,0,0,0,55,0,0,95,70.838,-63.247,126.33,105.85,-94.505,38.03
-41.76,71.74,-9.73,0.37259,0,0,0,0,0,55,0,0,95,70.838,-63.247,126.33,105.85,-94.505,38.03
-41.76,71.74,-9.73,0.37439,0,0,0,0,0,55,0,0,95,70.838,-63.247,126.33,105.85,-94.505,38.03
-41.76,71.74,-9.73,0.37621,0,0,0,0,0,55,0,0,95,70.838,-63.247,126.33,105.85,-94.505,38.03
-41.76,71.74,-9.73,0.37818,0,0,0,0,0,55,0,0,95,70.838,-63.247,126.33,105.85,-94.505,38.03
-41.76,71.74,-9.73,0.37996,0,0,0,0,0,55,0,0,95,70.838,-63.247,126.33,105.85,-94.505,38.03
-40.8,71.98,-9.73,0.38205,0,0,0,0,0,55,0,0,95,71.986,-62.137,125.93,107.23,-92.561,37.436
-40.8,71.98,-9.73,0.38484,0,0,0,0,0,55,0,0,95,71.986,-62.137,125.93,107.23,-92.561,37.436
-40.8,71.98,-9.73,0.38776,0,0,0,0,0,55,0,0,95,71.986,-62.137,125.93,107.23,-92.561,37.436
-40.8,71.98,-9.73,0.39003,0,0,0,0,0,55,0,0,95,71.986,-62.137,125.93,107.23,-92.561,37.436
-40.8,71.98,-9.73,0.39176,0,0,0,0,0,55,0,0,95,71.986,-62.137,125.93,107.23,-92.561,37.436
-40.8,71.98,-9.73,0.39361,0,0,0,0,0,55,0,0,95,71.986,-62.137,125.93,107.23,-92.561,37.436
-40.8,71.98,-9.73,0.39521,0,0,0,0,0,55,0,0,95,71.986,-62.137,125.93,107.23,-92.561,37.436
-40.32,71.5,-10.45,0.39693,0,0,0,0,0,55,0,0,95,72.304,-61.362,126.73,109.21,-92.682,39.226
-40.32,71.5,-10.45,0.3993,0,0,0,0,0,55,0,0,95,72.304,-61.362,126.73,109.21,-92.682,39.226
-40.32,71.5,-10.45,0.40148,0,0,0,0,0,55,0,0,95,72.304,-61.362,126.73,109.21,-92.682,39.226
-40.32,71.5,-10.45,0.40357,0,0,0,0,0,55,0,0,95,72.304,-61.362,126.73,109.21,-92.682,39.226
-40.32,71.5,-10.45,0.40696,0,0,0,0,0,55,0,0,95,72.304,-61.362,126.73,109.21,-92.682,39.226
-40.32,71.5,-10.45,0.40936,0,0,0,0,0,55,0,0,95,72.304,-61.362,126.73,109.21,-92.682,39.226
-40.32,71.5,-10.45,0.41181,0,0,0,0,0,55,0,0,95,72.304,-61.362,126.73,109.21,-92.682,39.226
-40.32,71.26,-10.69,0.41411,0,0,0,0,0,55,0,0,95,72.202,-61.275,127.13,109.67,-93.069,40.032
-40.32,71.26,-10.69,0.4165,0,0,0,0,0,55,0,0,95,72.202,-61.275,127.13,109.67,-93.069,40.032
-40.32,71.26,-10.69,0.41907,0,0,0,0,0,55,0,0,95,72.202,-61.275,127.13,109.67,-93.069,40.032
-40.32,71.26,-10.69,0.42178,0,0,0,0,0,55,0,0,95,72.202,-61.275,127.13,109.67,-93.069,40.032
-40.32,71.26,-10.69,0.42404,0,0,0,0,0,55,0,0,95,72.202,-61.275,127.13,109.67,-93.069,40.032
-40.32,71.26,-10.69,0.42718,0,0,0,0,0,55,0,0,95,72.202,-61.275,127.13,109.67,-93.069,40.032
-40.08,71.02,-11.17,0.43008,0,0,0,0,0,55,0,0,95,72.355,-60.885,127.52,110.79,-93.224,41.052
-40.08,71.02,-11.17,0.43413,0,0,0,0,0,55,0,0,95,72.355,-60.885,127.52,110.79,-93.224,41.052
-40.08,71.02,-11.17,0.43678,0,0,0,0,0,55,0,0,95,72.355,-60.885,127.52,110.79,-93.224,41.052
-40.08,71.02,-11.17,0.43905,0,0,0,0,0,55,0,0,95,72.355,-60.885,127.52,110.79,-93.224,41.052
-40.08,71.02,-11.17,0.44114,0,0,0,0,0,55,0,0,95,72.355,-60.885,127.52,110.79,-93.224,41.052
-40.08,71.02,-11.17,0.44282,0,0,0,0,0,55,0,0,95,72.355,-60.885,127.52,110.79,-93.224,41.052
-40.08,71.02,-11.17,0.44449,0,0,0,0,0,55,0,0,95,72.355,-60.885,127.52,110.79,-93.224,41.052
-39.6,71.02,-11.65,0.44659,0,0,0,0,0,55,0,0,95,72.862,-60.277,127.52,112.12,-92.753,41.476
-39.6,71.02,-11.65,0.44909,0,0,0,0,0,55,0,0,95,72.862,-60.277,127.52,112.12,-92.753,41.476
-39.6,71.02,-11.65,0.4518,0,0,0,0,0,55,0,0,95,72.862,-60.277,127.52,112.12,-92.753,41.476
-39.6,71.02,-11.65,0.45464,0,0,0,0,0,55,0,0,95,72.862,-60.277,127.52,112.12,-92.753,41.476
-39.6,71.02,-11.65,0.45713,0,0,0,0,0,55,0,0,95,72.862,-60.277,127.52,112.12,-92.753,41.476
-39.6,71.02,-11.65,0.45953,0,0,0,0,0,55,0,0,95,72.862,-60.277,127.52,112.12,-92.753,41.476
-39.12,71.02,-11.89,0.46127,0,0,0,0,0,55,0,0,95,73.365,-59.664,127.52,113.17,-92.038,41.69
-39.12,71.02,-11.89,0.46322,0,0,0,0,0,55,0,0,95,73.365,-59.664,127.52,113.17,-92.038,41.69
-39.12,71.02,-11.89,0.46559,0,0,0,0,0,55,0,0,95,73.365,-59.664,127.52,113.17,-92.038,41.69
-39.12,71.02,-11.89,0.46836,0,0,0,0,0,55,0,0,95,73.365,-59.664,127.52,113.17,-92.038,41.69
-39.12,71.02,-11.89,0.47091,0,0,0,0,0,55,0,0,95,73.365,-59.664,127.52,113.17,-92.038,41.69
-39.12,71.02,-11.89,0.47279,0,0,0,0,0,55,0,0,95,73.365,-59.664,127.52,113.17,-92.038,41.69
-39.12,71.02,-11.89,0.47532,0,0,0,0,0,55,0,0,95,73.365,-59.664,127.52,113.17,-92.038,41.69
-38.88,70.78,-12.37,0.4776,0,0,0,0,0,55,0,0,95,73.507,-59.27,127.92,114.29,-92.151,42.738
-38.88,70.78,-12.37,0.4795,0,0,0,0,0,55,0,0,95,73.507,-59.27,127.92,114.29,-92.151,42.738
-38.88,70.78,-12.37,0.48141,0,0,0,0,0,55,0,0,95,73.507,-59.27,127.92,114.29,-92.151,42.738
-38.88,70.78,-12.37,0.48354,0,0,0,0,0,55,0,0,95,73.507,-59.27,127.92,114.29,-92.151,42.738
-38.88,70.78,-12.37,0.48675,0,0,0,0,0,55,0,0,95,73.507,-59.27,127.92,114.29,-92.151,42.738
-38.88,70.78,-12.37,0.48921,0,0,0,0,0,55,0,0,95,73.507,-59.27,127.92,114.29,-92.151,42.738
-38.88,70.78,-12.37,0.49106,0,0,0,0,0,55,0,0,95,73.507,-59.27,127.92,114.29,-92.151,42.738
-38.4,70.54,-12.85,0.49279,0,0,0,0,0,55,0,0,95,73.892,-58.566,128.31,115.78,-91.767,43.798
-38.4,70.54,-12.85,0.49438,0,0,0,0,0,55,0,0,95,73.892,-58.566,128.31,115.78,-91.767,43.798
-38.4,70.54,-12.85,0.49602,0,0,0,0,0,55,0,0,95,73.892,-58.566,128.31,115.78,-91.767,43.798
-38.4,70.54,-12.85,0.49832,0,0,0,0,0,55,0,0,95,73.892,-58.566,128.31,115.78,-91.767,43.798
-38.4,70.54,-12.85,0.50042,0,0,0,0,0,55,0,0,95,73.892,-58.566,128.31,115.78,-91.767,43.798
-38.4,70.54,-12.85,0.50306,0,0,0,0,0,55,0,0,95,73.892,-58.566,128.31,115.78,-91.767,43.798
-38.4,70.54,-12.85,0.50495,0,0,0,0,0,55,0,0,95,73.892,-58.566,128.31,115.78,-91.767,43.798
-38.4,70.54,-12.85,0.50644,0,0,0,0,0,55,0,0,95,73.892,-58.566,128.31,115.78,-91.767,43.798
-38.4,70.54,-12.85,0.50801,0,0,0,0,0,55,0,0,95,73.892,-58.566,128.31,115.78,-91.767,43.798
-37.68,70.3,-12.85,0.50987,0,0,0,0,0,55,0,0,95,74.511,-57.547,128.71,117.09,-90.435,44.417
-37.68,70.3,-12.85,0.51175,0,0,0,0,0,55,0,0,95,74.511,-57.547,128.71,117.09,-90.435,44.417
-37.68,70.3,-12.85,0.51364,0,0,0,0,0,55,0,0,95,74.511,-57.547,128.71,117.09,-90.435,44.417
-37.68,70.3,-12.85,0.51556,0,0,0,0,0,55,0,0,95,74.511,-57.547,128.71,117.09,-90.435,44.417
-37.68,70.3,-12.85,0.51768,0,0,0,0,0,55,0,0,95,74.511,-57.547,128.71,117.09,-90.435,44.417
-37.68,70.3,-12.85,0.52018,0,0,0,0,0,55,0,0,95,74.511,-57.547,128.71,117.09,-90.435,44.417
-37.68,70.3,-12.85,0.52293,0,0,0,0,0,55,0,0,95,74.511,-57.547,128.71,117.09,-90.435,44.417
-37.68,70.3,-13.09,0.52523,0,0,0,0,0,55,0,0,95,74.511,-57.547,128.71,117.37,-90.65,44.643
-37.68,70.3,-13.09,0.5276,0,0,0,0,0,55,0,0,95,74.511,-57.547,128.71,117.37,-90.65,44.643
-37.68,70.3,-13.09,0.53019,0,0,0,0,0,55,0,0,95,74.511,-57.547,128.71,117.37,-90.65,44.643
-37.68,70.3,-13.09,0.53353,0,0,0,0,0,55,0,0,95,74.511,-57.547,128.71,117.37,-90.65,44.643
-37.68,70.3,-13.09,0.53673,0,0,0,0,0,55,0,0,95,74.511,-57.547,128.71,117.37,-90.65,44.643
-37.68,70.3,-13.09,0.53885,0,0,0,0,0,55,0,0,95,74.511,-57.547,128.71,117.37,-90.65,44.643
-37.68,70.3,-13.09,0.54108,0,0,0,0,0,55,0,0,95,74.511,-57.547,128.71,117.37,-90.65,44.643
-37.68,70.3,-13.33,0.54301,0,0,0,0,0,55,0,0,95,74.511,-57.547,128.71,117.65,-90.865,44.871
-37.68,70.3,-13.33,0.54474,0,0,0,0,0,55,0,0,95,74.511,-57.547,128.71,117.65,-90.865,44.871
-37.68,70.3,-13.33,0.54688,0,0,0,0,0,55,0,0,95,74.511,-57.547,128.71,117.65,-90.865,44.871
-37.68,70.3,-13.33,0.54993,0,0,0,0,0,55,0,0,95,74.511,-57.547,128.71,117.65,-90.865,44.871
-37.68,70.3,-13.33,0.55274,0,0,0,0,0,55,0,0,95,74.511,-57.547,128.71,117.65,-90.865,44.871
-37.68,70.3,-13.33,0.55434,0,0,0,0,0,55,0,0,95,74.511,-57.547,128.71,117.65,-90.865,44.871
-37.68,70.3,-13.33,0.55589,0,0,0,0,0,55,0,0,95,74.511,-57.547,128.71,117.65,-90.865,44.871
-37.44,70.06,-13.57,0.55767,0,0,0,0,0,55,0,0,95,74.639,-57.149,129.1,118.47,-90.711,45.725
-37.44,70.06,-13.57,0.55906,0,0,0,0,0,55,0,0,95,74.639,-57.149,129.1,118.47,-90.711,45.725
-37.44,70.06,-13.57,0.56075,0,0,0,0,0,55,0,0,95,74.639,-57.149,129.1,118.47,-90.711,45.725
-37.44,70.06,-13.57,0.56254,0,0,0,0,0,55,0,0,95,74.639,-57.149,129.1,118.47,-90.711,45.725
-37.44,70.06,-13.57,0.56507,0,0,0,0,0,55,0,0,95,74.639,-57.149,129.1,118.47,-90.711,45.725
-37.44,70.06,-13.57,0.56749,0,0,0,0,0,55,0,0,95,74.639,-57.149,129.1,118.47,-90.711,45.725
-37.44,70.06,-13.57,0.56978,0,0,0,0,0,55,0,0,95,74.639,-57.149,129.1,118.47,-90.711,45.725
-37.44,70.06,-13.57,0.57185,0,0,0,0,0,55,0,0,95,74.639,-57.149,129.1,118.47,-90.711,45.725
-37.44,69.34,-14.05,0.57353,0,0,0,0,0,55,0,0,95,74.293,-56.883,130.28,119.5,-91.5,48.078
-37.44,69.34,-14.05,0.57508,0,0,0,0,0,55,0,0,95,74.293,-56.883,130.28,119.5,-91.5,48.078
-37.44,69.34,-14.05,0.57683,0,0,0,0,0,55,0,0,95,74.293,-56.883,130.28,119.5,-91.5,48.078
-37.44,69.34,-14.05,0.57875,0,0,0,0,0,55,0,0,95,74.293,-56.883,130.28,119.5,-91.5,48.078
-37.44,69.34,-14.05,0.58067,0,0,0,0,0,55,0,0,95,74.293,-56.883,130.28,119.5,-91.5,48.078
-37.44,69.34,-14.05,0.58345,0,0,0,0,0,55,0,0,95,74.293,-56.883,130.28,119.5,-91.5,48.078
-37.44,69.34,-14.05,0.58566,0,0,0,0,0,55,0,0,95,74.293,-56.883,130.28,119.5,-91.5,48.078
-37.44,69.34,-14.05,0.58731,0,0,0,0,0,55,0,0,95,74.293,-56.883,130.28,119.5,-91.5,48.078
-37.44,69.34,-14.05,0.58909,0,0,0,0,0,55,0,0,95,74.293,-56.883,130.28,119.5,-91.5,48.078
-36.72,69.1,-14.05,0.59069,0,0,0,0,0,55,0,0,95,74.883,-55.857,130.67,120.8,-90.108,48.709
-36.72,69.1,-14.05,0.59227,0,0,0,0,0,55,0,0,95,74.883,-55.857,130.67,120.8,-90.108,48.709
-36.72,69.1,-14.05,0.59411,0,0,0,0,0,55,0,0,95,74.883,-55.857,130.67,120.8,-90.108,48.709
-36.72,69.1,-14.05,0.59744,0,0,0,0,0,55,0,0,95,74.883,-55.857,130.67,120.8,-90.108,48.709
-36.72,69.1,-14.05,0.59959,0,0,0,0,0,55,0,0,95,74.883,-55.857,130.67,120.8,-90.108,48.709
-36.72,69.1,-14.05,0.60184,0,0,0,0,0,55,0,0,95,74.883,-55.857,130.67,120.8,-90.108,48.709
-36.72,69.1,-14.05,0.60344,0,0,0,0,0,55,0,0,95,74.883,-55.857,130.67,120.8,-90.108,48.709
-36.48,68.86,-14.29,0.60533,0,0,0,0,0,55,0,0,95,74.995,-55.453,131.06,121.61,-89.919,49.582
-36.48,68.86,-14.29,0.60772,0,0,0,0,0,55,0,0,95,74.995,-55.453,131.06,121.61,-89.919,49.582
-36.48,68.86,-14.29,0.60963,0,0,0,0,0,55,0,0,95,74.995,-55.453,131.06,121.61,-89.919,49.582
-36.48,68.86,-14.29,0.61169,0,0,0,0,0,55,0,0,95,74.995,-55.453,131.06,121.61,-89.919,49.582
-36.48,68.86,-14.29,0.61468,0,0,0,0,0,55,0,0,95,74.995,-55.453,131.06,121.61,-89.919,49.582
-36.48,68.86,-14.29,0.61767,0,0,0,0,0,55,0,0,95,74.995,-55.453,131.06,121.61,-89.919,49.582
-36.48,68.86,-14.29,0.61992,0,0,0,0,0,55,0,0,95,74.995,-55.453,131.06,121.61,-89.919,49.582
-36.48,68.86,-14.77,0.62279,0,0,0,0,0,55,0,0,95,74.995,-55.453,131.06,122.15,-90.324,50.071
-36.48,68.86,-14.77,0.62487,0,0,0,0,0,55,0,0,95,74.995,-55.453,131.06,122.15,-90.324,50.071
-36.48,68.86,-14.77,0.62691,0,0,0,0,0,55,0,0,95,74.995,-55.453,131.06,122.15,-90.324,50.071
-36.48,68.86,-14.77,0.62948,0,0,0,0,0,55,0,0,95,74.995,-55.453,131.06,122.15,-90.324,50.071
-36.48,68.86,-14.77,0.6326,0,0,0,0,0,55,0,0,95,74.995,-55.453,131.06,122.15,-90.324,50.071
-36.48,68.86,-14.77,0.63513,0,0,0,0,0,55,0,0,95,74.995,-55.453,131.06,122.15,-90.324,50.071
-36.48,68.86,-14.77,0.63692,0,0,0,0,0,55,0,0,95,74.995,-55.453,131.06,122.15,-90.324,50.071
-35.52,68.14,-15.25,0.63894,0,0,0,0,0,55,0,0,95,75.539,-53.921,132.23,124.65,-88.975,52.486
-35.52,68.14,-15.25,0.64081,0,0,0,0,0,55,0,0,95,75.539,-53.921,132.23,124.65,-88.975,52.486
-35.52,68.14,-15.25,0.64316,0,0,0,0,0,55,0,0,95,75.539,-53.921,132.23,124.65,-88.975,52.486
-35.52,68.14,-15.25,0.64583,0,0,0,0,0,55,0,0,95,75.539,-53.921,132.23,124.65,-88.975,52.486
-35.52,68.14,-15.25,0.64896,0,0,0,0,0,55,0,0,95,75.539,-53.921,132.23,124.65,-88.975,52.486
-35.52,68.14,-15.25,0.65099,0,0,0,0,0,55,0,0,95,75.539,-53.921,132.23,124.65,-88.975,52.486
-35.52,68.14,-15.25,0.65333,0,0,0,0,0,55,0,0,95,75.539,-53.921,132.23,124.65,-88.975,52.486
-35.04,67.9,-15.49,0.65548,0,0,0,0,0,55,0,0,95,75.86,-53.196,132.62,125.8,-88.22,53.383
-35.04,67.9,-15.49,0.65745,0,0,0,0,0,55,0,0,95,75.86,-53.196,132.62,125.8,-88.22,53.383
-35.04,67.9,-15.49,0.6595,0,0,0,0,0,55,0,0,95,75.86,-53.196,132.62,125.8,-88.22,53.383
-35.04,67.9,-15.49,0.66151,0,0,0,0,0,55,0,0,95,75.86,-53.196,132.62,125.8,-88.22,53.383
-35.04,67.9,-15.49,0.66408,0,0,0,0,0,55,0,0,95,75.86,-53.196,132.62,125.8,-88.22,53.383
-35.04,67.9,-15.49,0.66673,0,0,0,0,0,55,0,0,95,75.86,-53.196,132.62,125.8,-88.22,53.383
-35.04,67.9,-15.49,0.66938,0,0,0,0,0,55,0,0,95,75.86,-53.196,132.62,125.8,-88.22,53.383
-34.8,67.9,-15.73,0.67113,0,0,0,0,0,55,0,0,95,76.082,-52.878,132.62,126.44,-87.881,53.639
-34.8,67.9,-15.73,0.67305,0,0,0,0,0,55,0,0,95,76.082,-52.878,132.62,126.44,-87.881,53.639
-34.8,67.9,-15.73,0.67457,0,0,0,0,0,55,0,0,95,76.082,-52.878,132.62,126.44,-87.881,53.639
-34.8,67.9,-15.73,0.67666,0,0,0,0,0,55,0,0,95,76.082,-52.878,132.62,126.44,-87.881,53.639
-34.8,67.9,-15.73,0.67939,0,0,0,0,0,55,0,0,95,76.082,-52.878,132.62,126.44,-87.881,53.639
-34.8,67.9,-15.73,0.682,0,0,0,0,0,55,0,0,95,76.082,-52.878,132.62,126.44,-87.881,53.639
-34.8,67.9,-15.73,0.68428,0,0,0,0,0,55,0,0,95,76.082,-52.878,132.62,126.44,-87.881,53.639
-34.56,67.66,-16.45,0.68602,0,0,0,0,0,55,0,0,95,76.172,-52.469,133.01,127.76,-88.007,55.065
-34.56,67.66,-16.45,0.68783,0,0,0,0,0,55,0,0,95,76.172,-52.469,133.01,127.76,-88.007,55.065
-34.56,67.66,-16.45,0.68985,0,0,0,0,0,55,0,0,95,76.172,-52.469,133.01,127.76,-88.007,55.065
-34.56,67.66,-16.45,0.69151,0,0,0,0,0,55,0,0,95,76.172,-52.469,133.01,127.76,-88.007,55.065
-34.56,67.66,-16.45,0.69347,0,0,0,0,0,55,0,0,95,76.172,-52.469,133.01,127.76,-88.007,55.065
-34.56,67.66,-16.45,0.6962,0,0,0,0,0,55,0,0,95,76.172,-52.469,133.01,127.76,-88.007,55.065
-34.56,67.66,-16.45,0.69875,0,0,0,0,0,55,0,0,95,76.172,-52.469,133.01,127.76,-88.007,55.065
-34.56,67.66,-16.45,0.7009,0,0,0,0,0,55,0,0,95,76.172,-52.469,133.01,127.76,-88.007,55.065
-34.32,67.42,-16.93,0.70261,0,0,0,0,0,55,0,0,95,76.259,-52.059,133.4,128.8,-87.93,56.246
-34.32,67.42,-16.93,0.70443,0,0,0,0,0,55,0,0,95,76.259,-52.059,133.4,128.8,-87.93,56.246
-34.32,67.42,-16.93,0.70617,0,0,0,0,0,55,0,0,95,76.259,-52.059,133.4,128.8,-87.93,56.246
-34.32,67.42,-16.93,0.70783,0,0,0,0,0,55,0,0,95,76.259,-52.059,133.4,128.8,-87.93,56.246
-34.32,67.42,-16.93,0.71006,0,0,0,0,0,55,0,0,95,76.259,-52.059,133.4,128.8,-87.93,56.246
-34.32,67.42,-16.93,0.71266,0,0,0,0,0,55,0,0,95,76.259,-52.059,133.4,128.8,-87.93,56.246
-34.32,67.42,-16.93,0.7148,0,0,0,0,0,55,0,0,95,76.259,-52.059,133.4,128.8,-87.93,56.246
-34.32,67.42,-16.93,0.71653,0,0,0,0,0,55,0,0,95,76.259,-52.059,133.4,128.8,-87.93,56.246
-33.6,67.42,-17.17,0.71819,0,0,0,0,0,55,0,0,95,76.907,-51.097,133.4,130.17,-86.483,56.513
-33.6,67.42,-17.17,0.72009,0,0,0,0,0,55,0,0,95,76.907,-51.097,133.4,130.17,-86.483,56.513
-33.6,67.42,-17.17,0.72185,0,0,0,0,0,55,0,0,95,76.907,-51.097,133.4,130.17,-86.483,56.513
-33.6,67.42,-17.17,0.72367,0,0,0,0,0,55,0,0,95,76.907,-51.097,133.4,130.17,-86.483,56.513
-33.6,67.42,-17.17,0.72578,0,0,0,0,0,55,0,0,95,76.907,-51.097,133.4,130.17,-86.483,56.513
-33.6,67.42,-17.17,0.72879,0,0,0,0,0,55,0,0,95,76.907,-51.097,133.4,130.17,-86.483,56.513
-33.6,67.42,-17.17,0.73102,0,0,0,0,0,55,0,0,95,76.907,-51.097,133.4,130.17,-86.483,56.513
-33.6,67.42,-17.17,0.73276,0,0,0,0,0,55,0,0,95,76.907,-51.097,133.4,130.17,-86.483,56.513
-33.36,67.42,-17.41,0.73467,0,0,0,0,0,55,0,0,95,77.121,-50.774,133.4,130.8,-86.114,56.782
-33.36,67.42,-17.41,0.73631,0,0,0,0,0,55,0,0,95,77.121,-50.774,133.4,130.8,-86.114,56.782
-33.36,67.42,-17.41,0.73835,0,0,0,0,0,55,0,0,95,77.121,-50.774,133.4,130.8,-86.114,56.782
-33.36,67.42,-17.41,0.73999,0,0,0,0,0,55,0,0,95,77.121,-50.774,133.4,130.8,-86.114,56.782
-33.36,67.42,-17.41,0.74206,0,0,0,0,0,55,0,0,95,77.121,-50.774,133.4,130.8,-86.114,56.782
-33.36,67.42,-17.41,0.74565,0,0,0,0,0,55,0,0,95,77.121,-50.774,133.4,130.8,-86.114,56.782
-33.36,67.42,-17.41,0.74813,0,0,0,0,0,55,0,0,95,77.121,-50.774,133.4,130.8,-86.114,56.782
-33.12,67.42,-18.13,0.7498,0,0,0,0,0,55,0,0,95,77.333,-50.451,133.4,131.96,-86.089,57.595
-33.12,67.42,-18.13,0.75175,0,0,0,0,0,55,0,0,95,77.333,-50.451,133.4,131.96,-86.089,57.595
-33.12,67.42,-18.13,0.754,0,0,0,0,0,55,0,0,95,77.333,-50.451,133.4,131.96,-86.089,57.595
-33.12,67.42,-18.13,0.75613,0,0,0,0,0,55,0,0,95,77.333,-50.451,133.4,131.96,-86.089,57.595
-33.12,67.42,-18.13,0.75835,0,0,0,0,0,55,0,0,95,77.333,-50.451,133.4,131.96,-86.089,57.595
-33.12,67.42,-18.13,0.76013,0,0,0,0,0,55,0,0,95,77.333,-50.451,133.4,131.96,-86.089,57.595
-33.12,67.42,-18.13,0.7625,0,0,0,0,0,55,0,0,95,77.333,-50.451,133.4,131.96,-86.089,57.595
-33.12,67.42,-18.13,0.76518,0,0,0,0,0,55,0,0,95,77.333,-50.451,133.4,131.96,-86.089,57.595
-33.12,67.42,-18.13,0.76771,0,0,0,0,0,55,0,0,95,77.333,-50.451,133.4,131.96,-86.089,57.595
-33.12,67.42,-18.13,0.76953,0,0,0,0,0,55,0,0,95,77.333,-50.451,133.4,131.96,-86.089,57.595
-33.12,67.42,-18.13,0.77154,0,0,0,0,0,55,0,0,95,77.333,-50.451,133.4,131.96,-86.089,57.595
-33.12,67.42,-18.13,0.77414,0,0,0,0,0,55,0,0,95,77.333,-50.451,133.4,131.96,-86.089,57.595
-33.12,67.42,-18.13,0.7766,0,0,0,0,0,55,0,0,95,77.333,-50.451,133.4,131.96,-86.089,57.595
-33.12,67.42,-18.13,0.7794,0,0,0,0,0,55,0,0,95,77.333,-50.451,133.4,131.96,-86.089,57.595
-33.12,67.42,-18.13,0.78176,0,0,0,0,0,55,0,0,95,77.333,-50.451,133.4,131.96,-86.089,57.595
-32.64,66.94,-18.61,0.78362,0,0,0,0,0,55,0,0,95,77.479,-49.626,134.17,133.46,-85.485,59.471
-32.64,66.94,-18.61,0.78552,0,0,0,0,0,55,0,0,95,77.479,-49.626,134.17,133.46,-85.485,59.471
-32.64,66.94,-18.61,0.78701,0,0,0,0,0,55,0,0,95,77.479,-49.626,134.17,133.46,-85.485,59.471
-32.64,66.94,-18.61,0.78898,0,0,0,0,0,55,0,0,95,77.479,-49.626,134.17,133.46,-85.485,59.471
-32.64,66.94,-18.61,0.79107,0,0,0,0,0,55,0,0,95,77.479,-49.626,134.17,133.46,-85.485,59.471
-32.64,66.94,-18.61,0.7935,0,0,0,0,0,55,0,0,95,77.479,-49.626,134.17,133.46,-85.485,59.471
-32.64,66.94,-18.61,0.79645,0,0,0,0,0,55,0,0,95,77.479,-49.626,134.17,133.46,-85.485,59.471
-32.64,66.94,-18.61,0.7988,0,0,0,0,0,55,0,0,95,77.479,-49.626,134.17,133.46,-85.485,59.471
-32.4,66.7,-18.85,0.80055,0,0,0,0,0,55,0,0,95,77.547,-49.213,134.55,134.21,-85.171,60.416
-32.4,66.7,-18.85,0.8022,0,0,0,0,0,55,0,0,95,77.547,-49.213,134.55,134.21,-85.171,60.416
-32.4,66.7,-18.85,0.80415,0,0,0,0,0,55,0,0,95,77.547,-49.213,134.55,134.21,-85.171,60.416
-32.4,66.7,-18.85,0.80593,0,0,0,0,0,55,0,0,95,77.547,-49.213,134.55,134.21,-85.171,60.416
-32.4,66.7,-18.85,0.80769,0,0,0,0,0,55,0,0,95,77.547,-49.213,134.55,134.21,-85.171,60.416
-32.4,66.7,-18.85,0.80973,0,0,0,0,0,55,0,0,95,77.547,-49.213,134.55,134.21,-85.171,60.416
-32.4,66.7,-18.85,0.81237,0,0,0,0,0,55,0,0,95,77.547,-49.213,134.55,134.21,-85.171,60.416
-32.4,66.7,-18.85,0.81469,0,0,0,0,0,55,0,0,95,77.547,-49.213,134.55,134.21,-85.171,60.416
-32.16,66.46,-19.09,0.81683,0,0,0,0,0,55,0,0,95,77.612,-48.799,134.94,134.95,-84.849,61.365
-32.16,66.46,-19.09,0.81851,0,0,0,0,0,55,0,0,95,77.612,-48.799,134.94,134.95,-84.849,61.365
-32.16,66.46,-19.09,0.8202,0,0,0,0,0,55,0,0,95,77.612,-48.799,134.94,134.95,-84.849,61.365
-32.16,66.46,-19.09,0.82233,0,0,0,0,0,55,0,0,95,77.612,-48.799,134.94,134.95,-84.849,61.365
-32.16,66.46,-19.09,0.82534,0,0,0,0,0,55,0,0,95,77.612,-48.799,134.94,134.95,-84.849,61.365
-32.16,66.46,-19.09,0.82782,0,0,0,0,0,55,0,0,95,77.612,-48.799,134.94,134.95,-84.849,61.365
-31.92,66.22,-19.33,0.83035,0,0,0,0,0,55,0,0,95,77.673,-48.385,135.32,135.68,-84.518,62.318
-31.92,66.22,-19.33,0.83264,0,0,0,0,0,55,0,0,95,77.673,-48.385,135.32,135.68,-84.518,62.318
-31.92,66.22,-19.33,0.83459,0,0,0,0,0,55,0,0,95,77.673,-48.385,135.32,135.68,-84.518,62.318
-31.92,66.22,-19.33,0.83621,0,0,0,0,0,55,0,0,95,77.673,-48.385,135.32,135.68,-84.518,62.318
-31.92,66.22,-19.33,0.83851,0,0,0,0,0,55,0,0,95,77.673,-48.385,135.32,135.68,-84.518,62.318
-31.92,66.22,-19.33,0.84096,0,0,0,0,0,55,0,0,95,77.673,-48.385,135.32,135.68,-84.518,62.318
-31.92,66.22,-19.33,0.84371,0,0,0,0,0,55,0,0,95,77.673,-48.385,135.32,135.68,-84.518,62.318
-31.92,66.22,-19.33,0.84621,0,0,0,0,0,55,0,0,95,77.673,-48.385,135.32,135.68,-84.518,62.318
-31.44,66.22,-20.05,0.84797,0,0,0,0,0,55,0,0,95,78.075,-47.732,135.32,137.16,-83.854,63.183
-31.44,66.22,-20.05,0.84993,0,0,0,0,0,55,0,0,95,78.075,-47.732,135.32,137.16,-83.854,63.183
-31.44,66.22,-20.05,0.85176,0,0,0,0,0,55,0,0,95,78.075,-47.732,135.32,137.16,-83.854,63.183
-31.44,66.22,-20.05,0.85361,0,0,0,0,0,55,0,0,95,78.075,-47.732,135.32,137.16,-83.854,63.183
-31.44,66.22,-20.05,0.85578,0,0,0,0,0,55,0,0,95,78.075,-47.732,135.32,137.16,-83.854,63.183
-31.44,66.22,-20.05,0.85912,0,0,0,0,0,55,0,0,95,78.075,-47.732,135.32,137.16,-83.854,63.183
-31.44,66.22,-20.05,0.86156,0,0,0,0,0,55,0,0,95,78.075,-47.732,135.32,137.16,-83.854,63.183
-31.2,65.98,-20.29,0.86396,0,0,0,0,0,55,0,0,95,78.129,-47.317,135.71,137.88,-83.503,64.148
-31.2,65.98,-20.29,0.86689,0,0,0,0,0,55,0,0,95,78.129,-47.317,135.71,137.88,-83.503,64.148
-31.2,65.98,-20.29,0.86876,0,0,0,0,0,55,0,0,95,78.129,-47.317,135.71,137.88,-83.503,64.148
-31.2,65.98,-20.29,0.87166,0,0,0,0,0,55,0,0,95,78.129,-47.317,135.71,137.88,-83.503,64.148
-31.2,65.98,-20.29,0.87469,0,0,0,0,0,55,0,0,95,78.129,-47.317,135.71,137.88,-83.503,64.148
-31.2,65.98,-20.29,0.87758,0,0,0,0,0,55,0,0,95,78.129,-47.317,135.71,137.88,-83.503,64.148
-30.72,65.74,-21.01,0.89576,0,0,0,0,0,55,0,0,95,78.376,-46.573,136.09,139.45,-82.865,65.711
-30.24,65.74,-21.01,0.89936,0,0,0,0,0,55,0,0,95,78.763,-45.915,136.09,140.14,-81.694,65.711
-30.24,65.74,-21.01,0.90221,0,0,0,0,0,55,0,0,95,78.763,-45.915,136.09,140.14,-81.694,65.711
-30.24,65.74,-21.01,0.90509,0,0,0,0,0,55,0,0,95,78.763,-45.915,136.09,140.14,-81.694,65.711
-30.24,65.74,-21.01,0.90868,0,0,0,0,0,55,0,0,95,78.763,-45.915,136.09,140.14,-81.694,65.711
-30.24,65.74,-21.01,0.91117,0,0,0,0,0,55,0,0,95,78.763,-45.915,136.09,140.14,-81.694,65.711
-30,65.74,-21.25,0.91328,0,0,0,0,0,55,0,0,95,78.955,-45.585,136.09,140.73,-81.253,66.009
-30,65.74,-21.25,0.91591,0,0,0,0,0,55,0,0,95,78.955,-45.585,136.09,140.73,-81.253,66.009
-30,65.74,-21.25,0.91851,0,0,0,0,0,55,0,0,95,78.955,-45.585,136.09,140.73,-81.253,66.009
-30,65.74,-21.25,0.92085,0,0,0,0,0,55,0,0,95,78.955,-45.585,136.09,140.73,-81.253,66.009
-30,65.74,-21.25,0.92412,0,0,0,0,0,55,0,0,95,78.955,-45.585,136.09,140.73,-81.253,66.009
-29.76,65.26,-21.97,0.92735,0,0,0,0,0,55,0,0,95,78.843,-45.081,136.85,142.03,-81.211,68.281
-29.76,65.26,-21.97,0.92962,0,0,0,0,0,55,0,0,95,78.843,-45.081,136.85,142.03,-81.211,68.281
-29.76,65.26,-21.97,0.93188,0,0,0,0,0,55,0,0,95,78.843,-45.081,136.85,142.03,-81.211,68.281
-29.76,65.26,-21.97,0.93427,0,0,0,0,0,55,0,0,95,78.843,-45.081,136.85,142.03,-81.211,68.281
-29.76,65.26,-21.97,0.93671,0,0,0,0,0,55,0,0,95,78.843,-45.081,136.85,142.03,-81.211,68.281
-29.76,65.26,-21.97,0.93931,0,0,0,0,0,55,0,0,95,78.843,-45.081,136.85,142.03,-81.211,68.281
-29.76,65.26,-21.97,0.94276,0,0,0,0,0,55,0,0,95,78.843,-45.081,136.85,142.03,-81.211,68.281
-29.76,65.26,-21.97,0.94533,0,0,0,0,0,55,0,0,95,78.843,-45.081,136.85,142.03,-81.211,68.281
-29.52,65.02,-22.21,0.94722,0,0,0,0,0,55,0,0,95,78.878,-44.664,137.23,142.72,-80.811,69.273
-29.52,65.02,-22.21,0.9492,0,0,0,0,0,55,0,0,95,78.878,-44.664,137.23,142.72,-80.811,69.273
-29.52,65.02,-22.21,0.95151,0,0,0,0,0,55,0,0,95,78.878,-44.664,137.23,142.72,-80.811,69.273
-29.52,65.02,-22.21,0.95359,0,0,0,0,0,55,0,0,95,78.878,-44.664,137.23,142.72,-80.811,69.273
-29.52,65.02,-22.21,0.95643,0,0,0,0,0,55,0,0,95,78.878,-44.664,137.23,142.72,-80.811,69.273
-29.52,65.02,-22.21,0.9591,0,0,0,0,0,55,0,0,95,78.878,-44.664,137.23,142.72,-80.811,69.273
-29.28,65.02,-22.45,0.96124,0,0,0,0,0,55,0,0,95,79.065,-44.333,137.23,143.3,-80.351,69.581
-29.28,65.02,-22.45,0.96317,0,0,0,0,0,55,0,0,95,79.065,-44.333,137.23,143.3,-80.351,69.581
-29.28,65.02,-22.45,0.96518,0,0,0,0,0,55,0,0,95,79.065,-44.333,137.23,143.3,-80.351,69.581
-29.28,65.02,-22.45,0.96731,0,0,0,0,0,55,0,0,95,79.065,-44.333,137.23,143.3,-80.351,69.581
-29.28,65.02,-22.45,0.96945,0,0,0,0,0,55,0,0,95,79.065,-44.333,137.23,143.3,-80.351,69.581
-29.28,65.02,-22.45,0.97191,0,0,0,0,0,55,0,0,95,79.065,-44.333,137.23,143.3,-80.351,69.581
-29.28,65.02,-22.45,0.97461,0,0,0,0,0,55,0,0,95,79.065,-44.333,137.23,143.3,-80.351,69.581
-29.04,65.02,-22.93,0.9774,0,0,0,0,0,55,0,0,95,79.25,-44.001,137.23,144.13,-80.024,70.2
-29.04,65.02,-22.93,0.97933,0,0,0,0,0,55,0,0,95,79.25,-44.001,137.23,144.13,-80.024,70.2
-29.04,65.02,-22.93,0.98156,0,0,0,0,0,55,0,0,95,79.25,-44.001,137.23,144.13,-80.024,70.2
-29.04,65.02,-22.93,0.98339,0,0,0,0,0,55,0,0,95,79.25,-44.001,137.23,144.13,-80.024,70.2
-29.04,65.02,-22.93,0.98535,0,0,0,0,0,55,0,0,95,79.25,-44.001,137.23,144.13,-80.024,70.2
-29.04,65.02,-22.93,0.98744,0,0,0,0,0,55,0,0,95,79.25,-44.001,137.23,144.13,-80.024,70.2
-29.04,65.02,-22.93,0.99016,0,0,0,0,0,55,0,0,95,79.25,-44.001,137.23,144.13,-80.024,70.2
-28.32,65.02,-23.17,0.99241,0,0,0,0,0,55,0,0,95,79.796,-43.002,137.23,145.37,-78.339,70.512
-28.32,65.02,-23.17,0.99493,0,0,0,0,0,55,0,0,95,79.796,-43.002,137.23,145.37,-78.339,70.512
-28.32,65.02,-23.17,0.99679,0,0,0,0,0,55,0,0,95,79.796,-43.002,137.23,145.37,-78.339,70.512
-28.32,65.02,-23.17,0.99855,0,0,0,0,0,55,0,0,95,79.796,-43.002,137.23,145.37,-78.339,70.512
-28.32,65.02,-23.17,1.0004,0,0,0,0,0,55,0,0,95,79.796,-43.002,137.23,145.37,-78.339,70.512
-28.32,65.02,-23.17,1.002,0,0,0,0,0,55,0,0,95,79.796,-43.002,137.23,145.37,-78.339,70.512
-28.32,65.02,-23.17,1.0042,0,0,0,0,0,55,0,0,95,79.796,-43.002,137.23,145.37,-78.339,70.512
-28.32,65.02,-23.17,1.0076,0,0,0,0,0,55,0,0,95,79.796,-43.002,137.23,145.37,-78.339,70.512
-27.84,64.78,-23.17,1.0098,0,0,0,0,0,55,0,0,95,79.997,-42.249,137.61,146.11,-77.166,71.204
-27.84,64.78,-23.17,1.0117,0,0,0,0,0,55,0,0,95,79.997,-42.249,137.61,146.11,-77.166,71.204
-27.84,64.78,-23.17,1.0137,0,0,0,0,0,55,0,0,95,79.997,-42.249,137.61,146.11,-77.166,71.204
-27.84,64.78,-23.17,1.016,0,0,0,0,0,55,0,0,95,79.997,-42.249,137.61,146.11,-77.166,71.204
-27.84,64.78,-23.17,1.0182,0,0,0,0,0,55,0,0,95,79.997,-42.249,137.61,146.11,-77.166,71.204
-27.84,64.78,-23.17,1.0204,0,0,0,0,0,55,0,0,95,79.997,-42.249,137.61,146.11,-77.166,71.204
-27.84,64.78,-23.17,1.0231,0,0,0,0,0,55,0,0,95,79.997,-42.249,137.61,146.11,-77.166,71.204
-27.36,64.54,-23.41,1.025,0,0,0,0,0,55,0,0,95,80.189,-41.495,137.99,147.08,-76.111,72.211
-27.36,64.54,-23.41,1.0275,0,0,0,0,0,55,0,0,95,80.189,-41.495,137.99,147.08,-76.111,72.211
-27.36,64.54,-23.41,1.0293,0,0,0,0,0,55,0,0,95,80.189,-41.495,137.99,147.08,-76.111,72.211
-27.36,64.54,-23.41,1.0313,0,0,0,0,0,55,0,0,95,80.189,-41.495,137.99,147.08,-76.111,72.211
-27.36,64.54,-23.41,1.0332,0,0,0,0,0,55,0,0,95,80.189,-41.495,137.99,147.08,-76.111,72.211
-27.36,64.54,-23.41,1.0351,0,0,0,0,0,55,0,0,95,80.189,-41.495,137.99,147.08,-76.111,72.211
-27.36,64.54,-23.41,1.0374,0,0,0,0,0,55,0,0,95,80.189,-41.495,137.99,147.08,-76.111,72.211
-27.36,64.54,-23.41,1.0403,0,0,0,0,0,55,0,0,95,80.189,-41.495,137.99,147.08,-76.111,72.211
-27.36,64.3,-23.41,1.0424,0,0,0,0,0,55,0,0,95,80.028,-41.412,138.37,147.17,-76.154,72.905
-27.36,64.3,-23.41,1.0443,0,0,0,0,0,55,0,0,95,80.028,-41.412,138.37,147.17,-76.154,72.905
-27.36,64.3,-23.41,1.046,0,0,0,0,0,55,0,0,95,80.028,-41.412,138.37,147.17,-76.154,72.905
-27.36,64.3,-23.41,1.0481,0,0,0,0,0,55,0,0,95,80.028,-41.412,138.37,147.17,-76.154,72.905
-27.36,64.3,-23.41,1.0501,0,0,0,0,0,55,0,0,95,80.028,-41.412,138.37,147.17,-76.154,72.905
-27.36,64.3,-23.41,1.0523,0,0,0,0,0,55,0,0,95,80.028,-41.412,138.37,147.17,-76.154,72.905
-27.36,64.3,-23.41,1.0545,0,0,0,0,0,55,0,0,95,80.028,-41.412,138.37,147.17,-76.154,72.905
-27.12,64.3,-24.37,1.0572,0,0,0,0,0,55,0,0,95,80.201,-41.076,138.37,148.45,-76.032,74.181
-27.12,64.3,-24.37,1.06,0,0,0,0,0,55,0,0,95,80.201,-41.076,138.37,148.45,-76.032,74.181
-27.12,64.3,-24.37,1.0619,0,0,0,0,0,55,0,0,95,80.201,-41.076,138.37,148.45,-76.032,74.181
-27.12,64.3,-24.37,1.0635,0,0,0,0,0,55,0,0,95,80.201,-41.076,138.37,148.45,-76.032,74.181
-27.12,64.3,-24.37,1.0656,0,0,0,0,0,55,0,0,95,80.201,-41.076,138.37,148.45,-76.032,74.181
-27.12,64.3,-24.37,1.0675,0,0,0,0,0,55,0,0,95,80.201,-41.076,138.37,148.45,-76.032,74.181
-27.12,64.3,-24.37,1.071,0,0,0,0,0,55,0,0,95,80.201,-41.076,138.37,148.45,-76.032,74.181
-26.64,64.06,-24.61,1.0734,0,0,0,0,0,55,0,0,95,80.379,-40.321,138.74,149.4,-74.944,75.203
-26.64,64.06,-24.61,1.0753,0,0,0,0,0,55,0,0,95,80.379,-40.321,138.74,149.4,-74.944,75.203
-26.64,64.06,-24.61,1.0772,0,0,0,0,0,55,0,0,95,80.379,-40.321,138.74,149.4,-74.944,75.203
-26.64,64.06,-24.61,1.0789,0,0,0,0,0,55,0,0,95,80.379,-40.321,138.74,149.4,-74.944,75.203
-26.64,64.06,-24.61,1.0806,0,0,0,0,0,55,0,0,95,80.379,-40.321,138.74,149.4,-74.944,75.203
-26.64,64.06,-24.61,1.0827,0,0,0,0,0,55,0,0,95,80.379,-40.321,138.74,149.4,-74.944,75.203
-26.64,64.06,-24.61,1.0858,0,0,0,0,0,55,0,0,95,80.379,-40.321,138.74,149.4,-74.944,75.203
-26.64,64.06,-24.61,1.0883,0,0,0,0,0,55,0,0,95,80.379,-40.321,138.74,149.4,-74.944,75.203
-26.4,63.82,-25.09,1.0901,0,0,0,0,0,55,0,0,95,80.382,-39.902,139.12,150.26,-74.588,76.554
-26.4,63.82,-25.09,1.092,0,0,0,0,0,55,0,0,95,80.382,-39.902,139.12,150.26,-74.588,76.554
-26.4,63.82,-25.09,1.0938,0,0,0,0,0,55,0,0,95,80.382,-39.902,139.12,150.26,-74.588,76.554
-26.4,63.82,-25.09,1.0954,0,0,0,0,0,55,0,0,95,80.382,-39.902,139.12,150.26,-74.588,76.554
-26.4,63.82,-25.09,1.0971,0,0,0,0,0,55,0,0,95,80.382,-39.902,139.12,150.26,-74.588,76.554
-26.4,63.82,-25.09,1.099,0,0,0,0,0,55,0,0,95,80.382,-39.902,139.12,150.26,-74.588,76.554
-26.4,63.82,-25.09,1.1016,0,0,0,0,0,55,0,0,95,80.382,-39.902,139.12,150.26,-74.588,76.554
-26.4,63.82,-25.09,1.1042,0,0,0,0,0,55,0,0,95,80.382,-39.902,139.12,150.26,-74.588,76.554
-26.16,63.82,-25.57,1.1067,0,0,0,0,0,55,0,0,95,80.549,-39.565,139.12,151.04,-74.188,77.21
-26.16,63.82,-25.57,1.1083,0,0,0,0,0,55,0,0,95,80.549,-39.565,139.12,151.04,-74.188,77.21
-26.16,63.82,-25.57,1.11,0,0,0,0,0,55,0,0,95,80.549,-39.565,139.12,151.04,-74.188,77.21
-26.16,63.82,-25.57,1.1117,0,0,0,0,0,55,0,0,95,80.549,-39.565,139.12,151.04,-74.188,77.21
-26.16,63.82,-25.57,1.1133,0,0,0,0,0,55,0,0,95,80.549,-39.565,139.12,151.04,-74.188,77.21
-26.16,63.82,-25.57,1.1147,0,0,0,0,0,55,0,0,95,80.549,-39.565,139.12,151.04,-74.188,77.21
-26.16,63.82,-25.57,1.1169,0,0,0,0,0,55,0,0,95,80.549,-39.565,139.12,151.04,-74.188,77.21
-26.16,63.82,-25.57,1.1197,0,0,0,0,0,55,0,0,95,80.549,-39.565,139.12,151.04,-74.188,77.21
-25.92,63.34,-25.81,1.1219,0,0,0,0,0,55,0,0,95,80.378,-39.064,139.87,151.7,-73.729,78.952
-25.92,63.34,-25.81,1.1247,0,0,0,0,0,55,0,0,95,80.378,-39.064,139.87,151.7,-73.729,78.952
-25.92,63.34,-25.81,1.1273,0,0,0,0,0,55,0,0,95,80.378,-39.064,139.87,151.7,-73.729,78.952
-25.92,63.34,-25.81,1.1293,0,0,0,0,0,55,0,0,95,80.378,-39.064,139.87,151.7,-73.729,78.952
-25.92,63.34,-25.81,1.1318,0,0,0,0,0,55,0,0,95,80.378,-39.064,139.87,151.7,-73.729,78.952
-25.92,63.34,-25.81,1.1353,0,0,0,0,0,55,0,0,95,80.378,-39.064,139.87,151.7,-73.729,78.952
-25.44,63.1,-25.81,1.1384,0,0,0,0,0,55,0,0,95,80.532,-38.309,140.24,152.38,-72.484,79.659
-25.44,63.1,-25.81,1.1411,0,0,0,0,0,55,0,0,95,80.532,-38.309,140.24,152.38,-72.484,79.659
-25.44,63.1,-25.81,1.1433,0,0,0,0,0,55,0,0,95,80.532,-38.309,140.24,152.38,-72.484,79.659
-25.44,63.1,-25.81,1.1452,0,0,0,0,0,55,0,0,95,80.532,-38.309,140.24,152.38,-72.484,79.659
-25.44,63.1,-25.81,1.1478,0,0,0,0,0,55,0,0,95,80.532,-38.309,140.24,152.38,-72.484,79.659
-25.44,63.1,-25.81,1.1507,0,0,0,0,0,55,0,0,95,80.532,-38.309,140.24,152.38,-72.484,79.659
-24.96,62.86,-26.29,1.1543,0,0,0,0,0,55,0,0,95,80.678,-37.552,140.62,153.49,-71.443,81.036
-24.96,62.86,-26.29,1.1565,0,0,0,0,0,55,0,0,95,80.678,-37.552,140.62,153.49,-71.443,81.036
-24.96,62.86,-26.29,1.1582,0,0,0,0,0,55,0,0,95,80.678,-37.552,140.62,153.49,-71.443,81.036
-24.96,62.86,-26.29,1.1606,0,0,0,0,0,55,0,0,95,80.678,-37.552,140.62,153.49,-71.443,81.036
-24.96,62.86,-26.29,1.1624,0,0,0,0,0,55,0,0,95,80.678,-37.552,140.62,153.49,-71.443,81.036
-24.96,62.86,-26.29,1.1647,0,0,0,0,0,55,0,0,95,80.678,-37.552,140.62,153.49,-71.443,81.036
-24.96,62.86,-26.29,1.1667,0,0,0,0,0,55,0,0,95,80.678,-37.552,140.62,153.49,-71.443,81.036
-24.72,62.86,-26.77,1.1688,0,0,0,0,0,55,0,0,95,80.835,-37.214,140.62,154.24,-71.007,81.711
-24.72,62.86,-26.77,1.1712,0,0,0,0,0,55,0,0,95,80.835,-37.214,140.62,154.24,-71.007,81.711
-24.72,62.86,-26.77,1.1743,0,0,0,0,0,55,0,0,95,80.835,-37.214,140.62,154.24,-71.007,81.711
-24.72,62.86,-26.77,1.1766,0,0,0,0,0,55,0,0,95,80.835,-37.214,140.62,154.24,-71.007,81.711
-24.72,62.86,-26.77,1.1786,0,0,0,0,0,55,0,0,95,80.835,-37.214,140.62,154.24,-71.007,81.711
-24.72,62.86,-26.77,1.1801,0,0,0,0,0,55,0,0,95,80.835,-37.214,140.62,154.24,-71.007,81.711
-24.72,62.86,-26.77,1.1828,0,0,0,0,0,55,0,0,95,80.835,-37.214,140.62,154.24,-71.007,81.711
-24.48,62.62,-27.01,1.1858,0,0,0,0,0,55,0,0,95,80.815,-36.796,140.99,154.81,-70.484,82.763
-24.48,62.62,-27.01,1.1886,0,0,0,0,0,55,0,0,95,80.815,-36.796,140.99,154.81,-70.484,82.763
-24.48,62.62,-27.01,1.1909,0,0,0,0,0,55,0,0,95,80.815,-36.796,140.99,154.81,-70.484,82.763
-24.48,62.62,-27.01,1.1928,0,0,0,0,0,55,0,0,95,80.815,-36.796,140.99,154.81,-70.484,82.763
-24.48,62.62,-27.01,1.1947,0,0,0,0,0,55,0,0,95,80.815,-36.796,140.99,154.81,-70.484,82.763
-24.48,62.62,-27.01,1.1965,0,0,0,0,0,55,0,0,95,80.815,-36.796,140.99,154.81,-70.484,82.763
-24.48,62.62,-27.01,1.1991,0,0,0,0,0,55,0,0,95,80.815,-36.796,140.99,154.81,-70.484,82.763
-24,62.62,-27.49,1.2017,0,0,0,0,0,55,0,0,95,81.121,-36.117,140.99,155.83,-69.382,83.446
-24,62.62,-27.49,1.2043,0,0,0,0,0,55,0,0,95,81.121,-36.117,140.99,155.83,-69.382,83.446
-24,62.62,-27.49,1.2067,0,0,0,0,0,55,0,0,95,81.121,-36.117,140.99,155.83,-69.382,83.446
-24,62.62,-27.49,1.2088,0,0,0,0,0,55,0,0,95,81.121,-36.117,140.99,155.83,-69.382,83.446
-24,62.62,-27.49,1.2108,0,0,0,0,0,55,0,0,95,81.121,-36.117,140.99,155.83,-69.382,83.446
-24,62.62,-27.49,1.2126,0,0,0,0,0,55,0,0,95,81.121,-36.117,140.99,155.83,-69.382,83.446
-24,62.62,-27.49,1.2148,0,0,0,0,0,55,0,0,95,81.121,-36.117,140.99,155.83,-69.382,83.446
-23.52,62.62,-27.97,1.2169,0,0,0,0,0,55,0,0,95,81.42,-35.436,140.99,156.85,-68.265,84.133
-23.52,62.62,-27.97,1.2193,0,0,0,0,0,55,0,0,95,81.42,-35.436,140.99,156.85,-68.265,84.133
-23.52,62.62,-27.97,1.2216,0,0,0,0,0,55,0,0,95,81.42,-35.436,140.99,156.85,-68.265,84.133
-23.52,62.62,-27.97,1.2239,0,0,0,0,0,55,0,0,95,81.42,-35.436,140.99,156.85,-68.265,84.133
-23.52,62.62,-27.97,1.2259,0,0,0,0,0,55,0,0,95,81.42,-35.436,140.99,156.85,-68.265,84.133
-23.52,62.62,-27.97,1.2282,0,0,0,0,0,55,0,0,95,81.42,-35.436,140.99,156.85,-68.265,84.133
-23.52,62.62,-27.97,1.2301,0,0,0,0,0,55,0,0,95,81.42,-35.436,140.99,156.85,-68.265,84.133
-23.52,62.62,-27.97,1.2323,0,0,0,0,0,55,0,0,95,81.42,-35.436,140.99,156.85,-68.265,84.133
-23.28,62.38,-28.21,1.2351,0,0,0,0,0,55,0,0,95,81.39,-35.019,141.36,157.39,-67.718,85.196
-23.28,62.38,-28.21,1.2378,0,0,0,0,0,55,0,0,95,81.39,-35.019,141.36,157.39,-67.718,85.196
-23.28,62.38,-28.21,1.2398,0,0,0,0,0,55,0,0,95,81.39,-35.019,141.36,157.39,-67.718,85.196
-23.28,62.38,-28.21,1.2419,0,0,0,0,0,55,0,0,95,81.39,-35.019,141.36,157.39,-67.718,85.196
-23.28,62.38,-28.21,1.2441,0,0,0,0,0,55,0,0,95,81.39,-35.019,141.36,157.39,-67.718,85.196
-23.28,62.38,-28.21,1.2462,0,0,0,0,0,55,0,0,95,81.39,-35.019,141.36,157.39,-67.718,85.196
-23.28,62.38,-28.21,1.2486,0,0,0,0,0,55,0,0,95,81.39,-35.019,141.36,157.39,-67.718,85.196
-23.28,61.9,-28.45,1.2514,0,0,0,0,0,55,0,0,95,81.031,-34.864,142.1,157.67,-67.84,86.98
-23.28,61.9,-28.45,1.254,0,0,0,0,0,55,0,0,95,81.031,-34.864,142.1,157.67,-67.84,86.98
-23.28,61.9,-28.45,1.2561,0,0,0,0,0,55,0,0,95,81.031,-34.864,142.1,157.67,-67.84,86.98
-23.28,61.9,-28.45,1.2581,0,0,0,0,0,55,0,0,95,81.031,-34.864,142.1,157.67,-67.84,86.98
-23.28,61.9,-28.45,1.2599,0,0,0,0,0,55,0,0,95,81.031,-34.864,142.1,157.67,-67.84,86.98
-23.28,61.9,-28.45,1.2617,0,0,0,0,0,55,0,0,95,81.031,-34.864,142.1,157.67,-67.84,86.98
-23.28,61.9,-28.45,1.2646,0,0,0,0,0,55,0,0,95,81.031,-34.864,142.1,157.67,-67.84,86.98
-23.76,61.9,-28.69,1.2675,0,0,0,0,0,55,0,0,95,80.736,-35.541,142.1,157.31,-69.251,87.33
-23.76,61.9,-28.69,1.2699,0,0,0,0,0,55,0,0,95,80.736,-35.541,142.1,157.31,-69.251,87.33
-23.76,61.9,-28.69,1.2717,0,0,0,0,0,55,0,0,95,80.736,-35.541,142.1,157.31,-69.251,87.33
-23.76,61.9,-28.69,1.2737,0,0,0,0,0,55,0,0,95,80.736,-35.541,142.1,157.31,-69.251,87.33
-23.76,61.9,-28.69,1.2758,0,0,0,0,0,55,0,0,95,80.736,-35.541,142.1,157.31,-69.251,87.33
-23.76,61.9,-28.69,1.2776,0,0,0,0,0,55,0,0,95,80.736,-35.541,142.1,157.31,-69.251,87.33
-23.76,61.9,-28.69,1.2798,0,0,0,0,0,55,0,0,95,80.736,-35.541,142.1,157.31,-69.251,87.33
-22.8,61.42,-29.41,1.2827,0,0,0,0,0,55,0,0,95,80.953,-34.03,142.84,159.12,-66.889,89.832
-22.8,61.42,-29.41,1.2854,0,0,0,0,0,55,0,0,95,80.953,-34.03,142.84,159.12,-66.889,89.832
-22.8,61.42,-29.41,1.2878,0,0,0,0,0,55,0,0,95,80.953,-34.03,142.84,159.12,-66.889,89.832
-22.8,61.42,-29.41,1.2898,0,0,0,0,0,55,0,0,95,80.953,-34.03,142.84,159.12,-66.889,89.832
-22.8,61.42,-29.41,1.292,0,0,0,0,0,55,0,0,95,80.953,-34.03,142.84,159.12,-66.889,89.832
-22.8,61.42,-29.41,1.2941,0,0,0,0,0,55,0,0,95,80.953,-34.03,142.84,159.12,-66.889,89.832
-22.8,61.42,-29.41,1.2966,0,0,0,0,0,55,0,0,95,80.953,-34.03,142.84,159.12,-66.889,89.832
-22.08,60.94,-29.89,1.2991,0,0,0,0,0,55,0,0,95,81,-32.858,143.57,160.39,-65.062,91.994
-22.08,60.94,-29.89,1.3017,0,0,0,0,0,55,0,0,95,81,-32.858,143.57,160.39,-65.062,91.994
-22.08,60.94,-29.89,1.3039,0,0,0,0,0,55,0,0,95,81,-32.858,143.57,160.39,-65.062,91.994
-22.08,60.94,-29.89,1.306,0,0,0,0,0,55,0,0,95,81,-32.858,143.57,160.39,-65.062,91.994
-22.08,60.94,-29.89,1.3081,0,0,0,0,0,55,0,0,95,81,-32.858,143.57,160.39,-65.062,91.994
-22.08,60.94,-29.89,1.3101,0,0,0,0,0,55,0,0,95,81,-32.858,143.57,160.39,-65.062,91.994
-22.08,60.94,-29.89,1.3125,0,0,0,0,0,55,0,0,95,81,-32.858,143.57,160.39,-65.062,91.994
-22.08,60.7,-30.13,1.3152,0,0,0,0,0,55,0,0,95,80.811,-32.781,143.94,160.6,-65.147,93.079
-22.08,60.7,-30.13,1.3176,0,0,0,0,0,55,0,0,95,80.811,-32.781,143.94,160.6,-65.147,93.079
-22.08,60.7,-30.13,1.3192,0,0,0,0,0,55,0,0,95,80.811,-32.781,143.94,160.6,-65.147,93.079
-22.08,60.7,-30.13,1.3209,0,0,0,0,0,55,0,0,95,80.811,-32.781,143.94,160.6,-65.147,93.079
-22.08,60.7,-30.13,1.3227,0,0,0,0,0,55,0,0,95,80.811,-32.781,143.94,160.6,-65.147,93.079
-22.08,60.7,-30.13,1.3243,0,0,0,0,0,55,0,0,95,80.811,-32.781,143.94,160.6,-65.147,93.079
-22.08,60.7,-30.13,1.326,0,0,0,0,0,55,0,0,95,80.811,-32.781,143.94,160.6,-65.147,93.079
-22.08,60.7,-30.13,1.3284,0,0,0,0,0,55,0,0,95,80.811,-32.781,143.94,160.6,-65.147,93.079
-22.08,60.22,-30.85,1.331,0,0,0,0,0,55,0,0,95,80.428,-32.626,144.67,161.18,-65.385,95.622
-22.08,60.22,-30.85,1.3331,0,0,0,0,0,55,0,0,95,80.428,-32.626,144.67,161.18,-65.385,95.622
-22.08,60.22,-30.85,1.3351,0,0,0,0,0,55,0,0,95,80.428,-32.626,144.67,161.18,-65.385,95.622
-22.08,60.22,-30.85,1.3368,0,0,0,0,0,55,0,0,95,80.428,-32.626,144.67,161.18,-65.385,95.622
-22.08,60.22,-30.85,1.3385,0,0,0,0,0,55,0,0,95,80.428,-32.626,144.67,161.18,-65.385,95.622
-22.08,60.22,-30.85,1.3405,0,0,0,0,0,55,0,0,95,80.428,-32.626,144.67,161.18,-65.385,95.622
-22.08,60.22,-30.85,1.3424,0,0,0,0,0,55,0,0,95,80.428,-32.626,144.67,161.18,-65.385,95.622
-22.08,60.22,-30.85,1.3442,0,0,0,0,0,55,0,0,95,80.428,-32.626,144.67,161.18,-65.385,95.622
-21.84,60.22,-31.09,1.3469,0,0,0,0,0,55,0,0,95,80.564,-32.289,144.67,161.65,-64.785,95.988
-21.84,60.22,-31.09,1.352,0,0,0,0,0,55,0,0,95,80.564,-32.289,144.67,161.65,-64.785,95.988
-21.84,60.22,-31.09,1.3631,0,0,0,0,0,55,0,0,95,80.564,-32.289,144.67,161.65,-64.785,95.988
-21.36,59.98,-31.33,1.3728,0,0,0,0,0,55,0,0,95,80.638,-31.537,145.03,162.37,-63.5,97.084
-21.36,59.98,-31.33,1.3801,0,0,0,0,0,55,0,0,95,80.638,-31.537,145.03,162.37,-63.5,97.084
-20.64,59.74,-31.57,1.3856,0,0,0,0,0,55,0,0,95,80.831,-30.447,145.39,163.33,-61.521,98.184
-20.64,59.74,-31.57,1.3893,0,0,0,0,0,55,0,0,95,80.831,-30.447,145.39,163.33,-61.521,98.184
-20.64,59.74,-31.57,1.3918,0,0,0,0,0,55,0,0,95,80.831,-30.447,145.39,163.33,-61.521,98.184
-20.64,59.74,-32.05,1.394,0,0,0,0,0,55,0,0,95,80.831,-30.447,145.39,163.69,-61.659,98.924
-20.64,59.74,-32.05,1.3958,0,0,0,0,0,55,0,0,95,80.831,-30.447,145.39,163.69,-61.659,98.924
-20.64,59.74,-32.05,1.3976,0,0,0,0,0,55,0,0,95,80.831,-30.447,145.39,163.69,-61.659,98.924
-20.64,59.74,-32.05,1.3995,0,0,0,0,0,55,0,0,95,80.831,-30.447,145.39,163.69,-61.659,98.924
-20.64,59.74,-32.05,1.4017,0,0,0,0,0,55,0,0,95,80.831,-30.447,145.39,163.69,-61.659,98.924
-20.64,59.74,-32.05,1.4041,0,0,0,0,0,55,0,0,95,80.831,-30.447,145.39,163.69,-61.659,98.924
-20.64,59.74,-32.05,1.4061,0,0,0,0,0,55,0,0,95,80.831,-30.447,145.39,163.69,-61.659,98.924
-20.64,59.74,-32.05,1.4079,0,0,0,0,0,55,0,0,95,80.831,-30.447,145.39,163.69,-61.659,98.924
-20.16,59.74,-32.29,1.4097,0,0,0,0,0,55,0,0,95,81.083,-29.768,145.39,164.39,-60.353,99.295
-20.16,59.74,-32.29,1.4114,0,0,0,0,0,55,0,0,95,81.083,-29.768,145.39,164.39,-60.353,99.295
-20.16,59.74,-32.29,1.413,0,0,0,0,0,55,0,0,95,81.083,-29.768,145.39,164.39,-60.353,99.295
-20.16,59.74,-32.29,1.4149,0,0,0,0,0,55,0,0,95,81.083,-29.768,145.39,164.39,-60.353,99.295
-20.16,59.74,-32.29,1.4223,0,0,0,0,0,55,0,0,95,81.083,-29.768,145.39,164.39,-60.353,99.295
-19.68,59.74,-32.77,1.434,0,0,0,0,0,55,0,0,95,81.329,-29.088,145.39,165.25,-59.102,100.04
-19.68,59.74,-32.77,1.4431,0,0,0,0,0,55,0,0,95,81.329,-29.088,145.39,165.25,-59.102,100.04
-19.44,59.74,-33.25,1.4509,0,0,0,0,0,55,0,0,95,81.451,-28.747,145.39,165.85,-58.535,100.79
-19.44,59.74,-33.25,1.454,0,0,0,0,0,55,0,0,95,81.451,-28.747,145.39,165.85,-58.535,100.79
-19.44,59.74,-33.25,1.4568,0,0,0,0,0,55,0,0,95,81.451,-28.747,145.39,165.85,-58.535,100.79
-17.52,59.5,-33.49,1.4592,0,0,0,0,0,55,0,0,95,82.166,-25.938,145.75,167.87,-52.993,101.9
-17.52,59.5,-33.49,1.4618,0,0,0,0,0,55,0,0,95,82.166,-25.938,145.75,167.87,-52.993,101.9
-17.52,59.5,-33.49,1.464,0,0,0,0,0,55,0,0,95,82.166,-25.938,145.75,167.87,-52.993,101.9
-17.52,59.5,-33.49,1.466,0,0,0,0,0,55,0,0,95,82.166,-25.938,145.75,167.87,-52.993,101.9
-17.52,59.5,-33.49,1.4676,0,0,0,0,0,55,0,0,95,82.166,-25.938,145.75,167.87,-52.993,101.9
-17.52,59.5,-33.49,1.4692,0,0,0,0,0,55,0,0,95,82.166,-25.938,145.75,167.87,-52.993,101.9
-17.52,59.5,-33.49,1.4707,0,0,0,0,0,55,0,0,95,82.166,-25.938,145.75,167.87,-52.993,101.9
-17.52,59.5,-33.49,1.4728,0,0,0,0,0,55,0,0,95,82.166,-25.938,145.75,167.87,-52.993,101.9
-18.48,59.5,-33.49,1.4748,0,0,0,0,0,55,0,0,95,81.72,-27.311,145.75,166.96,-55.798,101.9
-18.48,59.5,-33.49,1.4775,0,0,0,0,0,55,0,0,95,81.72,-27.311,145.75,166.96,-55.798,101.9
-18.48,59.5,-33.49,1.4795,0,0,0,0,0,55,0,0,95,81.72,-27.311,145.75,166.96,-55.798,101.9
-18.48,59.5,-33.49,1.4812,0,0,0,0,0,55,0,0,95,81.72,-27.311,145.75,166.96,-55.798,101.9
-18.48,59.5,-33.49,1.4829,0,0,0,0,0,55,0,0,95,81.72,-27.311,145.75,166.96,-55.798,101.9
-18.48,59.5,-33.49,1.4842,0,0,0,0,0,55,0,0,95,81.72,-27.311,145.75,166.96,-55.798,101.9
-18.48,59.5,-33.49,1.4858,0,0,0,0,0,55,0,0,95,81.72,-27.311,145.75,166.96,-55.798,101.9
-18.48,59.5,-33.49,1.4876,0,0,0,0,0,55,0,0,95,81.72,-27.311,145.75,166.96,-55.798,101.9
-18.24,59.26,-33.97,1.4896,0,0,0,0,0,55,0,0,95,81.631,-26.902,146.11,167.5,-55.202,103.39
-18.24,59.26,-33.97,1.4919,0,0,0,0,0,55,0,0,95,81.631,-26.902,146.11,167.5,-55.202,103.39
-18.24,59.26,-33.97,1.4942,0,0,0,0,0,55,0,0,95,81.631,-26.902,146.11,167.5,-55.202,103.39
-18.24,59.26,-33.97,1.4965,0,0,0,0,0,55,0,0,95,81.631,-26.902,146.11,167.5,-55.202,103.39
-18.24,59.26,-33.97,1.4989,0,0,0,0,0,55,0,0,95,81.631,-26.902,146.11,167.5,-55.202,103.39
-18.24,59.26,-33.97,1.5008,0,0,0,0,0,55,0,0,95,81.631,-26.902,146.11,167.5,-55.202,103.39
-18.24,59.26,-33.97,1.5025,0,0,0,0,0,55,0,0,95,81.631,-26.902,146.11,167.5,-55.202,103.39
-18.24,59.26,-33.97,1.5042,0,0,0,0,0,55,0,0,95,81.631,-26.902,146.11,167.5,-55.202,103.39
-17.76,59.02,-34.21,1.5063,0,0,0,0,0,55,0,0,95,81.649,-26.152,146.47,168.09,-53.839,104.51
-17.76,59.02,-34.21,1.5091,0,0,0,0,0,55,0,0,95,81.649,-26.152,146.47,168.09,-53.839,104.51
-17.76,59.02,-34.21,1.5111,0,0,0,0,0,55,0,0,95,81.649,-26.152,146.47,168.09,-53.839,104.51
-17.76,59.02,-34.21,1.513,0,0,0,0,0,55,0,0,95,81.649,-26.152,146.47,168.09,-53.839,104.51
-17.76,59.02,-34.21,1.5151,0,0,0,0,0,55,0,0,95,81.649,-26.152,146.47,168.09,-53.839,104.51
-17.76,59.02,-34.21,1.5171,0,0,0,0,0,55,0,0,95,81.649,-26.152,146.47,168.09,-53.839,104.51
-17.76,59.02,-34.21,1.519,0,0,0,0,0,55,0,0,95,81.649,-26.152,146.47,168.09,-53.839,104.51
-17.76,58.78,-34.93,1.521,0,0,0,0,0,55,0,0,95,81.443,-26.086,146.83,168.54,-53.984,106.4
-17.76,58.78,-34.93,1.5232,0,0,0,0,0,55,0,0,95,81.443,-26.086,146.83,168.54,-53.984,106.4
-17.76,58.78,-34.93,1.5259,0,0,0,0,0,55,0,0,95,81.443,-26.086,146.83,168.54,-53.984,106.4
-17.76,58.78,-34.93,1.5277,0,0,0,0,0,55,0,0,95,81.443,-26.086,146.83,168.54,-53.984,106.4
-17.76,58.78,-34.93,1.5295,0,0,0,0,0,55,0,0,95,81.443,-26.086,146.83,168.54,-53.984,106.4
-17.76,58.78,-34.93,1.5312,0,0,0,0,0,55,0,0,95,81.443,-26.086,146.83,168.54,-53.984,106.4
-17.76,58.78,-34.93,1.5328,0,0,0,0,0,55,0,0,95,81.443,-26.086,146.83,168.54,-53.984,106.4
-17.76,58.78,-34.93,1.5345,0,0,0,0,0,55,0,0,95,81.443,-26.086,146.83,168.54,-53.984,106.4
-17.76,58.78,-34.93,1.5362,0,0,0,0,0,55,0,0,95,81.443,-26.086,146.83,168.54,-53.984,106.4
-17.28,58.78,-35.65,1.5388,0,0,0,0,0,55,0,0,95,81.658,-25.403,146.83,169.47,-52.719,107.55
-17.28,58.78,-35.65,1.5406,0,0,0,0,0,55,0,0,95,81.658,-25.403,146.83,169.47,-52.719,107.55
-17.28,58.78,-35.65,1.5429,0,0,0,0,0,55,0,0,95,81.658,-25.403,146.83,169.47,-52.719,107.55
-17.28,58.78,-35.65,1.5449,0,0,0,0,0,55,0,0,95,81.658,-25.403,146.83,169.47,-52.719,107.55
-17.28,58.78,-35.65,1.5468,0,0,0,0,0,55,0,0,95,81.658,-25.403,146.83,169.47,-52.719,107.55
-17.28,58.78,-35.65,1.5486,0,0,0,0,0,55,0,0,95,81.658,-25.403,146.83,169.47,-52.719,107.55
-17.28,58.78,-35.65,1.5508,0,0,0,0,0,55,0,0,95,81.658,-25.403,146.83,169.47,-52.719,107.55
-17.28,58.78,-35.65,1.5525,0,0,0,0,0,55,0,0,95,81.658,-25.403,146.83,169.47,-52.719,107.55
-17.28,58.54,-35.65,1.5542,0,0,0,0,0,55,0,0,95,81.45,-25.338,147.19,169.42,-52.703,108.29
-17.28,58.54,-35.65,1.5562,0,0,0,0,0,55,0,0,95,81.45,-25.338,147.19,169.42,-52.703,108.29
-17.28,58.54,-35.65,1.5581,0,0,0,0,0,55,0,0,95,81.45,-25.338,147.19,169.42,-52.703,108.29
-17.28,58.54,-35.65,1.5606,0,0,0,0,0,55,0,0,95,81.45,-25.338,147.19,169.42,-52.703,108.29
-17.28,58.54,-35.65,1.5624,0,0,0,0,0,55,0,0,95,81.45,-25.338,147.19,169.42,-52.703,108.29
-17.28,58.54,-35.65,1.5641,0,0,0,0,0,55,0,0,95,81.45,-25.338,147.19,169.42,-52.703,108.29
-17.28,58.54,-35.65,1.5657,0,0,0,0,0,55,0,0,95,81.45,-25.338,147.19,169.42,-52.703,108.29
-17.28,58.54,-35.65,1.5673,0,0,0,0,0,55,0,0,95,81.45,-25.338,147.19,169.42,-52.703,108.29
-16.8,58.06,-35.89,1.5693,0,0,0,0,0,55,0,0,95,81.238,-24.527,147.9,169.89,-51.294,110.17
-16.8,58.06,-35.89,1.5738,0,0,0,0,0,55,0,0,95,81.238,-24.527,147.9,169.89,-51.294,110.17
-16.8,58.06,-35.89,1.5846,0,0,0,0,0,55,0,0,95,81.238,-24.527,147.9,169.89,-51.294,110.17
-16.8,58.06,-35.89,1.5929,0,0,0,0,0,55,0,0,95,81.238,-24.527,147.9,169.89,-51.294,110.17
-16.56,57.82,-36.13,1.6011,0,0,0,0,0,55,0,0,95,81.127,-24.123,148.26,170.19,-50.607,111.3
-16.08,57.82,-36.37,1.6048,0,0,0,0,0,55,0,0,95,81.327,-23.443,148.26,170.76,-49.222,111.69
-16.08,57.82,-36.37,1.6071,0,0,0,0,0,55,0,0,95,81.327,-23.443,148.26,170.76,-49.222,111.69
-16.08,57.82,-36.37,1.6095,0,0,0,0,0,55,0,0,95,81.327,-23.443,148.26,170.76,-49.222,111.69
-16.08,57.82,-36.37,1.6114,0,0,0,0,0,55,0,0,95,81.327,-23.443,148.26,170.76,-49.222,111.69
-16.08,57.82,-36.37,1.6136,0,0,0,0,0,55,0,0,95,81.327,-23.443,148.26,170.76,-49.222,111.69
-16.08,57.82,-36.37,1.6156,0,0,0,0,0,55,0,0,95,81.327,-23.443,148.26,170.76,-49.222,111.69
-15.84,57.82,-36.61,1.6173,0,0,0,0,0,55,0,0,95,81.424,-23.102,148.26,171.11,-48.548,112.08
-15.84,57.82,-36.61,1.6188,0,0,0,0,0,55,0,0,95,81.424,-23.102,148.26,171.11,-48.548,112.08
-15.84,57.82,-36.61,1.6206,0,0,0,0,0,55,0,0,95,81.424,-23.102,148.26,171.11,-48.548,112.08
-15.84,57.82,-36.61,1.6231,0,0,0,0,0,55,0,0,95,81.424,-23.102,148.26,171.11,-48.548,112.08
-15.84,57.82,-36.61,1.6253,0,0,0,0,0,55,0,0,95,81.424,-23.102,148.26,171.11,-48.548,112.08
-15.84,57.82,-36.61,1.6276,0,0,0,0,0,55,0,0,95,81.424,-23.102,148.26,171.11,-48.548,112.08
-15.84,57.82,-36.61,1.6292,0,0,0,0,0,55,0,0,95,81.424,-23.102,148.26,171.11,-48.548,112.08
-15.84,57.82,-36.61,1.631,0,0,0,0,0,55,0,0,95,81.424,-23.102,148.26,171.11,-48.548,112.08
-15.84,57.82,-36.61,1.6325,0,0,0,0,0,55,0,0,95,81.424,-23.102,148.26,171.11,-48.548,112.08
-15.6,57.82,-37.09,1.6342,0,0,0,0,0,55,0,0,95,81.52,-22.761,148.26,171.6,-47.912,112.86
-15.6,57.82,-37.09,1.6358,0,0,0,0,0,55,0,0,95,81.52,-22.761,148.26,171.6,-47.912,112.86
-15.6,57.82,-37.09,1.6374,0,0,0,0,0,55,0,0,95,81.52,-22.761,148.26,171.6,-47.912,112.86
-15.6,57.82,-37.09,1.6389,0,0,0,0,0,55,0,0,95,81.52,-22.761,148.26,171.6,-47.912,112.86
-15.6,57.82,-37.09,1.6407,0,0,0,0,0,55,0,0,95,81.52,-22.761,148.26,171.6,-47.912,112.86
-15.6,57.82,-37.09,1.6428,0,0,0,0,0,55,0,0,95,81.52,-22.761,148.26,171.6,-47.912,112.86
-15.6,57.82,-37.09,1.6449,0,0,0,0,0,55,0,0,95,81.52,-22.761,148.26,171.6,-47.912,112.86
-15.6,57.82,-37.09,1.6468,0,0,0,0,0,55,0,0,95,81.52,-22.761,148.26,171.6,-47.912,112.86
-15.6,57.82,-37.09,1.6485,0,0,0,0,0,55,0,0,95,81.52,-22.761,148.26,171.6,-47.912,112.86
-15.6,57.82,-37.09,1.6505,0,0,0,0,0,55,0,0,95,81.52,-22.761,148.26,171.6,-47.912,112.86
-15.12,57.82,-37.81,1.6522,0,0,0,0,0,55,0,0,95,81.708,-22.077,148.26,172.42,-46.587,114.04
-15.12,57.82,-37.81,1.6541,0,0,0,0,0,55,0,0,95,81.708,-22.077,148.26,172.42,-46.587,114.04
-15.12,57.82,-37.81,1.6556,0,0,0,0,0,55,0,0,95,81.708,-22.077,148.26,172.42,-46.587,114.04
-15.12,57.82,-37.81,1.6577,0,0,0,0,0,55,0,0,95,81.708,-22.077,148.26,172.42,-46.587,114.04
-15.12,57.82,-37.81,1.6598,0,0,0,0,0,55,0,0,95,81.708,-22.077,148.26,172.42,-46.587,114.04
-15.12,57.82,-37.81,1.662,0,0,0,0,0,55,0,0,95,81.708,-22.077,148.26,172.42,-46.587,114.04
-15.12,57.82,-37.81,1.6641,0,0,0,0,0,55,0,0,95,81.708,-22.077,148.26,172.42,-46.587,114.04
-14.64,57.58,-38.05,1.6656,0,0,0,0,0,55,0,0,95,81.673,-21.335,148.61,172.86,-45.156,115.18
-14.64,57.58,-38.05,1.667,0,0,0,0,0,55,0,0,95,81.673,-21.335,148.61,172.86,-45.156,115.18
-14.64,57.58,-38.05,1.6685,0,0,0,0,0,55,0,0,95,81.673,-21.335,148.61,172.86,-45.156,115.18
-14.64,57.58,-38.05,1.6705,0,0,0,0,0,55,0,0,95,81.673,-21.335,148.61,172.86,-45.156,115.18
-14.64,57.58,-38.05,1.6721,0,0,0,0,0,55,0,0,95,81.673,-21.335,148.61,172.86,-45.156,115.18
-14.64,57.58,-38.05,1.6746,0,0,0,0,0,55,0,0,95,81.673,-21.335,148.61,172.86,-45.156,115.18
-14.64,57.58,-38.05,1.6767,0,0,0,0,0,55,0,0,95,81.673,-21.335,148.61,172.86,-45.156,115.18
-14.64,57.58,-38.05,1.6788,0,0,0,0,0,55,0,0,95,81.673,-21.335,148.61,172.86,-45.156,115.18
-14.64,57.58,-38.05,1.6802,0,0,0,0,0,55,0,0,95,81.673,-21.335,148.61,172.86,-45.156,115.18
-13.44,57.1,-39.01,1.682,0,0,0,0,0,55,0,0,95,81.663,-19.515,149.32,174.12,-41.609,118.27
-13.44,57.1,-39.01,1.6837,0,0,0,0,0,55,0,0,95,81.663,-19.515,149.32,174.12,-41.609,118.27
-13.44,57.1,-39.01,1.6856,0,0,0,0,0,55,0,0,95,81.663,-19.515,149.32,174.12,-41.609,118.27
-13.44,57.1,-39.01,1.6876,0,0,0,0,0,55,0,0,95,81.663,-19.515,149.32,174.12,-41.609,118.27
-13.44,57.1,-39.01,1.6898,0,0,0,0,0,55,0,0,95,81.663,-19.515,149.32,174.12,-41.609,118.27
-13.44,57.1,-39.01,1.6918,0,0,0,0,0,55,0,0,95,81.663,-19.515,149.32,174.12,-41.609,118.27
-13.44,57.1,-39.01,1.6939,0,0,0,0,0,55,0,0,95,81.663,-19.515,149.32,174.12,-41.609,118.27
-13.44,57.1,-39.01,1.6952,0,0,0,0,0,55,0,0,95,81.663,-19.515,149.32,174.12,-41.609,118.27
-13.44,57.1,-39.01,1.6965,0,0,0,0,0,55,0,0,95,81.663,-19.515,149.32,174.12,-41.609,118.27
-14.64,57.1,-38.77,1.6983,0,0,0,0,0,55,0,0,95,81.236,-21.221,149.32,173.08,-45.213,117.87
-14.64,57.1,-38.77,1.6996,0,0,0,0,0,55,0,0,95,81.236,-21.221,149.32,173.08,-45.213,117.87
-14.64,57.1,-38.77,1.7014,0,0,0,0,0,55,0,0,95,81.236,-21.221,149.32,173.08,-45.213,117.87
-14.64,57.1,-38.77,1.7032,0,0,0,0,0,55,0,0,95,81.236,-21.221,149.32,173.08,-45.213,117.87
-14.64,57.1,-38.77,1.705,0,0,0,0,0,55,0,0,95,81.236,-21.221,149.32,173.08,-45.213,117.87
-14.64,57.1,-38.77,1.7066,0,0,0,0,0,55,0,0,95,81.236,-21.221,149.32,173.08,-45.213,117.87
-14.64,57.1,-38.77,1.709,0,0,0,0,0,55,0,0,95,81.236,-21.221,149.32,173.08,-45.213,117.87
-14.64,57.1,-38.77,1.7129,0,0,0,0,0,55,0,0,95,81.236,-21.221,149.32,173.08,-45.213,117.87
-13.92,56.86,-39.01,1.7146,0,0,0,0,0,55,0,0,95,81.275,-20.144,149.67,173.67,-43.042,119.02
-13.92,56.86,-39.01,1.716,0,0,0,0,0,55,0,0,95,81.275,-20.144,149.67,173.67,-43.042,119.02
-13.92,56.86,-39.01,1.7179,0,0,0,0,0,55,0,0,95,81.275,-20.144,149.67,173.67,-43.042,119.02
-13.92,56.86,-39.01,1.7195,0,0,0,0,0,55,0,0,95,81.275,-20.144,149.67,173.67,-43.042,119.02
-13.92,56.86,-39.01,1.721,0,0,0,0,0,55,0,0,95,81.275,-20.144,149.67,173.67,-43.042,119.02
-13.92,56.86,-39.01,1.7233,0,0,0,0,0,55,0,0,95,81.275,-20.144,149.67,173.67,-43.042,119.02
-13.92,56.86,-39.01,1.7254,0,0,0,0,0,55,0,0,95,81.275,-20.144,149.67,173.67,-43.042,119.02
-13.92,56.86,-39.01,1.7272,0,0,0,0,0,55,0,0,95,81.275,-20.144,149.67,173.67,-43.042,119.02
-13.92,56.86,-39.01,1.7286,0,0,0,0,0,55,0,0,95,81.275,-20.144,149.67,173.67,-43.042,119.02
-12.96,56.86,-39.25,1.7298,0,0,0,0,0,55,0,0,95,81.601,-18.779,149.67,174.49,-40.155,119.42
-12.96,56.86,-39.25,1.7311,0,0,0,0,0,55,0,0,95,81.601,-18.779,149.67,174.49,-40.155,119.42
-12.96,56.86,-39.25,1.7325,0,0,0,0,0,55,0,0,95,81.601,-18.779,149.67,174.49,-40.155,119.42
-12.96,56.86,-39.25,1.7337,0,0,0,0,0,55,0,0,95,81.601,-18.779,149.67,174.49,-40.155,119.42
-12.96,56.86,-39.25,1.7349,0,0,0,0,0,55,0,0,95,81.601,-18.779,149.67,174.49,-40.155,119.42
-12.96,56.86,-39.25,1.7366,0,0,0,0,0,55,0,0,95,81.601,-18.779,149.67,174.49,-40.155,119.42
-12.96,56.86,-39.25,1.7386,0,0,0,0,0,55,0,0,95,81.601,-18.779,149.67,174.49,-40.155,119.42
-12.96,56.86,-39.25,1.7398,0,0,0,0,0,55,0,0,95,81.601,-18.779,149.67,174.49,-40.155,119.42
-12.96,56.86,-39.25,1.7414,0,0,0,0,0,55,0,0,95,81.601,-18.779,149.67,174.49,-40.155,119.42
-12.96,56.86,-39.25,1.7434,0,0,0,0,0,55,0,0,95,81.601,-18.779,149.67,174.49,-40.155,119.42
-12.72,56.62,-39.25,1.7447,0,0,0,0,0,55,0,0,95,81.455,-18.386,150.02,174.55,-39.401,120.16
-12.72,56.62,-39.25,1.7459,0,0,0,0,0,55,0,0,95,81.455,-18.386,150.02,174.55,-39.401,120.16
-12.72,56.62,-39.25,1.7474,0,0,0,0,0,55,0,0,95,81.455,-18.386,150.02,174.55,-39.401,120.16
-12.72,56.62,-39.25,1.7491,0,0,0,0,0,55,0,0,95,81.455,-18.386,150.02,174.55,-39.401,120.16
-12.72,56.62,-39.25,1.7506,0,0,0,0,0,55,0,0,95,81.455,-18.386,150.02,174.55,-39.401,120.16
-12.72,56.62,-39.25,1.7522,0,0,0,0,0,55,0,0,95,81.455,-18.386,150.02,174.55,-39.401,120.16
-12.72,56.62,-39.25,1.7537,0,0,0,0,0,55,0,0,95,81.455,-18.386,150.02,174.55,-39.401,120.16
-12.72,56.62,-39.25,1.7557,0,0,0,0,0,55,0,0,95,81.455,-18.386,150.02,174.55,-39.401,120.16
-12.72,56.62,-39.25,1.7579,0,0,0,0,0,55,0,0,95,81.455,-18.386,150.02,174.55,-39.401,120.16
-12.72,56.62,-39.25,1.7594,0,0,0,0,0,55,0,0,95,81.455,-18.386,150.02,174.55,-39.401,120.16
-12.72,56.38,-39.49,1.7608,0,0,0,0,0,55,0,0,95,81.229,-18.336,150.37,174.57,-39.404,121.31
-12.72,56.38,-39.49,1.762,0,0,0,0,0,55,0,0,95,81.229,-18.336,150.37,174.57,-39.404,121.31
-12.72,56.38,-39.49,1.7632,0,0,0,0,0,55,0,0,95,81.229,-18.336,150.37,174.57,-39.404,121.31
-12.72,56.38,-39.49,1.7647,0,0,0,0,0,55,0,0,95,81.229,-18.336,150.37,174.57,-39.404,121.31
-12.72,56.38,-39.49,1.7663,0,0,0,0,0,55,0,0,95,81.229,-18.336,150.37,174.57,-39.404,121.31
-12.72,56.38,-39.49,1.7678,0,0,0,0,0,55,0,0,95,81.229,-18.336,150.37,174.57,-39.404,121.31
-12.72,56.38,-39.49,1.769,0,0,0,0,0,55,0,0,95,81.229,-18.336,150.37,174.57,-39.404,121.31
-12.72,56.38,-39.49,1.7705,0,0,0,0,0,55,0,0,95,81.229,-18.336,150.37,174.57,-39.404,121.31
-12.72,56.38,-39.49,1.7721,0,0,0,0,0,55,0,0,95,81.229,-18.336,150.37,174.57,-39.404,121.31
-12.72,56.38,-39.49,1.7742,0,0,0,0,0,55,0,0,95,81.229,-18.336,150.37,174.57,-39.404,121.31
-12.72,56.38,-39.49,1.7761,0,0,0,0,0,55,0,0,95,81.229,-18.336,150.37,174.57,-39.404,121.31
-12.24,55.9,-39.97,1.7777,0,0,0,0,0,55,0,0,95,80.924,-17.555,151.06,174.9,-37.942,123.62
-12.24,55.9,-39.97,1.7789,0,0,0,0,0,55,0,0,95,80.924,-17.555,151.06,174.9,-37.942,123.62
-12.24,55.9,-39.97,1.78,0,0,0,0,0,55,0,0,95,80.924,-17.555,151.06,174.9,-37.942,123.62
-12.24,55.9,-39.97,1.782,0,0,0,0,0,55,0,0,95,80.924,-17.555,151.06,174.9,-37.942,123.62
-12.24,55.9,-39.97,1.7832,0,0,0,0,0,55,0,0,95,80.924,-17.555,151.06,174.9,-37.942,123.62
-12.24,55.9,-39.97,1.7848,0,0,0,0,0,55,0,0,95,80.924,-17.555,151.06,174.9,-37.942,123.62
-12.24,55.9,-39.97,1.7861,0,0,0,0,0,55,0,0,95,80.924,-17.555,151.06,174.9,-37.942,123.62
-12.24,55.9,-39.97,1.7879,0,0,0,0,0,55,0,0,95,80.924,-17.555,151.06,174.9,-37.942,123.62
-12.24,55.9,-39.97,1.7897,0,0,0,0,0,55,0,0,95,80.924,-17.555,151.06,174.9,-37.942,123.62
-12.24,55.9,-39.97,1.7912,0,0,0,0,0,55,0,0,95,80.924,-17.555,151.06,174.9,-37.942,123.62
-12,55.9,-40.21,1.7933,0,0,0,0,0,55,0,0,95,80.997,-17.216,151.06,175.17,-37.233,124.02
-12,55.9,-40.21,1.7952,0,0,0,0,0,55,0,0,95,80.997,-17.216,151.06,175.17,-37.233,124.02
-12,55.9,-40.21,1.7969,0,0,0,0,0,55,0,0,95,80.997,-17.216,151.06,175.17,-37.233,124.02
-12,55.9,-40.21,1.7988,0,0,0,0,0,55,0,0,95,80.997,-17.216,151.06,175.17,-37.233,124.02
-12,55.9,-40.21,1.8001,0,0,0,0,0,55,0,0,95,80.997,-17.216,151.06,175.17,-37.233,124.02
-12,55.9,-40.21,1.8013,0,0,0,0,0,55,0,0,95,80.997,-17.216,151.06,175.17,-37.233,124.02
-12,55.9,-40.21,1.8025,0,0,0,0,0,55,0,0,95,80.997,-17.216,151.06,175.17,-37.233,124.02
-12,55.9,-40.21,1.8047,0,0,0,0,0,55,0,0,95,80.997,-17.216,151.06,175.17,-37.233,124.02
-12,55.9,-40.21,1.8061,0,0,0,0,0,55,0,0,95,80.997,-17.216,151.06,175.17,-37.233,124.02
-12,55.9,-40.21,1.8075,0,0,0,0,0,55,0,0,95,80.997,-17.216,151.06,175.17,-37.233,124.02
-12,55.9,-40.21,1.8092,0,0,0,0,0,55,0,0,95,80.997,-17.216,151.06,175.17,-37.233,124.02
-11.76,55.66,-40.45,1.8107,0,0,0,0,0,55,0,0,95,80.837,-16.829,151.41,175.31,-36.496,125.17
-11.76,55.66,-40.45,1.8123,0,0,0,0,0,55,0,0,95,80.837,-16.829,151.41,175.31,-36.496,125.17
-11.76,55.66,-40.45,1.8139,0,0,0,0,0,55,0,0,95,80.837,-16.829,151.41,175.31,-36.496,125.17
-11.76,55.66,-40.45,1.8156,0,0,0,0,0,55,0,0,95,80.837,-16.829,151.41,175.31,-36.496,125.17
-11.76,55.66,-40.45,1.8174,0,0,0,0,0,55,0,0,95,80.837,-16.829,151.41,175.31,-36.496,125.17
-11.76,55.66,-40.45,1.8186,0,0,0,0,0,55,0,0,95,80.837,-16.829,151.41,175.31,-36.496,125.17
-11.76,55.66,-40.45,1.8198,0,0,0,0,0,55,0,0,95,80.837,-16.829,151.41,175.31,-36.496,125.17
-11.76,55.66,-40.45,1.8219,0,0,0,0,0,55,0,0,95,80.837,-16.829,151.41,175.31,-36.496,125.17
-11.76,55.66,-40.45,1.8237,0,0,0,0,0,55,0,0,95,80.837,-16.829,151.41,175.31,-36.496,125.17
-11.52,55.18,-40.45,1.8259,0,0,0,0,0,55,0,0,95,80.441,-16.395,152.1,175.21,-35.71,126.67
-11.52,55.18,-40.45,1.8288,0,0,0,0,0,55,0,0,95,80.441,-16.395,152.1,175.21,-35.71,126.67
-11.52,55.18,-40.45,1.83,0,0,0,0,0,55,0,0,95,80.441,-16.395,152.1,175.21,-35.71,126.67
-11.52,55.18,-40.45,1.8318,0,0,0,0,0,55,0,0,95,80.441,-16.395,152.1,175.21,-35.71,126.67
-11.52,55.18,-40.45,1.8334,0,0,0,0,0,55,0,0,95,80.441,-16.395,152.1,175.21,-35.71,126.67
-11.52,55.18,-40.45,1.835,0,0,0,0,0,55,0,0,95,80.441,-16.395,152.1,175.21,-35.71,126.67
-11.52,55.18,-40.45,1.8374,0,0,0,0,0,55,0,0,95,80.441,-16.395,152.1,175.21,-35.71,126.67
-11.52,55.18,-40.45,1.8398,0,0,0,0,0,55,0,0,95,80.441,-16.395,152.1,175.21,-35.71,126.67
-11.52,54.7,-41.41,1.8414,0,0,0,0,0,55,0,0,95,79.97,-16.299,152.79,175.33,-35.735,129.8
-11.52,54.7,-41.41,1.8432,0,0,0,0,0,55,0,0,95,79.97,-16.299,152.79,175.33,-35.735,129.8
-11.52,54.7,-41.41,1.8446,0,0,0,0,0,55,0,0,95,79.97,-16.299,152.79,175.33,-35.735,129.8
-11.52,54.7,-41.41,1.846,0,0,0,0,0,55,0,0,95,79.97,-16.299,152.79,175.33,-35.735,129.8
-11.52,54.7,-41.41,1.8481,0,0,0,0,0,55,0,0,95,79.97,-16.299,152.79,175.33,-35.735,129.8
-11.52,54.7,-41.41,1.8497,0,0,0,0,0,55,0,0,95,79.97,-16.299,152.79,175.33,-35.735,129.8
-11.52,54.7,-41.41,1.8509,0,0,0,0,0,55,0,0,95,79.97,-16.299,152.79,175.33,-35.735,129.8
-11.52,54.7,-41.41,1.8523,0,0,0,0,0,55,0,0,95,79.97,-16.299,152.79,175.33,-35.735,129.8
-11.52,54.7,-41.41,1.8544,0,0,0,0,0,55,0,0,95,79.97,-16.299,152.79,175.33,-35.735,129.8
-11.52,54.7,-41.41,1.8567,0,0,0,0,0,55,0,0,95,79.97,-16.299,152.79,175.33,-35.735,129.8
-10.56,56.38,-41.89,1.8583,0,0,0,0,0,55,0,0,95,81.862,-15.261,150.37,177.04,-33.005,125.35
-10.56,56.38,-41.89,1.8601,0,0,0,0,0,55,0,0,95,81.862,-15.261,150.37,177.04,-33.005,125.35
-10.56,56.38,-41.89,1.8618,0,0,0,0,0,55,0,0,95,81.862,-15.261,150.37,177.04,-33.005,125.35
-10.56,56.38,-41.89,1.8631,0,0,0,0,0,55,0,0,95,81.862,-15.261,150.37,177.04,-33.005,125.35
-10.56,56.38,-41.89,1.8646,0,0,0,0,0,55,0,0,95,81.862,-15.261,150.37,177.04,-33.005,125.35
-10.56,56.38,-41.89,1.8658,0,0,0,0,0,55,0,0,95,81.862,-15.261,150.37,177.04,-33.005,125.35
-10.56,56.38,-41.89,1.8674,0,0,0,0,0,55,0,0,95,81.862,-15.261,150.37,177.04,-33.005,125.35
-10.56,56.38,-41.89,1.8696,0,0,0,0,0,55,0,0,95,81.862,-15.261,150.37,177.04,-33.005,125.35
-10.56,56.38,-41.89,1.8725,0,0,0,0,0,55,0,0,95,81.862,-15.261,150.37,177.04,-33.005,125.35
-10.08,54.7,-41.89,1.8747,0,0,0,0,0,55,0,0,95,80.354,-14.284,152.79,176.36,-31.351,130.61
-10.08,54.7,-41.89,1.8765,0,0,0,0,0,55,0,0,95,80.354,-14.284,152.79,176.36,-31.351,130.61
-10.08,54.7,-41.89,1.8784,0,0,0,0,0,55,0,0,95,80.354,-14.284,152.79,176.36,-31.351,130.61
-10.08,54.7,-41.89,1.8806,0,0,0,0,0,55,0,0,95,80.354,-14.284,152.79,176.36,-31.351,130.61
-10.08,54.7,-41.89,1.8822,0,0,0,0,0,55,0,0,95,80.354,-14.284,152.79,176.36,-31.351,130.61
-10.08,54.7,-41.89,1.8836,0,0,0,0,0,55,0,0,95,80.354,-14.284,152.79,176.36,-31.351,130.61
-10.08,54.7,-41.89,1.8856,0,0,0,0,0,55,0,0,95,80.354,-14.284,152.79,176.36,-31.351,130.61
-10.08,54.7,-41.89,1.8881,0,0,0,0,0,55,0,0,95,80.354,-14.284,152.79,176.36,-31.351,130.61
-9.6,54.46,-42.13,1.8897,0,0,0,0,0,55,0,0,95,80.231,-13.57,153.13,176.56,-29.862,131.77
-9.6,54.46,-42.13,1.8912,0,0,0,0,0,55,0,0,95,80.231,-13.57,153.13,176.56,-29.862,131.77
-9.6,54.46,-42.13,1.8924,0,0,0,0,0,55,0,0,95,80.231,-13.57,153.13,176.56,-29.862,131.77
-9.6,54.46,-42.13,1.8944,0,0,0,0,0,55,0,0,95,80.231,-13.57,153.13,176.56,-29.862,131.77
-9.6,54.46,-42.13,1.8959,0,0,0,0,0,55,0,0,95,80.231,-13.57,153.13,176.56,-29.862,131.77
-9.6,54.46,-42.13,1.8974,0,0,0,0,0,55,0,0,95,80.231,-13.57,153.13,176.56,-29.862,131.77
-9.6,54.46,-42.13,1.8988,0,0,0,0,0,55,0,0,95,80.231,-13.57,153.13,176.56,-29.862,131.77
-9.6,54.46,-42.13,1.9003,0,0,0,0,0,55,0,0,95,80.231,-13.57,153.13,176.56,-29.862,131.77
-9.6,54.46,-42.13,1.9018,0,0,0,0,0,55,0,0,95,80.231,-13.57,153.13,176.56,-29.862,131.77
-9.6,54.46,-42.13,1.9039,0,0,0,0,0,55,0,0,95,80.231,-13.57,153.13,176.56,-29.862,131.77
-9.6,54.22,-42.61,1.9069,0,0,0,0,0,55,0,0,95,79.991,-13.529,153.47,176.57,-29.865,133.34
-9.6,54.22,-42.61,1.9091,0,0,0,0,0,55,0,0,95,79.991,-13.529,153.47,176.57,-29.865,133.34
-9.6,54.22,-42.61,1.9104,0,0,0,0,0,55,0,0,95,79.991,-13.529,153.47,176.57,-29.865,133.34
-9.6,54.22,-42.61,1.9115,0,0,0,0,0,55,0,0,95,79.991,-13.529,153.47,176.57,-29.865,133.34
-9.6,54.22,-42.61,1.9132,0,0,0,0,0,55,0,0,95,79.991,-13.529,153.47,176.57,-29.865,133.34
-9.6,54.22,-42.61,1.9147,0,0,0,0,0,55,0,0,95,79.991,-13.529,153.47,176.57,-29.865,133.34
-9.6,54.22,-42.61,1.916,0,0,0,0,0,55,0,0,95,79.991,-13.529,153.47,176.57,-29.865,133.34
-9.6,54.22,-42.61,1.9175,0,0,0,0,0,55,0,0,95,79.991,-13.529,153.47,176.57,-29.865,133.34
-9.6,54.22,-42.61,1.9194,0,0,0,0,0,55,0,0,95,79.991,-13.529,153.47,176.57,-29.865,133.34
-9.36,54.22,-43.09,1.9211,0,0,0,0,0,55,0,0,95,80.047,-13.194,153.47,176.86,-29.152,134.16
-9.36,54.22,-43.09,1.9235,0,0,0,0,0,55,0,0,95,80.047,-13.194,153.47,176.86,-29.152,134.16
-9.36,54.22,-43.09,1.9255,0,0,0,0,0,55,0,0,95,80.047,-13.194,153.47,176.86,-29.152,134.16
-9.36,54.22,-43.09,1.9269,0,0,0,0,0,55,0,0,95,80.047,-13.194,153.47,176.86,-29.152,134.16
-9.36,54.22,-43.09,1.9279,0,0,0,0,0,55,0,0,95,80.047,-13.194,153.47,176.86,-29.152,134.16
-9.36,54.22,-43.09,1.9289,0,0,0,0,0,55,0,0,95,80.047,-13.194,153.47,176.86,-29.152,134.16
-9.36,54.22,-43.09,1.9303,0,0,0,0,0,55,0,0,95,80.047,-13.194,153.47,176.86,-29.152,134.16
-9.36,54.22,-43.09,1.9318,0,0,0,0,0,55,0,0,95,80.047,-13.194,153.47,176.86,-29.152,134.16
-9.36,54.22,-43.09,1.9334,0,0,0,0,0,55,0,0,95,80.047,-13.194,153.47,176.86,-29.152,134.16
-9.36,54.22,-43.09,1.9356,0,0,0,0,0,55,0,0,95,80.047,-13.194,153.47,176.86,-29.152,134.16
-8.88,54.22,-43.33,1.9379,0,0,0,0,0,55,0,0,95,80.154,-12.523,153.47,177.18,-27.682,134.58
-8.88,54.22,-43.33,1.9395,0,0,0,0,0,55,0,0,95,80.154,-12.523,153.47,177.18,-27.682,134.58
-8.88,54.22,-43.33,1.9416,0,0,0,0,0,55,0,0,95,80.154,-12.523,153.47,177.18,-27.682,134.58
-8.88,54.22,-43.33,1.9427,0,0,0,0,0,55,0,0,95,80.154,-12.523,153.47,177.18,-27.682,134.58
-8.88,54.22,-43.33,1.9438,0,0,0,0,0,55,0,0,95,80.154,-12.523,153.47,177.18,-27.682,134.58
-8.88,54.22,-43.33,1.9453,0,0,0,0,0,55,0,0,95,80.154,-12.523,153.47,177.18,-27.682,134.58
-8.88,54.22,-43.33,1.9465,0,0,0,0,0,55,0,0,95,80.154,-12.523,153.47,177.18,-27.682,134.58
-8.88,54.22,-43.33,1.9481,0,0,0,0,0,55,0,0,95,80.154,-12.523,153.47,177.18,-27.682,134.58
-8.88,54.22,-43.33,1.9499,0,0,0,0,0,55,0,0,95,80.154,-12.523,153.47,177.18,-27.682,134.58
-8.88,54.22,-43.33,1.9528,0,0,0,0,0,55,0,0,95,80.154,-12.523,153.47,177.18,-27.682,134.58
-8.88,53.98,-44.05,1.9552,0,0,0,0,0,55,0,0,95,79.912,-12.485,153.81,177.23,-27.691,136.56
-8.88,53.98,-44.05,1.9571,0,0,0,0,0,55,0,0,95,79.912,-12.485,153.81,177.23,-27.691,136.56
-8.88,53.98,-44.05,1.9584,0,0,0,0,0,55,0,0,95,79.912,-12.485,153.81,177.23,-27.691,136.56
-8.88,53.98,-44.05,1.9597,0,0,0,0,0,55,0,0,95,79.912,-12.485,153.81,177.23,-27.691,136.56
-8.88,53.98,-44.05,1.961,0,0,0,0,0,55,0,0,95,79.912,-12.485,153.81,177.23,-27.691,136.56
-8.88,53.98,-44.05,1.9623,0,0,0,0,0,55,0,0,95,79.912,-12.485,153.81,177.23,-27.691,136.56
-8.88,53.98,-44.05,1.9635,0,0,0,0,0,55,0,0,95,79.912,-12.485,153.81,177.23,-27.691,136.56
-8.88,53.98,-44.05,1.9652,0,0,0,0,0,55,0,0,95,79.912,-12.485,153.81,177.23,-27.691,136.56
-8.88,53.98,-44.05,1.9673,0,0,0,0,0,55,0,0,95,79.912,-12.485,153.81,177.23,-27.691,136.56
-8.88,53.98,-44.05,1.9691,0,0,0,0,0,55,0,0,95,79.912,-12.485,153.81,177.23,-27.691,136.56
-9.12,53.5,-44.53,1.9714,0,0,0,0,0,55,0,0,95,79.369,-12.741,154.48,176.9,-28.398,138.89
-9.12,53.5,-44.53,1.9737,0,0,0,0,0,55,0,0,95,79.369,-12.741,154.48,176.9,-28.398,138.89
-9.12,53.5,-44.53,1.9753,0,0,0,0,0,55,0,0,95,79.369,-12.741,154.48,176.9,-28.398,138.89
-9.12,53.5,-44.53,1.9768,0,0,0,0,0,55,0,0,95,79.369,-12.741,154.48,176.9,-28.398,138.89
-9.12,53.5,-44.53,1.9784,0,0,0,0,0,55,0,0,95,79.369,-12.741,154.48,176.9,-28.398,138.89
-9.12,53.5,-44.53,1.9802,0,0,0,0,0,55,0,0,95,79.369,-12.741,154.48,176.9,-28.398,138.89
-9.12,53.5,-44.53,1.9829,0,0,0,0,0,55,0,0,95,79.369,-12.741,154.48,176.9,-28.398,138.89
-9.12,53.5,-44.53,1.9849,0,0,0,0,0,55,0,0,95,79.369,-12.741,154.48,176.9,-28.398,138.89
-8.64,53.26,-44.53,1.9876,0,0,0,0,0,55,0,0,95,79.226,-12.038,154.82,176.95,-26.887,139.64
-8.64,53.26,-44.53,1.9895,0,0,0,0,0,55,0,0,95,79.226,-12.038,154.82,176.95,-26.887,139.64
-8.64,53.26,-44.53,1.9911,0,0,0,0,0,55,0,0,95,79.226,-12.038,154.82,176.95,-26.887,139.64
-8.64,53.26,-44.53,1.9929,0,0,0,0,0,55,0,0,95,79.226,-12.038,154.82,176.95,-26.887,139.64
-8.64,53.26,-44.53,1.9945,0,0,0,0,0,55,0,0,95,79.226,-12.038,154.82,176.95,-26.887,139.64
-8.64,53.26,-44.53,1.9961,0,0,0,0,0,55,0,0,95,79.226,-12.038,154.82,176.95,-26.887,139.64
-8.64,53.26,-44.53,1.9984,0,0,0,0,0,55,0,0,95,79.226,-12.038,154.82,176.95,-26.887,139.64
-8.64,53.26,-44.53,2.001,0,0,0,0,0,55,0,0,95,79.226,-12.038,154.82,176.95,-26.887,139.64
-7.68,53.02,-45.01,2.0028,0,0,0,0,0,55,0,0,95,79.168,-10.676,155.15,177.3,-23.909,141.22
-7.68,53.02,-45.01,2.0045,0,0,0,0,0,55,0,0,95,79.168,-10.676,155.15,177.3,-23.909,141.22
-7.68,53.02,-45.01,2.0059,0,0,0,0,0,55,0,0,95,79.168,-10.676,155.15,177.3,-23.909,141.22
-7.68,53.02,-45.01,2.0074,0,0,0,0,0,55,0,0,95,79.168,-10.676,155.15,177.3,-23.909,141.22
-7.68,53.02,-45.01,2.0086,0,0,0,0,0,55,0,0,95,79.168,-10.676,155.15,177.3,-23.909,141.22
-7.68,53.02,-45.01,2.0101,0,0,0,0,0,55,0,0,95,79.168,-10.676,155.15,177.3,-23.909,141.22
-7.68,53.02,-45.01,2.0115,0,0,0,0,0,55,0,0,95,79.168,-10.676,155.15,177.3,-23.909,141.22
-7.68,53.02,-45.01,2.0129,0,0,0,0,0,55,0,0,95,79.168,-10.676,155.15,177.3,-23.909,141.22
-7.68,53.02,-45.01,2.0152,0,0,0,0,0,55,0,0,95,79.168,-10.676,155.15,177.3,-23.909,141.22
-7.44,53.02,-45.49,2.0176,0,0,0,0,0,55,0,0,95,79.212,-10.344,155.15,177.52,-23.181,142.05
-7.44,53.02,-45.49,2.0197,0,0,0,0,0,55,0,0,95,79.212,-10.344,155.15,177.52,-23.181,142.05
-7.44,53.02,-45.49,2.0214,0,0,0,0,0,55,0,0,95,79.212,-10.344,155.15,177.52,-23.181,142.05
-7.44,53.02,-45.49,2.0232,0,0,0,0,0,55,0,0,95,79.212,-10.344,155.15,177.52,-23.181,142.05
-7.44,53.02,-45.49,2.0248,0,0,0,0,0,55,0,0,95,79.212,-10.344,155.15,177.52,-23.181,142.05
-7.44,53.02,-45.49,2.0263,0,0,0,0,0,55,0,0,95,79.212,-10.344,155.15,177.52,-23.181,142.05
-7.44,53.02,-45.49,2.0279,0,0,0,0,0,55,0,0,95,79.212,-10.344,155.15,177.52,-23.181,142.05
-7.44,53.02,-45.49,2.0297,0,0,0,0,0,55,0,0,95,79.212,-10.344,155.15,177.52,-23.181,142.05
-7.44,53.02,-45.49,2.032,0,0,0,0,0,55,0,0,95,79.212,-10.344,155.15,177.52,-23.181,142.05
-6.96,52.54,-45.97,2.0341,0,0,0,0,0,55,0,0,95,78.793,-9.6187,155.82,177.4,-21.657,144.38
-6.96,52.54,-45.97,2.0359,0,0,0,0,0,55,0,0,95,78.793,-9.6187,155.82,177.4,-21.657,144.38
-6.96,52.54,-45.97,2.0374,0,0,0,0,0,55,0,0,95,78.793,-9.6187,155.82,177.4,-21.657,144.38
-6.96,52.54,-45.97,2.0388,0,0,0,0,0,55,0,0,95,78.793,-9.6187,155.82,177.4,-21.657,144.38
-6.96,52.54,-45.97,2.0403,0,0,0,0,0,55,0,0,95,78.793,-9.6187,155.82,177.4,-21.657,144.38
-6.96,52.54,-45.97,2.042,0,0,0,0,0,55,0,0,95,78.793,-9.6187,155.82,177.4,-21.657,144.38
-6.96,52.54,-45.97,2.0435,0,0,0,0,0,55,0,0,95,78.793,-9.6187,155.82,177.4,-21.657,144.38
-6.96,52.54,-45.97,2.0452,0,0,0,0,0,55,0,0,95,78.793,-9.6187,155.82,177.4,-21.657,144.38
-6.96,52.54,-45.97,2.0473,0,0,0,0,0,55,0,0,95,78.793,-9.6187,155.82,177.4,-21.657,144.38
-6.96,52.3,-46.45,2.0501,0,0,0,0,0,55,0,0,95,78.539,-9.5878,156.15,177.29,-21.642,145.96
-6.96,52.3,-46.45,2.0521,0,0,0,0,0,55,0,0,95,78.539,-9.5878,156.15,177.29,-21.642,145.96
-6.96,52.3,-46.45,2.0542,0,0,0,0,0,55,0,0,95,78.539,-9.5878,156.15,177.29,-21.642,145.96
-6.96,52.3,-46.45,2.0555,0,0,0,0,0,55,0,0,95,78.539,-9.5878,156.15,177.29,-21.642,145.96
-6.96,52.3,-46.45,2.0572,0,0,0,0,0,55,0,0,95,78.539,-9.5878,156.15,177.29,-21.642,145.96
-6.96,52.3,-46.45,2.0585,0,0,0,0,0,55,0,0,95,78.539,-9.5878,156.15,177.29,-21.642,145.96
-6.96,52.3,-46.45,2.06,0,0,0,0,0,55,0,0,95,78.539,-9.5878,156.15,177.29,-21.642,145.96
-6.96,52.3,-46.45,2.0617,0,0,0,0,0,55,0,0,95,78.539,-9.5878,156.15,177.29,-21.642,145.96
-6.96,52.3,-46.45,2.0637,0,0,0,0,0,55,0,0,95,78.539,-9.5878,156.15,177.29,-21.642,145.96
-6.72,52.06,-46.69,2.0659,0,0,0,0,0,55,0,0,95,78.324,-9.2286,156.48,177.2,-20.879,147.12
-6.72,52.06,-46.69,2.0679,0,0,0,0,0,55,0,0,95,78.324,-9.2286,156.48,177.2,-20.879,147.12
-6.72,52.06,-46.69,2.0699,0,0,0,0,0,55,0,0,95,78.324,-9.2286,156.48,177.2,-20.879,147.12
-6.72,52.06,-46.69,2.0713,0,0,0,0,0,55,0,0,95,78.324,-9.2286,156.48,177.2,-20.879,147.12
-6.72,52.06,-46.69,2.073,0,0,0,0,0,55,0,0,95,78.324,-9.2286,156.48,177.2,-20.879,147.12
-6.72,52.06,-46.69,2.0743,0,0,0,0,0,55,0,0,95,78.324,-9.2286,156.48,177.2,-20.879,147.12
-6.72,52.06,-46.69,2.0757,0,0,0,0,0,55,0,0,95,78.324,-9.2286,156.48,177.2,-20.879,147.12
-6.72,52.06,-46.69,2.0773,0,0,0,0,0,55,0,0,95,78.324,-9.2286,156.48,177.2,-20.879,147.12
-6.72,52.06,-46.69,2.079,0,0,0,0,0,55,0,0,95,78.324,-9.2286,156.48,177.2,-20.879,147.12
-6.72,52.06,-46.69,2.0816,0,0,0,0,0,55,0,0,95,78.324,-9.2286,156.48,177.2,-20.879,147.12
-6.24,52.3,-46.93,2.0835,0,0,0,0,0,55,0,0,95,78.654,-8.6001,156.15,177.62,-19.422,146.79
-6.24,52.3,-46.93,2.0853,0,0,0,0,0,55,0,0,95,78.654,-8.6001,156.15,177.62,-19.422,146.79
-6.24,52.3,-46.93,2.0871,0,0,0,0,0,55,0,0,95,78.654,-8.6001,156.15,177.62,-19.422,146.79
-6.24,52.3,-46.93,2.0887,0,0,0,0,0,55,0,0,95,78.654,-8.6001,156.15,177.62,-19.422,146.79
-6.24,52.3,-46.93,2.0903,0,0,0,0,0,55,0,0,95,78.654,-8.6001,156.15,177.62,-19.422,146.79
-6.24,52.3,-46.93,2.0918,0,0,0,0,0,55,0,0,95,78.654,-8.6001,156.15,177.62,-19.422,146.79
-6.24,52.3,-46.93,2.0933,0,0,0,0,0,55,0,0,95,78.654,-8.6001,156.15,177.62,-19.422,146.79
-6.24,52.3,-46.93,2.0951,0,0,0,0,0,55,0,0,95,78.654,-8.6001,156.15,177.62,-19.422,146.79
-6.24,52.3,-46.93,2.0973,0,0,0,0,0,55,0,0,95,78.654,-8.6001,156.15,177.62,-19.422,146.79
-6.24,52.3,-47.17,2.0994,0,0,0,0,0,55,0,0,95,78.654,-8.6001,156.15,177.66,-19.426,147.21
-6.24,52.3,-47.17,2.1012,0,0,0,0,0,55,0,0,95,78.654,-8.6001,156.15,177.66,-19.426,147.21
-6.24,52.3,-47.17,2.1028,0,0,0,0,0,55,0,0,95,78.654,-8.6001,156.15,177.66,-19.426,147.21
-6.24,52.3,-47.17,2.1041,0,0,0,0,0,55,0,0,95,78.654,-8.6001,156.15,177.66,-19.426,147.21
-6.24,52.3,-47.17,2.1057,0,0,0,0,0,55,0,0,95,78.654,-8.6001,156.15,177.66,-19.426,147.21
-6.24,52.3,-47.17,2.107,0,0,0,0,0,55,0,0,95,78.654,-8.6001,156.15,177.66,-19.426,147.21
-6.24,52.3,-47.17,2.1084,0,0,0,0,0,55,0,0,95,78.654,-8.6001,156.15,177.66,-19.426,147.21
-6.24,52.3,-47.17,2.1098,0,0,0,0,0,55,0,0,95,78.654,-8.6001,156.15,177.66,-19.426,147.21
-6.24,52.3,-47.17,2.1113,0,0,0,0,0,55,0,0,95,78.654,-8.6001,156.15,177.66,-19.426,147.21
-6.24,52.3,-47.17,2.1135,0,0,0,0,0,55,0,0,95,78.654,-8.6001,156.15,177.66,-19.426,147.21
-5.76,52.06,-47.41,2.1159,0,0,0,0,0,55,0,0,95,78.467,-7.9151,156.48,177.63,-17.918,148.38
-5.76,52.06,-47.41,2.1177,0,0,0,0,0,55,0,0,95,78.467,-7.9151,156.48,177.63,-17.918,148.38
-5.76,52.06,-47.41,2.1195,0,0,0,0,0,55,0,0,95,78.467,-7.9151,156.48,177.63,-17.918,148.38
-5.76,52.06,-47.41,2.121,0,0,0,0,0,55,0,0,95,78.467,-7.9151,156.48,177.63,-17.918,148.38
-5.76,52.06,-47.41,2.1223,0,0,0,0,0,55,0,0,95,78.467,-7.9151,156.48,177.63,-17.918,148.38
-5.76,52.06,-47.41,2.1242,0,0,0,0,0,55,0,0,95,78.467,-7.9151,156.48,177.63,-17.918,148.38
-5.76,52.06,-47.41,2.1258,0,0,0,0,0,55,0,0,95,78.467,-7.9151,156.48,177.63,-17.918,148.38
-5.76,52.06,-47.41,2.1275,0,0,0,0,0,55,0,0,95,78.467,-7.9151,156.48,177.63,-17.918,148.38
-5.76,52.06,-47.41,2.1293,0,0,0,0,0,55,0,0,95,78.467,-7.9151,156.48,177.63,-17.918,148.38
-6,52.06,-47.65,2.1313,0,0,0,0,0,55,0,0,95,78.433,-8.2437,156.48,177.59,-18.666,148.79
-6,52.06,-47.65,2.1331,0,0,0,0,0,55,0,0,95,78.433,-8.2437,156.48,177.59,-18.666,148.79
-6,52.06,-47.65,2.135,0,0,0,0,0,55,0,0,95,78.433,-8.2437,156.48,177.59,-18.666,148.79
-6,52.06,-47.65,2.1366,0,0,0,0,0,55,0,0,95,78.433,-8.2437,156.48,177.59,-18.666,148.79
-6,52.06,-47.65,2.138,0,0,0,0,0,55,0,0,95,78.433,-8.2437,156.48,177.59,-18.666,148.79
-6,52.06,-47.65,2.1394,0,0,0,0,0,55,0,0,95,78.433,-8.2437,156.48,177.59,-18.666,148.79
-6,52.06,-47.65,2.1409,0,0,0,0,0,55,0,0,95,78.433,-8.2437,156.48,177.59,-18.666,148.79
-6,52.06,-47.65,2.1422,0,0,0,0,0,55,0,0,95,78.433,-8.2437,156.48,177.59,-18.666,148.79
-6,52.06,-47.65,2.144,0,0,0,0,0,55,0,0,95,78.433,-8.2437,156.48,177.59,-18.666,148.79
-5.76,52.06,-47.65,2.1458,0,0,0,0,0,55,0,0,95,78.467,-7.9151,156.48,177.67,-17.922,148.79
-5.76,52.06,-47.65,2.1481,0,0,0,0,0,55,0,0,95,78.467,-7.9151,156.48,177.67,-17.922,148.79
-5.76,52.06,-47.65,2.15,0,0,0,0,0,55,0,0,95,78.467,-7.9151,156.48,177.67,-17.922,148.79
-5.76,52.06,-47.65,2.152,0,0,0,0,0,55,0,0,95,78.467,-7.9151,156.48,177.67,-17.922,148.79
-5.76,52.06,-47.65,2.154,0,0,0,0,0,55,0,0,95,78.467,-7.9151,156.48,177.67,-17.922,148.79
-5.76,52.06,-47.65,2.1555,0,0,0,0,0,55,0,0,95,78.467,-7.9151,156.48,177.67,-17.922,148.79
-5.76,52.06,-47.65,2.1572,0,0,0,0,0,55,0,0,95,78.467,-7.9151,156.48,177.67,-17.922,148.79
-5.76,52.06,-47.65,2.1587,0,0,0,0,0,55,0,0,95,78.467,-7.9151,156.48,177.67,-17.922,148.79
-5.76,52.06,-47.65,2.1603,0,0,0,0,0,55,0,0,95,78.467,-7.9151,156.48,177.67,-17.922,148.79
-5.52,52.06,-47.65,2.1623,0,0,0,0,0,55,0,0,95,78.5,-7.5863,156.48,177.74,-17.177,148.79
-5.52,52.06,-47.65,2.1645,0,0,0,0,0,55,0,0,95,78.5,-7.5863,156.48,177.74,-17.177,148.79
-5.52,52.06,-47.65,2.1666,0,0,0,0,0,55,0,0,95,78.5,-7.5863,156.48,177.74,-17.177,148.79
-5.52,52.06,-47.65,2.1684,0,0,0,0,0,55,0,0,95,78.5,-7.5863,156.48,177.74,-17.177,148.79
-5.52,52.06,-47.65,2.1699,0,0,0,0,0,55,0,0,95,78.5,-7.5863,156.48,177.74,-17.177,148.79
-5.52,52.06,-47.65,2.1713,0,0,0,0,0,55,0,0,95,78.5,-7.5863,156.48,177.74,-17.177,148.79
-5.52,52.06,-47.65,2.1728,0,0,0,0,0,55,0,0,95,78.5,-7.5863,156.48,177.74,-17.177,148.79
-5.52,52.06,-47.65,2.1744,0,0,0,0,0,55,0,0,95,78.5,-7.5863,156.48,177.74,-17.177,148.79
-5.52,52.06,-47.65,2.1761,0,0,0,0,0,55,0,0,95,78.5,-7.5863,156.48,177.74,-17.177,148.79
-5.28,51.82,-47.65,2.1781,0,0,0,0,0,55,0,0,95,78.274,-7.2337,156.81,177.59,-16.412,149.54
