-46.56,74.38,-4.93,0.54033,0,0,0,0,0,55,0,0,95,66.22,-69.928,121.93,90.356,-95.416,28.289
-2.88,49.18,-49.33,0.55456,0,0,0,0,0,55,0,0,95,75.581,-3.8023,160.37,175.45,-8.8267,160.63
-2.64,49.18,-49.33,0.56365,0,0,0,0,0,55,0,0,95,75.596,-3.4857,160.37,175.49,-8.0917,160.63
-3.12,48.94,-49.33,0.56959,0,0,0,0,0,55,0,0,95,75.29,-4.1039,160.68,175.14,-9.5466,161.37
-3.12,48.94,-49.33,0.59351,0,0,0,0,0,55,0,0,95,75.29,-4.1039,160.68,175.14,-9.5466,161.37
-3.12,48.94,-49.33,0.59603,0,0,0,0,0,55,0,0,95,75.29,-4.1039,160.68,175.14,-9.5466,161.37
-3.12,48.94,-49.33,0.59742,0,0,0,0,0,55,0,0,95,75.29,-4.1039,160.68,175.14,-9.5466,161.37
-3.12,48.94,-49.33,0.59905,0,0,0,0,0,55,0,0,95,75.29,-4.1039,160.68,175.14,-9.5466,161.37
-3.12,48.94,-49.33,0.60036,0,0,0,0,0,55,0,0,95,75.29,-4.1039,160.68,175.14,-9.5466,161.37
-3.12,48.94,-49.33,0.60155,0,0,0,0,0,55,0,0,95,75.29,-4.1039,160.68,175.14,-9.5466,161.37
-3.12,48.94,-49.33,0.60271,0,0,0,0,0,55,0,0,95,75.29,-4.1039,160.68,175.14,-9.5466,161.37
-3.12,48.94,-49.33,0.60448,0,0,0,0,0,55,0,0,95,75.29,-4.1039,160.68,175.14,-9.5466,161.37
-3.12,48.94,-49.33,0.60635,0,0,0,0,0,55,0,0,95,75.29,-4.1039,160.68,175.14,-9.5466,161.37
-3.12,48.94,-49.33,0.60843,0,0,0,0,0,55,0,0,95,75.29,-4.1039,160.68,175.14,-9.5466,161.37
-3.12,48.94,-49.33,0.6107,0,0,0,0,0,55,0,0,95,75.29,-4.1039,160.68,175.14,-9.5466,161.37
-3.12,48.94,-49.33,0.61265,0,0,0,0,0,55,0,0,95,75.29,-4.1039,160.68,175.14,-9.5466,161.37
-3.12,48.94,-49.33,0.61503,0,0,0,0,0,55,0,0,95,75.29,-4.1039,160.68,175.14,-9.5466,161.37
-3.12,48.94,-49.33,0.61644,0,0,0,0,0,55,0,0,95,75.29,-4.1039,160.68,175.14,-9.5466,161.37
-3.12,48.94,-49.33,0.61759,0,0,0,0,0,55,0,0,95,75.29,-4.1039,160.68,175.14,-9.5466,161.37
-3.12,48.94,-49.33,0.61871,0,0,0,0,0,55,0,0,95,75.29,-4.1039,160.68,175.14,-9.5466,161.37
-3.12,48.94,-49.33,0.6204,0,0,0,0,0,55,0,0,95,75.29,-4.1039,160.68,175.14,-9.5466,161.37
-3.12,48.94,-49.33,0.62161,0,0,0,0,0,55,0,0,95,75.29,-4.1039,160.68,175.14,-9.5466,161.37
-3.12,48.94,-49.33,0.624,0,0,0,0,0,55,0,0,95,75.29,-4.1039,160.68,175.14,-9.5466,161.37
-3.12,48.94,-49.33,0.62607,0,0,0,0,0,55,0,0,95,75.29,-4.1039,160.68,175.14,-9.5466,161.37
-2.64,49.66,-49.33,0.62784,0,0,0,0,0,55,0,0,95,76.141,-3.5108,159.73,176.03,-8.1168,159.16
-2.64,49.66,-49.33,0.62969,0,0,0,0,0,55,0,0,95,76.141,-3.5108,159.73,176.03,-8.1168,159.16
-2.64,49.66,-49.33,0.63112,0,0,0,0,0,55,0,0,95,76.141,-3.5108,159.73,176.03,-8.1168,159.16
-2.64,49.66,-49.33,0.63228,0,0,0,0,0,55,0,0,95,76.141,-3.5108,159.73,176.03,-8.1168,159.16
-2.64,49.66,-49.33,0.63344,0,0,0,0,0,55,0,0,95,76.141,-3.5108,159.73,176.03,-8.1168,159.16
-2.64,49.66,-49.33,0.63516,0,0,0,0,0,55,0,0,95,76.141,-3.5108,159.73,176.03,-8.1168,159.16
-2.64,49.66,-49.33,0.6367,0,0,0,0,0,55,0,0,95,76.141,-3.5108,159.73,176.03,-8.1168,159.16
-2.64,49.66,-49.33,0.63806,0,0,0,0,0,55,0,0,95,76.141,-3.5108,159.73,176.03,-8.1168,159.16
-2.64,49.66,-49.33,0.64004,0,0,0,0,0,55,0,0,95,76.141,-3.5108,159.73,176.03,-8.1168,159.16
-2.64,49.66,-49.33,0.64247,0,0,0,0,0,55,0,0,95,76.141,-3.5108,159.73,176.03,-8.1168,159.16
-2.64,49.66,-49.33,0.64427,0,0,0,0,0,55,0,0,95,76.141,-3.5108,159.73,176.03,-8.1168,159.16
-0.96,51.58,-49.33,0.64553,0,0,0,0,0,55,0,0,95,78.337,-1.3127,157.14,178.25,-2.9868,153.22
-0.96,51.58,-49.33,0.64775,0,0,0,0,0,55,0,0,95,78.337,-1.3127,157.14,178.25,-2.9868,153.22
-0.96,51.58,-49.33,0.64938,0,0,0,0,0,55,0,0,95,78.337,-1.3127,157.14,178.25,-2.9868,153.22
-0.96,51.58,-49.33,0.65084,0,0,0,0,0,55,0,0,95,78.337,-1.3127,157.14,178.25,-2.9868,153.22
-0.96,51.58,-49.33,0.65231,0,0,0,0,0,55,0,0,95,78.337,-1.3127,157.14,178.25,-2.9868,153.22
-0.96,51.58,-49.33,0.65352,0,0,0,0,0,55,0,0,95,78.337,-1.3127,157.14,178.25,-2.9868,153.22
-0.96,51.58,-49.33,0.65513,0,0,0,0,0,55,0,0,95,78.337,-1.3127,157.14,178.25,-2.9868,153.22
-0.96,51.58,-49.33,0.65769,0,0,0,0,0,55,0,0,95,78.337,-1.3127,157.14,178.25,-2.9868,153.22
-0.96,51.58,-49.33,0.66009,0,0,0,0,0,55,0,0,95,78.337,-1.3127,157.14,178.25,-2.9868,153.22
1.92,53.5,-49.33,0.66207,0,0,0,0,0,55,0,0,95,80.341,2.6932,154.48,180.02,6.0348,147.21
1.92,53.5,-49.33,0.66382,0,0,0,0,0,55,0,0,95,80.341,2.6932,154.48,180.02,6.0348,147.21
1.92,53.5,-49.33,0.66543,0,0,0,0,0,55,0,0,95,80.341,2.6932,154.48,180.02,6.0348,147.21
1.92,53.5,-49.33,0.667,0,0,0,0,0,55,0,0,95,80.341,2.6932,154.48,180.02,6.0348,147.21
1.92,53.5,-49.33,0.66876,0,0,0,0,0,55,0,0,95,80.341,2.6932,154.48,180.02,6.0348,147.21
1.92,53.5,-49.33,0.67023,0,0,0,0,0,55,0,0,95,80.341,2.6932,154.48,180.02,6.0348,147.21
1.92,53.5,-49.33,0.67241,0,0,0,0,0,55,0,0,95,80.341,2.6932,154.48,180.02,6.0348,147.21
1.92,53.5,-49.33,0.67494,0,0,0,0,0,55,0,0,95,80.341,2.6932,154.48,180.02,6.0348,147.21
4.32,56.62,-49.33,0.67683,0,0,0,0,0,55,0,0,95,83.267,6.2901,150.02,182.18,13.762,137.33
4.32,56.62,-49.33,0.67881,0,0,0,0,0,55,0,0,95,83.267,6.2901,150.02,182.18,13.762,137.33
4.32,56.62,-49.33,0.68042,0,0,0,0,0,55,0,0,95,83.267,6.2901,150.02,182.18,13.762,137.33
4.32,56.62,-49.33,0.68203,0,0,0,0,0,55,0,0,95,83.267,6.2901,150.02,182.18,13.762,137.33
4.32,56.62,-49.33,0.68354,0,0,0,0,0,55,0,0,95,83.267,6.2901,150.02,182.18,13.762,137.33
4.32,56.62,-49.33,0.68532,0,0,0,0,0,55,0,0,95,83.267,6.2901,150.02,182.18,13.762,137.33
4.32,56.62,-49.33,0.68738,0,0,0,0,0,55,0,0,95,83.267,6.2901,150.02,182.18,13.762,137.33
4.32,56.62,-49.33,0.6896,0,0,0,0,0,55,0,0,95,83.267,6.2901,150.02,182.18,13.762,137.33
4.32,56.62,-49.33,0.69189,0,0,0,0,0,55,0,0,95,83.267,6.2901,150.02,182.18,13.762,137.33
7.2,59.5,-49.33,0.69436,0,0,0,0,0,55,0,0,95,85.483,10.799,145.75,183.14,23.135,128.1
7.2,59.5,-49.33,0.69771,0,0,0,0,0,55,0,0,95,85.483,10.799,145.75,183.14,23.135,128.1
7.2,59.5,-49.33,0.69952,0,0,0,0,0,55,0,0,95,85.483,10.799,145.75,183.14,23.135,128.1
7.2,59.5,-49.33,0.70122,0,0,0,0,0,55,0,0,95,85.483,10.799,145.75,183.14,23.135,128.1
7.2,59.5,-49.33,0.70347,0,0,0,0,0,55,0,0,95,85.483,10.799,145.75,183.14,23.135,128.1
7.2,59.5,-49.33,0.70621,0,0,0,0,0,55,0,0,95,85.483,10.799,145.75,183.14,23.135,128.1
7.2,59.5,-49.33,0.70918,0,0,0,0,0,55,0,0,95,85.483,10.799,145.75,183.14,23.135,128.1
10.08,62.86,-49.33,0.71163,0,0,0,0,0,55,0,0,95,87.616,15.575,140.62,183.34,32.592,117.22
10.08,62.86,-49.33,0.71499,0,0,0,0,0,55,0,0,95,87.616,15.575,140.62,183.34,32.592,117.22
10.08,62.86,-49.33,0.71797,0,0,0,0,0,55,0,0,95,87.616,15.575,140.62,183.34,32.592,117.22
10.08,62.86,-49.33,0.71987,0,0,0,0,0,55,0,0,95,87.616,15.575,140.62,183.34,32.592,117.22
10.08,62.86,-49.33,0.72167,0,0,0,0,0,55,0,0,95,87.616,15.575,140.62,183.34,32.592,117.22
10.08,62.86,-49.33,0.72355,0,0,0,0,0,55,0,0,95,87.616,15.575,140.62,183.34,32.592,117.22
13.44,65.98,-49.33,0.72515,0,0,0,0,0,55,0,0,95,88.839,21.23,135.71,182.02,43.498,107.05
13.44,65.98,-49.33,0.72741,0,0,0,0,0,55,0,0,95,88.839,21.23,135.71,182.02,43.498,107.05
13.44,65.98,-49.33,0.73008,0,0,0,0,0,55,0,0,95,88.839,21.23,135.71,182.02,43.498,107.05
13.44,65.98,-49.33,0.73176,0,0,0,0,0,55,0,0,95,88.839,21.23,135.71,182.02,43.498,107.05
13.44,65.98,-49.33,0.73367,0,0,0,0,0,55,0,0,95,88.839,21.23,135.71,182.02,43.498,107.05
13.44,65.98,-49.33,0.73524,0,0,0,0,0,55,0,0,95,88.839,21.23,135.71,182.02,43.498,107.05
13.44,65.98,-49.33,0.73654,0,0,0,0,0,55,0,0,95,88.839,21.23,135.71,182.02,43.498,107.05
13.44,65.98,-49.33,0.73822,0,0,0,0,0,55,0,0,95,88.839,21.23,135.71,182.02,43.498,107.05
13.44,65.98,-49.33,0.7399,0,0,0,0,0,55,0,0,95,88.839,21.23,135.71,182.02,43.498,107.05
16.08,69.1,-49.33,0.7417,0,0,0,0,0,55,0,0,95,89.765,25.876,130.67,180.19,51.941,96.849
16.08,69.1,-49.33,0.74421,0,0,0,0,0,55,0,0,95,89.765,25.876,130.67,180.19,51.941,96.849
16.08,69.1,-49.33,0.74672,0,0,0,0,0,55,0,0,95,89.765,25.876,130.67,180.19,51.941,96.849
16.08,69.1,-49.33,0.74883,0,0,0,0,0,55,0,0,95,89.765,25.876,130.67,180.19,51.941,96.849
16.08,69.1,-49.33,0.75068,0,0,0,0,0,55,0,0,95,89.765,25.876,130.67,180.19,51.941,96.849
16.08,69.1,-49.33,0.75219,0,0,0,0,0,55,0,0,95,89.765,25.876,130.67,180.19,51.941,96.849
16.08,69.1,-49.33,0.75367,0,0,0,0,0,55,0,0,95,89.765,25.876,130.67,180.19,51.941,96.849
16.08,69.1,-49.33,0.75489,0,0,0,0,0,55,0,0,95,89.765,25.876,130.67,180.19,51.941,96.849
16.08,69.1,-49.33,0.75653,0,0,0,0,0,55,0,0,95,89.765,25.876,130.67,180.19,51.941,96.849
18.96,72.46,-49.33,0.75848,0,0,0,0,0,55,0,0,95,90.177,30.98,125.14,177.15,60.859,85.855
18.96,72.46,-49.33,0.76102,0,0,0,0,0,55,0,0,95,90.177,30.98,125.14,177.15,60.859,85.855
18.96,72.46,-49.33,0.76312,0,0,0,0,0,55,0,0,95,90.177,30.98,125.14,177.15,60.859,85.855
18.96,72.46,-49.33,0.76517,0,0,0,0,0,55,0,0,95,90.177,30.98,125.14,177.15,60.859,85.855
18.96,72.46,-49.33,0.76671,0,0,0,0,0,55,0,0,95,90.177,30.98,125.14,177.15,60.859,85.855
18.96,72.46,-49.33,0.76783,0,0,0,0,0,55,0,0,95,90.177,30.98,125.14,177.15,60.859,85.855
18.96,72.46,-49.33,0.76959,0,0,0,0,0,55,0,0,95,90.177,30.98,125.14,177.15,60.859,85.855
18.96,72.46,-49.33,0.77113,0,0,0,0,0,55,0,0,95,90.177,30.98,125.14,177.15,60.859,85.855
18.96,72.46,-49.33,0.77275,0,0,0,0,0,55,0,0,95,90.177,30.98,125.14,177.15,60.859,85.855
21.84,75.58,-49.33,0.77422,0,0,0,0,0,55,0,0,95,89.898,36.03,119.9,173.15,69.395,75.674
21.84,75.58,-49.33,0.77599,0,0,0,0,0,55,0,0,95,89.898,36.03,119.9,173.15,69.395,75.674
21.84,75.58,-49.33,0.77829,0,0,0,0,0,55,0,0,95,89.898,36.03,119.9,173.15,69.395,75.674
21.84,75.58,-49.33,0.78095,0,0,0,0,0,55,0,0,95,89.898,36.03,119.9,173.15,69.395,75.674
21.84,75.58,-49.33,0.78289,0,0,0,0,0,55,0,0,95,89.898,36.03,119.9,173.15,69.395,75.674
21.84,75.58,-49.33,0.78453,0,0,0,0,0,55,0,0,95,89.898,36.03,119.9,173.15,69.395,75.674
21.84,75.58,-49.33,0.78563,0,0,0,0,0,55,0,0,95,89.898,36.03,119.9,173.15,69.395,75.674
21.84,75.58,-49.33,0.78719,0,0,0,0,0,55,0,0,95,89.898,36.03,119.9,173.15,69.395,75.674
21.84,75.58,-49.33,0.78882,0,0,0,0,0,55,0,0,95,89.898,36.03,119.9,173.15,69.395,75.674
24,78.46,-49.33,0.7906,0,0,0,0,0,55,0,0,95,89.508,39.851,115.01,169.31,75.381,66.326
24,78.46,-49.33,0.79272,0,0,0,0,0,55,0,0,95,89.508,39.851,115.01,169.31,75.381,66.326
24,78.46,-49.33,0.7953,0,0,0,0,0,55,0,0,95,89.508,39.851,115.01,169.31,75.381,66.326
24,78.46,-49.33,0.79815,0,0,0,0,0,55,0,0,95,89.508,39.851,115.01,169.31,75.381,66.326
24,78.46,-49.33,0.8001,0,0,0,0,0,55,0,0,95,89.508,39.851,115.01,169.31,75.381,66.326
24,78.46,-49.33,0.80156,0,0,0,0,0,55,0,0,95,89.508,39.851,115.01,169.31,75.381,66.326
24,78.46,-49.33,0.80321,0,0,0,0,0,55,0,0,95,89.508,39.851,115.01,169.31,75.381,66.326
24,78.46,-49.33,0.8046,0,0,0,0,0,55,0,0,95,89.508,39.851,115.01,169.31,75.381,66.326
24,78.46,-49.33,0.80644,0,0,0,0,0,55,0,0,95,89.508,39.851,115.01,169.31,75.381,66.326
26.64,80.86,-49.33,0.80803,0,0,0,0,0,55,0,0,95,88.249,44.269,110.88,164.44,82.488,58.59
26.64,80.86,-49.33,0.81025,0,0,0,0,0,55,0,0,95,88.249,44.269,110.88,164.44,82.488,58.59
26.64,80.86,-49.33,0.8126,0,0,0,0,0,55,0,0,95,88.249,44.269,110.88,164.44,82.488,58.59
26.64,80.86,-49.33,0.81469,0,0,0,0,0,55,0,0,95,88.249,44.269,110.88,164.44,82.488,58.59
26.64,80.86,-49.33,0.81665,0,0,0,0,0,55,0,0,95,88.249,44.269,110.88,164.44,82.488,58.59
26.64,80.86,-49.33,0.81814,0,0,0,0,0,55,0,0,95,88.249,44.269,110.88,164.44,82.488,58.59
26.64,80.86,-49.33,0.81948,0,0,0,0,0,55,0,0,95,88.249,44.269,110.88,164.44,82.488,58.59
26.64,80.86,-49.33,0.82152,0,0,0,0,0,55,0,0,95,88.249,44.269,110.88,164.44,82.488,58.59
29.28,83.5,-49.33,0.82348,0,0,0,0,0,55,0,0,95,86.663,48.593,106.32,158.83,89.058,50.155
29.28,83.5,-49.33,0.82537,0,0,0,0,0,55,0,0,95,86.663,48.593,106.32,158.83,89.058,50.155
29.28,83.5,-49.33,0.82772,0,0,0,0,0,55,0,0,95,86.663,48.593,106.32,158.83,89.058,50.155
29.28,83.5,-49.33,0.83088,0,0,0,0,0,55,0,0,95,86.663,48.593,106.32,158.83,89.058,50.155
29.28,83.5,-49.33,0.83322,0,0,0,0,0,55,0,0,95,86.663,48.593,106.32,158.83,89.058,50.155
29.28,83.5,-49.33,0.83549,0,0,0,0,0,55,0,0,95,86.663,48.593,106.32,158.83,89.058,50.155
29.28,83.5,-49.33,0.83748,0,0,0,0,0,55,0,0,95,86.663,48.593,106.32,158.83,89.058,50.155
31.92,85.66,-49.33,0.83873,0,0,0,0,0,55,0,0,95,84.635,52.722,102.57,153.02,95.318,43.324
31.92,85.66,-49.33,0.84014,0,0,0,0,0,55,0,0,95,84.635,52.722,102.57,153.02,95.318,43.324
31.92,85.66,-49.33,0.84193,0,0,0,0,0,55,0,0,95,84.635,52.722,102.57,153.02,95.318,43.324
31.92,85.66,-49.33,0.84438,0,0,0,0,0,55,0,0,95,84.635,52.722,102.57,153.02,95.318,43.324
31.92,85.66,-49.33,0.84687,0,0,0,0,0,55,0,0,95,84.635,52.722,102.57,153.02,95.318,43.324
31.92,85.66,-49.33,0.84891,0,0,0,0,0,55,0,0,95,84.635,52.722,102.57,153.02,95.318,43.324
31.92,85.66,-49.33,0.85067,0,0,0,0,0,55,0,0,95,84.635,52.722,102.57,153.02,95.318,43.324
31.92,85.66,-49.33,0.85205,0,0,0,0,0,55,0,0,95,84.635,52.722,102.57,153.02,95.318,43.324
31.92,85.66,-49.33,0.85315,0,0,0,0,0,55,0,0,95,84.635,52.722,102.57,153.02,95.318,43.324
31.92,85.66,-49.33,0.85508,0,0,0,0,0,55,0,0,95,84.635,52.722,102.57,153.02,95.318,43.324
33.6,87.34,-49.33,0.85689,0,0,0,0,0,55,0,0,95,83.202,55.28,99.641,148.83,98.881,38.061
33.6,87.34,-49.33,0.85955,0,0,0,0,0,55,0,0,95,83.202,55.28,99.641,148.83,98.881,38.061
33.6,87.34,-49.33,0.86193,0,0,0,0,0,55,0,0,95,83.202,55.28,99.641,148.83,98.881,38.061
33.6,87.34,-49.33,0.86451,0,0,0,0,0,55,0,0,95,83.202,55.28,99.641,148.83,98.881,38.061
33.6,87.34,-49.33,0.86589,0,0,0,0,0,55,0,0,95,83.202,55.28,99.641,148.83,98.881,38.061
33.6,87.34,-49.33,0.86743,0,0,0,0,0,55,0,0,95,83.202,55.28,99.641,148.83,98.881,38.061
33.6,87.34,-49.33,0.86867,0,0,0,0,0,55,0,0,95,83.202,55.28,99.641,148.83,98.881,38.061
33.6,87.34,-49.33,0.87018,0,0,0,0,0,55,0,0,95,83.202,55.28,99.641,148.83,98.881,38.061
34.56,89.02,-49.33,0.87157,0,0,0,0,0,55,0,0,95,82.341,56.719,96.71,145.71,100.37,32.847
34.56,89.02,-49.33,0.8733,0,0,0,0,0,55,0,0,95,82.341,56.719,96.71,145.71,100.37,32.847
34.56,89.02,-49.33,0.8756,0,0,0,0,0,55,0,0,95,82.341,56.719,96.71,145.71,100.37,32.847
34.56,89.02,-49.33,0.87815,0,0,0,0,0,55,0,0,95,82.341,56.719,96.71,145.71,100.37,32.847
34.56,89.02,-49.33,0.8799,0,0,0,0,0,55,0,0,95,82.341,56.719,96.71,145.71,100.37,32.847
34.56,89.02,-49.33,0.8812,0,0,0,0,0,55,0,0,95,82.341,56.719,96.71,145.71,100.37,32.847
34.56,89.02,-49.33,0.88254,0,0,0,0,0,55,0,0,95,82.341,56.719,96.71,145.71,100.37,32.847
34.56,89.02,-49.33,0.88371,0,0,0,0,0,55,0,0,95,82.341,56.719,96.71,145.71,100.37,32.847
34.56,89.02,-49.33,0.88469,0,0,0,0,0,55,0,0,95,82.341,56.719,96.71,145.71,100.37,32.847
34.56,89.02,-49.33,0.8863,0,0,0,0,0,55,0,0,95,82.341,56.719,96.71,145.71,100.37,32.847
35.52,89.26,-49.33,0.88778,0,0,0,0,0,55,0,0,95,81.384,58.094,96.292,143.8,102.65,32.106
35.52,89.26,-49.33,0.88974,0,0,0,0,0,55,0,0,95,81.384,58.094,96.292,143.8,102.65,32.106
35.52,89.26,-49.33,0.89328,0,0,0,0,0,55,0,0,95,81.384,58.094,96.292,143.8,102.65,32.106
35.52,89.26,-49.33,0.89521,0,0,0,0,0,55,0,0,95,81.384,58.094,96.292,143.8,102.65,32.106
35.52,89.26,-49.33,0.89768,0,0,0,0,0,55,0,0,95,81.384,58.094,96.292,143.8,102.65,32.106
35.52,89.26,-49.33,0.89953,0,0,0,0,0,55,0,0,95,81.384,58.094,96.292,143.8,102.65,32.106
35.52,89.26,-49.33,0.90099,0,0,0,0,0,55,0,0,95,81.384,58.094,96.292,143.8,102.65,32.106
35.52,89.26,-49.33,0.90351,0,0,0,0,0,55,0,0,95,81.384,58.094,96.292,143.8,102.65,32.106
36,89.26,-49.33,0.90584,0,0,0,0,0,55,0,0,95,80.895,58.774,96.292,142.93,103.85,32.106
36,89.26,-49.33,0.90819,0,0,0,0,0,55,0,0,95,80.895,58.774,96.292,142.93,103.85,32.106
36,89.26,-49.33,0.91087,0,0,0,0,0,55,0,0,95,80.895,58.774,96.292,142.93,103.85,32.106
36,89.26,-49.33,0.91257,0,0,0,0,0,55,0,0,95,80.895,58.774,96.292,142.93,103.85,32.106
36,89.26,-49.33,0.91389,0,0,0,0,0,55,0,0,95,80.895,58.774,96.292,142.93,103.85,32.106
36,89.26,-49.33,0.91504,0,0,0,0,0,55,0,0,95,80.895,58.774,96.292,142.93,103.85,32.106
36,89.26,-49.33,0.9167,0,0,0,0,0,55,0,0,95,80.895,58.774,96.292,142.93,103.85,32.106
36,89.26,-49.33,0.91839,0,0,0,0,0,55,0,0,95,80.895,58.774,96.292,142.93,103.85,32.106
36.24,89.02,-49.33,0.92022,0,0,0,0,0,55,0,0,95,80.643,59.108,96.71,142.71,104.6,32.847
36.24,89.02,-49.33,0.92244,0,0,0,0,0,55,0,0,95,80.643,59.108,96.71,142.71,104.6,32.847
36.24,89.02,-49.33,0.92509,0,0,0,0,0,55,0,0,95,80.643,59.108,96.71,142.71,104.6,32.847
36.24,89.02,-49.33,0.92737,0,0,0,0,0,55,0,0,95,80.643,59.108,96.71,142.71,104.6,32.847
36.24,89.02,-49.33,0.92894,0,0,0,0,0,55,0,0,95,80.643,59.108,96.71,142.71,104.6,32.847
36.24,89.02,-49.33,0.9306,0,0,0,0,0,55,0,0,95,80.643,59.108,96.71,142.71,104.6,32.847
36.24,89.02,-49.33,0.93242,0,0,0,0,0,55,0,0,95,80.643,59.108,96.71,142.71,104.6,32.847
36.24,89.02,-49.33,0.93412,0,0,0,0,0,55,0,0,95,80.643,59.108,96.71,142.71,104.6,32.847
36.24,89.02,-49.33,0.9358,0,0,0,0,0,55,0,0,95,80.643,59.108,96.71,142.71,104.6,32.847
36.24,88.78,-49.33,0.93756,0,0,0,0,0,55,0,0,95,80.636,59.103,97.129,142.92,104.75,33.589
36.24,88.78,-49.33,0.94027,0,0,0,0,0,55,0,0,95,80.636,59.103,97.129,142.92,104.75,33.589
36.24,88.78,-49.33,0.94261,0,0,0,0,0,55,0,0,95,80.636,59.103,97.129,142.92,104.75,33.589
36.24,88.78,-49.33,0.9442,0,0,0,0,0,55,0,0,95,80.636,59.103,97.129,142.92,104.75,33.589
36.24,88.78,-49.33,0.94548,0,0,0,0,0,55,0,0,95,80.636,59.103,97.129,142.92,104.75,33.589
36.24,88.78,-49.33,0.94709,0,0,0,0,0,55,0,0,95,80.636,59.103,97.129,142.92,104.75,33.589
36.24,88.78,-49.33,0.94846,0,0,0,0,0,55,0,0,95,80.636,59.103,97.129,142.92,104.75,33.589
36.24,88.78,-49.33,0.95033,0,0,0,0,0,55,0,0,95,80.636,59.103,97.129,142.92,104.75,33.589
36.24,88.78,-49.33,0.95207,0,0,0,0,0,55,0,0,95,80.636,59.103,97.129,142.92,104.75,33.589
36.24,88.06,-49.33,0.95383,0,0,0,0,0,55,0,0,95,80.609,59.083,98.385,143.53,105.2,35.82
36.24,88.06,-49.33,0.95607,0,0,0,0,0,55,0,0,95,80.609,59.083,98.385,143.53,105.2,35.82
36.24,88.06,-49.33,0.95842,0,0,0,0,0,55,0,0,95,80.609,59.083,98.385,143.53,105.2,35.82
36.24,88.06,-49.33,0.96047,0,0,0,0,0,55,0,0,95,80.609,59.083,98.385,143.53,105.2,35.82
36.24,88.06,-49.33,0.96215,0,0,0,0,0,55,0,0,95,80.609,59.083,98.385,143.53,105.2,35.82
36.24,88.06,-49.33,0.96373,0,0,0,0,0,55,0,0,95,80.609,59.083,98.385,143.53,105.2,35.82
36.24,88.06,-49.33,0.96559,0,0,0,0,0,55,0,0,95,80.609,59.083,98.385,143.53,105.2,35.82
36.24,88.06,-49.33,0.96762,0,0,0,0,0,55,0,0,95,80.609,59.083,98.385,143.53,105.2,35.82
36,87.82,-49.33,0.96913,0,0,0,0,0,55,0,0,95,80.843,58.736,98.804,144.17,104.74,36.566
36,87.82,-49.33,0.971,0,0,0,0,0,55,0,0,95,80.843,58.736,98.804,144.17,104.74,36.566
36,87.82,-49.33,0.97308,0,0,0,0,0,55,0,0,95,80.843,58.736,98.804,144.17,104.74,36.566
36,87.82,-49.33,0.97539,0,0,0,0,0,55,0,0,95,80.843,58.736,98.804,144.17,104.74,36.566
36,87.82,-49.33,0.977,0,0,0,0,0,55,0,0,95,80.843,58.736,98.804,144.17,104.74,36.566
36,87.82,-49.33,0.97876,0,0,0,0,0,55,0,0,95,80.843,58.736,98.804,144.17,104.74,36.566
36,87.82,-49.33,0.98082,0,0,0,0,0,55,0,0,95,80.843,58.736,98.804,144.17,104.74,36.566
36,87.82,-49.33,0.9826,0,0,0,0,0,55,0,0,95,80.843,58.736,98.804,144.17,104.74,36.566
36,87.82,-49.33,0.98429,0,0,0,0,0,55,0,0,95,80.843,58.736,98.804,144.17,104.74,36.566
36,87.34,-49.33,0.98607,0,0,0,0,0,55,0,0,95,80.815,58.715,99.641,144.56,105.03,38.061
36,87.34,-49.33,0.98813,0,0,0,0,0,55,0,0,95,80.815,58.715,99.641,144.56,105.03,38.061
36,87.34,-49.33,0.99095,0,0,0,0,0,55,0,0,95,80.815,58.715,99.641,144.56,105.03,38.061
36,87.34,-49.33,0.99282,0,0,0,0,0,55,0,0,95,80.815,58.715,99.641,144.56,105.03,38.061
36,87.34,-49.33,0.9946,0,0,0,0,0,55,0,0,95,80.815,58.715,99.641,144.56,105.03,38.061
36,87.34,-49.33,0.99593,0,0,0,0,0,55,0,0,95,80.815,58.715,99.641,144.56,105.03,38.061
36,87.34,-49.33,0.99695,0,0,0,0,0,55,0,0,95,80.815,58.715,99.641,144.56,105.03,38.061
36,87.34,-49.33,0.99803,0,0,0,0,0,55,0,0,95,80.815,58.715,99.641,144.56,105.03,38.061
36,87.34,-49.33,1.0008,0,0,0,0,0,55,0,0,95,80.815,58.715,99.641,144.56,105.03,38.061
36,87.34,-49.33,1.0048,0,0,0,0,0,55,0,0,95,80.815,58.715,99.641,144.56,105.03,38.061
36,87.34,-49.33,1.0078,0,0,0,0,0,55,0,0,95,80.815,58.715,99.641,144.56,105.03,38.061
36,87.34,-49.33,1.0098,0,0,0,0,0,55,0,0,95,80.815,58.715,99.641,144.56,105.03,38.061
36,87.34,-49.33,1.0109,0,0,0,0,0,55,0,0,95,80.815,58.715,99.641,144.56,105.03,38.061
36,87.34,-49.33,1.0119,0,0,0,0,0,55,0,0,95,80.815,58.715,99.641,144.56,105.03,38.061
36,87.34,-49.33,1.0139,0,0,0,0,0,55,0,0,95,80.815,58.715,99.641,144.56,105.03,38.061
36,87.34,-49.33,1.0157,0,0,0,0,0,55,0,0,95,80.815,58.715,99.641,144.56,105.03,38.061
36,87.34,-49.33,1.0172,0,0,0,0,0,55,0,0,95,80.815,58.715,99.641,144.56,105.03,38.061
35.52,87.1,-49.33,1.0186,0,0,0,0,0,55,0,0,95,81.287,58.024,100.06,145.62,103.95,38.81
35.52,87.1,-49.33,1.02,0,0,0,0,0,55,0,0,95,81.287,58.024,100.06,145.62,103.95,38.81
35.52,87.1,-49.33,1.0232,0,0,0,0,0,55,0,0,95,81.287,58.024,100.06,145.62,103.95,38.81
35.52,87.1,-49.33,1.0256,0,0,0,0,0,55,0,0,95,81.287,58.024,100.06,145.62,103.95,38.81
35.52,87.1,-49.33,1.028,0,0,0,0,0,55,0,0,95,81.287,58.024,100.06,145.62,103.95,38.81
35.52,87.1,-49.33,1.0293,0,0,0,0,0,55,0,0,95,81.287,58.024,100.06,145.62,103.95,38.81
35.52,87.1,-49.33,1.0304,0,0,0,0,0,55,0,0,95,81.287,58.024,100.06,145.62,103.95,38.81
35.52,87.1,-49.33,1.0318,0,0,0,0,0,55,0,0,95,81.287,58.024,100.06,145.62,103.95,38.81
35.52,87.1,-49.33,1.034,0,0,0,0,0,55,0,0,95,81.287,58.024,100.06,145.62,103.95,38.81
35.52,86.62,-49.33,1.0364,0,0,0,0,0,55,0,0,95,81.25,57.998,100.9,146,104.22,40.311
35.52,86.62,-49.33,1.0388,0,0,0,0,0,55,0,0,95,81.25,57.998,100.9,146,104.22,40.311
35.52,86.62,-49.33,1.041,0,0,0,0,0,55,0,0,95,81.25,57.998,100.9,146,104.22,40.311
35.52,86.62,-49.33,1.0429,0,0,0,0,0,55,0,0,95,81.25,57.998,100.9,146,104.22,40.311
35.52,86.62,-49.33,1.0452,0,0,0,0,0,55,0,0,95,81.25,57.998,100.9,146,104.22,40.311
35.52,86.62,-49.33,1.0469,0,0,0,0,0,55,0,0,95,81.25,57.998,100.9,146,104.22,40.311
35.52,86.62,-49.33,1.0483,0,0,0,0,0,55,0,0,95,81.25,57.998,100.9,146,104.22,40.311
35.52,86.62,-49.33,1.0496,0,0,0,0,0,55,0,0,95,81.25,57.998,100.9,146,104.22,40.311
35.52,86.14,-49.33,1.0511,0,0,0,0,0,55,0,0,95,81.207,57.967,101.73,146.37,104.48,41.816
35.52,86.14,-49.33,1.0542,0,0,0,0,0,55,0,0,95,81.207,57.967,101.73,146.37,104.48,41.816
35.52,86.14,-49.33,1.0564,0,0,0,0,0,55,0,0,95,81.207,57.967,101.73,146.37,104.48,41.816
35.52,85.9,-49.33,1.0724,0,0,0,0,0,55,0,0,95,81.183,57.95,102.15,146.55,104.61,42.569
35.52,85.9,-49.33,1.0763,0,0,0,0,0,55,0,0,95,81.183,57.95,102.15,146.55,104.61,42.569
35.52,85.9,-49.33,1.0803,0,0,0,0,0,55,0,0,95,81.183,57.95,102.15,146.55,104.61,42.569
35.52,85.9,-49.33,1.0829,0,0,0,0,0,55,0,0,95,81.183,57.95,102.15,146.55,104.61,42.569
35.28,86.14,-49.33,1.0843,0,0,0,0,0,55,0,0,95,81.449,57.626,101.73,146.81,103.87,41.816
35.28,86.14,-49.33,1.0857,0,0,0,0,0,55,0,0,95,81.449,57.626,101.73,146.81,103.87,41.816
35.28,86.14,-49.33,1.0874,0,0,0,0,0,55,0,0,95,81.449,57.626,101.73,146.81,103.87,41.816
35.28,86.14,-49.33,1.0891,0,0,0,0,0,55,0,0,95,81.449,57.626,101.73,146.81,103.87,41.816
35.28,86.14,-49.33,1.0909,0,0,0,0,0,55,0,0,95,81.449,57.626,101.73,146.81,103.87,41.816
35.28,86.14,-49.33,1.0934,0,0,0,0,0,55,0,0,95,81.449,57.626,101.73,146.81,103.87,41.816
35.28,86.14,-49.33,1.0952,0,0,0,0,0,55,0,0,95,81.449,57.626,101.73,146.81,103.87,41.816
35.28,86.14,-49.33,1.0969,0,0,0,0,0,55,0,0,95,81.449,57.626,101.73,146.81,103.87,41.816
35.28,85.9,-49.33,1.0987,0,0,0,0,0,55,0,0,95,81.425,57.609,102.15,146.99,104,42.569
35.28,85.9,-49.33,1.1008,0,0,0,0,0,55,0,0,95,81.425,57.609,102.15,146.99,104,42.569
35.28,85.9,-49.33,1.102,0,0,0,0,0,55,0,0,95,81.425,57.609,102.15,146.99,104,42.569
35.28,85.9,-49.33,1.1032,0,0,0,0,0,55,0,0,95,81.425,57.609,102.15,146.99,104,42.569
35.28,85.9,-49.33,1.1043,0,0,0,0,0,55,0,0,95,81.425,57.609,102.15,146.99,104,42.569
35.28,85.9,-49.33,1.1059,0,0,0,0,0,55,0,0,95,81.425,57.609,102.15,146.99,104,42.569
35.28,85.9,-49.33,1.1079,0,0,0,0,0,55,0,0,95,81.425,57.609,102.15,146.99,104,42.569
35.28,85.9,-49.33,1.1099,0,0,0,0,0,55,0,0,95,81.425,57.609,102.15,146.99,104,42.569
35.28,85.9,-49.33,1.1126,0,0,0,0,0,55,0,0,95,81.425,57.609,102.15,146.99,104,42.569
35.28,85.9,-49.33,1.1145,0,0,0,0,0,55,0,0,95,81.425,57.609,102.15,146.99,104,42.569
35.28,85.9,-49.33,1.1161,0,0,0,0,0,55,0,0,95,81.425,57.609,102.15,146.99,104,42.569
35.28,85.9,-49.33,1.1178,0,0,0,0,0,55,0,0,95,81.425,57.609,102.15,146.99,104,42.569
35.28,85.9,-49.33,1.1195,0,0,0,0,0,55,0,0,95,81.425,57.609,102.15,146.99,104,42.569
35.28,85.9,-49.33,1.1212,0,0,0,0,0,55,0,0,95,81.425,57.609,102.15,146.99,104,42.569
35.28,85.9,-49.33,1.1225,0,0,0,0,0,55,0,0,95,81.425,57.609,102.15,146.99,104,42.569
35.28,85.9,-49.33,1.1246,0,0,0,0,0,55,0,0,95,81.425,57.609,102.15,146.99,104,42.569
35.28,85.9,-49.33,1.1266,0,0,0,0,0,55,0,0,95,81.425,57.609,102.15,146.99,104,42.569
35.28,85.9,-49.33,1.1285,0,0,0,0,0,55,0,0,95,81.425,57.609,102.15,146.99,104,42.569
34.56,85.9,-49.33,1.1306,0,0,0,0,0,55,0,0,95,82.142,56.582,102.15,148.28,102.14,42.569
34.56,85.9,-49.33,1.1323,0,0,0,0,0,55,0,0,95,82.142,56.582,102.15,148.28,102.14,42.569
34.56,85.9,-49.33,1.1335,0,0,0,0,0,55,0,0,95,82.142,56.582,102.15,148.28,102.14,42.569
34.56,85.9,-49.33,1.1346,0,0,0,0,0,55,0,0,95,82.142,56.582,102.15,148.28,102.14,42.569
34.56,85.9,-49.33,1.1358,0,0,0,0,0,55,0,0,95,82.142,56.582,102.15,148.28,102.14,42.569
34.56,85.9,-49.33,1.1376,0,0,0,0,0,55,0,0,95,82.142,56.582,102.15,148.28,102.14,42.569
34.56,85.9,-49.33,1.1396,0,0,0,0,0,55,0,0,95,82.142,56.582,102.15,148.28,102.14,42.569
34.56,85.9,-49.33,1.1418,0,0,0,0,0,55,0,0,95,82.142,56.582,102.15,148.28,102.14,42.569
34.56,85.9,-49.33,1.144,0,0,0,0,0,55,0,0,95,82.142,56.582,102.15,148.28,102.14,42.569
33.84,85.18,-47.89,1.1456,0,0,0,0,0,55,0,0,95,82.766,55.491,103.4,148.85,99.794,42.818
33.84,85.18,-47.89,1.1477,0,0,0,0,0,55,0,0,95,82.766,55.491,103.4,148.85,99.794,42.818
33.84,85.18,-47.89,1.1494,0,0,0,0,0,55,0,0,95,82.766,55.491,103.4,148.85,99.794,42.818
33.84,85.18,-47.89,1.1512,0,0,0,0,0,55,0,0,95,82.766,55.491,103.4,148.85,99.794,42.818
33.84,85.18,-47.89,1.1528,0,0,0,0,0,55,0,0,95,82.766,55.491,103.4,148.85,99.794,42.818
33.84,85.18,-47.89,1.1539,0,0,0,0,0,55,0,0,95,82.766,55.491,103.4,148.85,99.794,42.818
33.84,85.18,-47.89,1.1555,0,0,0,0,0,55,0,0,95,82.766,55.491,103.4,148.85,99.794,42.818
33.84,85.18,-47.89,1.1585,0,0,0,0,0,55,0,0,95,82.766,55.491,103.4,148.85,99.794,42.818
33.84,85.18,-47.89,1.1606,0,0,0,0,0,55,0,0,95,82.766,55.491,103.4,148.85,99.794,42.818
31.92,84.7,-46.45,1.1627,0,0,0,0,0,55,0,0,95,84.516,52.647,104.24,151.17,94.17,42.328
31.92,84.7,-46.45,1.1639,0,0,0,0,0,55,0,0,95,84.516,52.647,104.24,151.17,94.17,42.328
31.92,84.7,-46.45,1.165,0,0,0,0,0,55,0,0,95,84.516,52.647,104.24,151.17,94.17,42.328
31.92,84.7,-46.45,1.1661,0,0,0,0,0,55,0,0,95,84.516,52.647,104.24,151.17,94.17,42.328
31.92,84.7,-46.45,1.1677,0,0,0,0,0,55,0,0,95,84.516,52.647,104.24,151.17,94.17,42.328
31.92,84.7,-46.45,1.1693,0,0,0,0,0,55,0,0,95,84.516,52.647,104.24,151.17,94.17,42.328
31.92,84.7,-46.45,1.1709,0,0,0,0,0,55,0,0,95,84.516,52.647,104.24,151.17,94.17,42.328
31.92,84.7,-46.45,1.1732,0,0,0,0,0,55,0,0,95,84.516,52.647,104.24,151.17,94.17,42.328
31.92,84.7,-46.45,1.1752,0,0,0,0,0,55,0,0,95,84.516,52.647,104.24,151.17,94.17,42.328
29.04,83.98,-44.29,1.1771,0,0,0,0,0,55,0,0,95,86.946,48.274,105.49,154.22,85.628,41.624
29.04,83.98,-44.29,1.1788,0,0,0,0,0,55,0,0,95,86.946,48.274,105.49,154.22,85.628,41.624
29.04,83.98,-44.29,1.1812,0,0,0,0,0,55,0,0,95,86.946,48.274,105.49,154.22,85.628,41.624
29.04,83.98,-44.29,1.1823,0,0,0,0,0,55,0,0,95,86.946,48.274,105.49,154.22,85.628,41.624
29.04,83.98,-44.29,1.1837,0,0,0,0,0,55,0,0,95,86.946,48.274,105.49,154.22,85.628,41.624
29.04,83.98,-44.29,1.1854,0,0,0,0,0,55,0,0,95,86.946,48.274,105.49,154.22,85.628,41.624
29.04,83.98,-44.29,1.1873,0,0,0,0,0,55,0,0,95,86.946,48.274,105.49,154.22,85.628,41.624
29.04,83.98,-44.29,1.1898,0,0,0,0,0,55,0,0,95,86.946,48.274,105.49,154.22,85.628,41.624
29.04,83.98,-44.29,1.1918,0,0,0,0,0,55,0,0,95,86.946,48.274,105.49,154.22,85.628,41.624
26.88,82.78,-42.13,1.1935,0,0,0,0,0,55,0,0,95,88.488,44.854,107.57,156.16,79.157,42.424
26.88,82.78,-42.13,1.1952,0,0,0,0,0,55,0,0,95,88.488,44.854,107.57,156.16,79.157,42.424
26.88,82.78,-42.13,1.197,0,0,0,0,0,55,0,0,95,88.488,44.854,107.57,156.16,79.157,42.424
26.88,82.78,-42.13,1.1988,0,0,0,0,0,55,0,0,95,88.488,44.854,107.57,156.16,79.157,42.424
26.88,82.78,-42.13,1.2005,0,0,0,0,0,55,0,0,95,88.488,44.854,107.57,156.16,79.157,42.424
26.88,82.78,-42.13,1.2018,0,0,0,0,0,55,0,0,95,88.488,44.854,107.57,156.16,79.157,42.424
26.88,82.78,-42.13,1.203,0,0,0,0,0,55,0,0,95,88.488,44.854,107.57,156.16,79.157,42.424
26.88,82.78,-42.13,1.2049,0,0,0,0,0,55,0,0,95,88.488,44.854,107.57,156.16,79.157,42.424
26.88,82.78,-42.13,1.2075,0,0,0,0,0,55,0,0,95,88.488,44.854,107.57,156.16,79.157,42.424
26.88,82.78,-42.13,1.2095,0,0,0,0,0,55,0,0,95,88.488,44.854,107.57,156.16,79.157,42.424
23.76,81.58,-39.25,1.2118,0,0,0,0,0,55,0,0,95,90.538,39.856,109.64,158.2,69.642,42.303
23.76,81.58,-39.25,1.2145,0,0,0,0,0,55,0,0,95,90.538,39.856,109.64,158.2,69.642,42.303
23.76,81.58,-39.25,1.217,0,0,0,0,0,55,0,0,95,90.538,39.856,109.64,158.2,69.642,42.303
23.76,81.58,-39.25,1.2194,0,0,0,0,0,55,0,0,95,90.538,39.856,109.64,158.2,69.642,42.303
23.76,81.58,-39.25,1.2226,0,0,0,0,0,55,0,0,95,90.538,39.856,109.64,158.2,69.642,42.303
23.76,81.58,-39.25,1.2251,0,0,0,0,0,55,0,0,95,90.538,39.856,109.64,158.2,69.642,42.303
21.36,79.42,-36.37,1.2271,0,0,0,0,0,55,0,0,95,91.548,35.803,113.36,159.6,62.42,45.097
21.36,79.42,-36.37,1.2288,0,0,0,0,0,55,0,0,95,91.548,35.803,113.36,159.6,62.42,45.097
21.36,79.42,-36.37,1.2308,0,0,0,0,0,55,0,0,95,91.548,35.803,113.36,159.6,62.42,45.097
21.36,79.42,-36.37,1.2326,0,0,0,0,0,55,0,0,95,91.548,35.803,113.36,159.6,62.42,45.097
21.36,79.42,-36.37,1.2347,0,0,0,0,0,55,0,0,95,91.548,35.803,113.36,159.6,62.42,45.097
21.36,79.42,-36.37,1.2365,0,0,0,0,0,55,0,0,95,91.548,35.803,113.36,159.6,62.42,45.097
21.36,79.42,-36.37,1.239,0,0,0,0,0,55,0,0,95,91.548,35.803,113.36,159.6,62.42,45.097
21.36,79.42,-36.37,1.2422,0,0,0,0,0,55,0,0,95,91.548,35.803,113.36,159.6,62.42,45.097
18,78.46,-33.97,1.2447,0,0,0,0,0,55,0,0,95,93.183,30.277,115.01,161.03,52.321,44.927
18,78.46,-33.97,1.2466,0,0,0,0,0,55,0,0,95,93.183,30.277,115.01,161.03,52.321,44.927
18,78.46,-33.97,1.2484,0,0,0,0,0,55,0,0,95,93.183,30.277,115.01,161.03,52.321,44.927
18,78.46,-33.97,1.2503,0,0,0,0,0,55,0,0,95,93.183,30.277,115.01,161.03,52.321,44.927
18,78.46,-33.97,1.2521,0,0,0,0,0,55,0,0,95,93.183,30.277,115.01,161.03,52.321,44.927
18,78.46,-33.97,1.2541,0,0,0,0,0,55,0,0,95,93.183,30.277,115.01,161.03,52.321,44.927
18,78.46,-33.97,1.2569,0,0,0,0,0,55,0,0,95,93.183,30.277,115.01,161.03,52.321,44.927
14.4,77.02,-31.33,1.2593,0,0,0,0,0,55,0,0,95,94.383,24.234,117.46,162.04,41.606,45.904
14.4,77.02,-31.33,1.2627,0,0,0,0,0,55,0,0,95,94.383,24.234,117.46,162.04,41.606,45.904
14.4,77.02,-31.33,1.265,0,0,0,0,0,55,0,0,95,94.383,24.234,117.46,162.04,41.606,45.904
14.4,77.02,-31.33,1.2665,0,0,0,0,0,55,0,0,95,94.383,24.234,117.46,162.04,41.606,45.904
14.4,77.02,-31.33,1.268,0,0,0,0,0,55,0,0,95,94.383,24.234,117.46,162.04,41.606,45.904
14.4,77.02,-31.33,1.2698,0,0,0,0,0,55,0,0,95,94.383,24.234,117.46,162.04,41.606,45.904
14.4,77.02,-31.33,1.2722,0,0,0,0,0,55,0,0,95,94.383,24.234,117.46,162.04,41.606,45.904
14.4,77.02,-31.33,1.2748,0,0,0,0,0,55,0,0,95,94.383,24.234,117.46,162.04,41.606,45.904
11.28,75.58,-28.21,1.2767,0,0,0,0,0,55,0,0,95,94.979,18.944,119.9,161.4,32.192,46.329
11.28,75.58,-28.21,1.2784,0,0,0,0,0,55,0,0,95,94.979,18.944,119.9,161.4,32.192,46.329
11.28,75.58,-28.21,1.2796,0,0,0,0,0,55,0,0,95,94.979,18.944,119.9,161.4,32.192,46.329
11.28,75.58,-28.21,1.2815,0,0,0,0,0,55,0,0,95,94.979,18.944,119.9,161.4,32.192,46.329
11.28,75.58,-28.21,1.283,0,0,0,0,0,55,0,0,95,94.979,18.944,119.9,161.4,32.192,46.329
11.28,75.58,-28.21,1.2847,0,0,0,0,0,55,0,0,95,94.979,18.944,119.9,161.4,32.192,46.329
11.28,75.58,-28.21,1.2868,0,0,0,0,0,55,0,0,95,94.979,18.944,119.9,161.4,32.192,46.329
11.28,75.58,-28.21,1.2892,0,0,0,0,0,55,0,0,95,94.979,18.944,119.9,161.4,32.192,46.329
7.68,74.38,-25.81,1.2915,0,0,0,0,0,55,0,0,95,95.443,12.87,121.93,161.02,21.714,46.949
7.68,74.38,-25.81,1.2934,0,0,0,0,0,55,0,0,95,95.443,12.87,121.93,161.02,21.714,46.949
7.68,74.38,-25.81,1.2951,0,0,0,0,0,55,0,0,95,95.443,12.87,121.93,161.02,21.714,46.949
7.68,74.38,-25.81,1.2967,0,0,0,0,0,55,0,0,95,95.443,12.87,121.93,161.02,21.714,46.949
7.68,74.38,-25.81,1.2981,0,0,0,0,0,55,0,0,95,95.443,12.87,121.93,161.02,21.714,46.949
7.68,74.38,-25.81,1.2997,0,0,0,0,0,55,0,0,95,95.443,12.87,121.93,161.02,21.714,46.949
7.68,74.38,-25.81,1.3016,0,0,0,0,0,55,0,0,95,95.443,12.87,121.93,161.02,21.714,46.949
7.68,74.38,-25.81,1.3036,0,0,0,0,0,55,0,0,95,95.443,12.87,121.93,161.02,21.714,46.949
7.68,74.38,-25.81,1.3067,0,0,0,0,0,55,0,0,95,95.443,12.87,121.93,161.02,21.714,46.949
3.6,74.14,-23.17,1.3087,0,0,0,0,0,55,0,0,95,96.003,6.04,122.33,158.85,9.9941,44.647
3.6,74.14,-23.17,1.3106,0,0,0,0,0,55,0,0,95,96.003,6.04,122.33,158.85,9.9941,44.647
3.6,74.14,-23.17,1.3122,0,0,0,0,0,55,0,0,95,96.003,6.04,122.33,158.85,9.9941,44.647
3.6,74.14,-23.17,1.3135,0,0,0,0,0,55,0,0,95,96.003,6.04,122.33,158.85,9.9941,44.647
3.6,74.14,-23.17,1.3146,0,0,0,0,0,55,0,0,95,96.003,6.04,122.33,158.85,9.9941,44.647
3.6,74.14,-23.17,1.3162,0,0,0,0,0,55,0,0,95,96.003,6.04,122.33,158.85,9.9941,44.647
3.6,74.14,-23.17,1.3184,0,0,0,0,0,55,0,0,95,96.003,6.04,122.33,158.85,9.9941,44.647
3.6,74.14,-23.17,1.3206,0,0,0,0,0,55,0,0,95,96.003,6.04,122.33,158.85,9.9941,44.647
3.6,74.14,-23.17,1.3241,0,0,0,0,0,55,0,0,95,96.003,6.04,122.33,158.85,9.9941,44.647
0.24,73.42,-20.29,1.3262,0,0,0,0,0,55,0,0,95,95.841,0.40146,123.54,155.84,0.65279,43.535
0.24,73.42,-20.29,1.3275,0,0,0,0,0,55,0,0,95,95.841,0.40146,123.54,155.84,0.65279,43.535
0.24,73.42,-20.29,1.329,0,0,0,0,0,55,0,0,95,95.841,0.40146,123.54,155.84,0.65279,43.535
0.24,73.42,-20.29,1.3304,0,0,0,0,0,55,0,0,95,95.841,0.40146,123.54,155.84,0.65279,43.535
0.24,73.42,-20.29,1.3321,0,0,0,0,0,55,0,0,95,95.841,0.40146,123.54,155.84,0.65279,43.535
0.24,73.42,-20.29,1.3338,0,0,0,0,0,55,0,0,95,95.841,0.40146,123.54,155.84,0.65279,43.535
0.24,73.42,-20.29,1.3358,0,0,0,0,0,55,0,0,95,95.841,0.40146,123.54,155.84,0.65279,43.535
0.24,73.42,-20.29,1.3381,0,0,0,0,0,55,0,0,95,95.841,0.40146,123.54,155.84,0.65279,43.535
-3.36,73.18,-17.89,1.3398,0,0,0,0,0,55,0,0,95,95.557,-5.6102,123.94,152.4,-8.9476,41.732
-3.36,73.18,-17.89,1.3414,0,0,0,0,0,55,0,0,95,95.557,-5.6102,123.94,152.4,-8.9476,41.732
-3.36,73.18,-17.89,1.343,0,0,0,0,0,55,0,0,95,95.557,-5.6102,123.94,152.4,-8.9476,41.732
-3.36,73.18,-17.89,1.3444,0,0,0,0,0,55,0,0,95,95.557,-5.6102,123.94,152.4,-8.9476,41.732
-3.36,73.18,-17.89,1.3463,0,0,0,0,0,55,0,0,95,95.557,-5.6102,123.94,152.4,-8.9476,41.732
-3.36,73.18,-17.89,1.3475,0,0,0,0,0,55,0,0,95,95.557,-5.6102,123.94,152.4,-8.9476,41.732
-3.36,73.18,-17.89,1.349,0,0,0,0,0,55,0,0,95,95.557,-5.6102,123.94,152.4,-8.9476,41.732
-3.36,73.18,-17.89,1.351,0,0,0,0,0,55,0,0,95,95.557,-5.6102,123.94,152.4,-8.9476,41.732
-3.36,73.18,-17.89,1.3535,0,0,0,0,0,55,0,0,95,95.557,-5.6102,123.94,152.4,-8.9476,41.732
-3.36,73.18,-17.89,1.3558,0,0,0,0,0,55,0,0,95,95.557,-5.6102,123.94,152.4,-8.9476,41.732
-7.2,72.7,-15.49,1.3581,0,0,0,0,0,55,0,0,95,94.723,-11.966,124.74,148.45,-18.754,40.671
-7.2,72.7,-15.49,1.3597,0,0,0,0,0,55,0,0,95,94.723,-11.966,124.74,148.45,-18.754,40.671
-7.2,72.7,-15.49,1.3608,0,0,0,0,0,55,0,0,95,94.723,-11.966,124.74,148.45,-18.754,40.671
-7.2,72.7,-15.49,1.3626,0,0,0,0,0,55,0,0,95,94.723,-11.966,124.74,148.45,-18.754,40.671
-7.2,72.7,-15.49,1.3638,0,0,0,0,0,55,0,0,95,94.723,-11.966,124.74,148.45,-18.754,40.671
-7.2,72.7,-15.49,1.3655,0,0,0,0,0,55,0,0,95,94.723,-11.966,124.74,148.45,-18.754,40.671
-7.2,72.7,-15.49,1.3674,0,0,0,0,0,55,0,0,95,94.723,-11.966,124.74,148.45,-18.754,40.671
-7.2,72.7,-15.49,1.3701,0,0,0,0,0,55,0,0,95,94.723,-11.966,124.74,148.45,-18.754,40.671
-10.08,72.7,-13.33,1.372,0,0,0,0,0,55,0,0,95,94.002,-16.711,124.74,144.17,-25.628,38.69
-10.08,72.7,-13.33,1.3738,0,0,0,0,0,55,0,0,95,94.002,-16.711,124.74,144.17,-25.628,38.69
-10.08,72.7,-13.33,1.3751,0,0,0,0,0,55,0,0,95,94.002,-16.711,124.74,144.17,-25.628,38.69
-10.08,72.7,-13.33,1.3769,0,0,0,0,0,55,0,0,95,94.002,-16.711,124.74,144.17,-25.628,38.69
-10.08,72.7,-13.33,1.3786,0,0,0,0,0,55,0,0,95,94.002,-16.711,124.74,144.17,-25.628,38.69
-10.08,72.7,-13.33,1.3802,0,0,0,0,0,55,0,0,95,94.002,-16.711,124.74,144.17,-25.628,38.69
-10.08,72.7,-13.33,1.3816,0,0,0,0,0,55,0,0,95,94.002,-16.711,124.74,144.17,-25.628,38.69
-10.08,72.7,-13.33,1.3833,0,0,0,0,0,55,0,0,95,94.002,-16.711,124.74,144.17,-25.628,38.69
-10.08,72.7,-13.33,1.3853,0,0,0,0,0,55,0,0,95,94.002,-16.711,124.74,144.17,-25.628,38.69
-10.08,72.7,-13.33,1.3882,0,0,0,0,0,55,0,0,95,94.002,-16.711,124.74,144.17,-25.628,38.69
-14.4,72.7,-11.41,1.3904,0,0,0,0,0,55,0,0,95,92.477,-23.744,124.74,139,-35.69,37.031
-14.4,72.7,-11.41,1.3922,0,0,0,0,0,55,0,0,95,92.477,-23.744,124.74,139,-35.69,37.031
-14.4,72.7,-11.41,1.3939,0,0,0,0,0,55,0,0,95,92.477,-23.744,124.74,139,-35.69,37.031
-14.4,72.7,-11.41,1.3959,0,0,0,0,0,55,0,0,95,92.477,-23.744,124.74,139,-35.69,37.031
-14.4,72.7,-11.41,1.3978,0,0,0,0,0,55,0,0,95,92.477,-23.744,124.74,139,-35.69,37.031
-14.4,72.7,-11.41,1.4004,0,0,0,0,0,55,0,0,95,92.477,-23.744,124.74,139,-35.69,37.031
-14.4,72.7,-11.41,1.4035,0,0,0,0,0,55,0,0,95,92.477,-23.744,124.74,139,-35.69,37.031
-14.4,72.7,-11.41,1.4058,0,0,0,0,0,55,0,0,95,92.477,-23.744,124.74,139,-35.69,37.031
-18,73.18,-9.73,1.4077,0,0,0,0,0,55,0,0,95,91.037,-29.58,123.94,133.55,-43.392,34.482
-18,73.18,-9.73,1.4091,0,0,0,0,0,55,0,0,95,91.037,-29.58,123.94,133.55,-43.392,34.482
-18,73.18,-9.73,1.4108,0,0,0,0,0,55,0,0,95,91.037,-29.58,123.94,133.55,-43.392,34.482
-18,73.18,-9.73,1.4121,0,0,0,0,0,55,0,0,95,91.037,-29.58,123.94,133.55,-43.392,34.482
-18,73.18,-9.73,1.4137,0,0,0,0,0,55,0,0,95,91.037,-29.58,123.94,133.55,-43.392,34.482
-18,73.18,-9.73,1.4156,0,0,0,0,0,55,0,0,95,91.037,-29.58,123.94,133.55,-43.392,34.482
-18,73.18,-9.73,1.4187,0,0,0,0,0,55,0,0,95,91.037,-29.58,123.94,133.55,-43.392,34.482
-18,73.18,-9.73,1.4214,0,0,0,0,0,55,0,0,95,91.037,-29.58,123.94,133.55,-43.392,34.482
-21.12,72.94,-8.05,1.4237,0,0,0,0,0,55,0,0,95,89.178,-34.447,124.34,128.76,-49.737,33.788
-21.12,72.94,-8.05,1.4259,0,0,0,0,0,55,0,0,95,89.178,-34.447,124.34,128.76,-49.737,33.788
-21.12,72.94,-8.05,1.4284,0,0,0,0,0,55,0,0,95,89.178,-34.447,124.34,128.76,-49.737,33.788
-21.12,72.94,-8.05,1.4308,0,0,0,0,0,55,0,0,95,89.178,-34.447,124.34,128.76,-49.737,33.788
-21.12,72.94,-8.05,1.4338,0,0,0,0,0,55,0,0,95,89.178,-34.447,124.34,128.76,-49.737,33.788
-21.12,72.94,-8.05,1.4368,0,0,0,0,0,55,0,0,95,89.178,-34.447,124.34,128.76,-49.737,33.788
-24.48,72.94,-7.33,1.4393,0,0,0,0,0,55,0,0,95,87.006,-39.614,124.34,124.59,-56.726,33.262
-24.48,72.94,-7.33,1.4407,0,0,0,0,0,55,0,0,95,87.006,-39.614,124.34,124.59,-56.726,33.262
-24.48,72.94,-7.33,1.442,0,0,0,0,0,55,0,0,95,87.006,-39.614,124.34,124.59,-56.726,33.262
-24.48,72.94,-7.33,1.4433,0,0,0,0,0,55,0,0,95,87.006,-39.614,124.34,124.59,-56.726,33.262
-24.48,72.94,-7.33,1.4445,0,0,0,0,0,55,0,0,95,87.006,-39.614,124.34,124.59,-56.726,33.262
-24.48,72.94,-7.33,1.4459,0,0,0,0,0,55,0,0,95,87.006,-39.614,124.34,124.59,-56.726,33.262
-24.48,72.94,-7.33,1.447,0,0,0,0,0,55,0,0,95,87.006,-39.614,124.34,124.59,-56.726,33.262
-24.48,72.94,-7.33,1.4485,0,0,0,0,0,55,0,0,95,87.006,-39.614,124.34,124.59,-56.726,33.262
-24.48,72.94,-7.33,1.4508,0,0,0,0,0,55,0,0,95,87.006,-39.614,124.34,124.59,-56.726,33.262
-24.48,72.94,-7.33,1.4528,0,0,0,0,0,55,0,0,95,87.006,-39.614,124.34,124.59,-56.726,33.262
-28.32,72.94,-6.85,1.4545,0,0,0,0,0,55,0,0,95,84.158,-45.352,124.34,119.84,-64.579,32.919
-28.32,72.94,-6.85,1.4557,0,0,0,0,0,55,0,0,95,84.158,-45.352,124.34,119.84,-64.579,32.919
-28.32,72.94,-6.85,1.4568,0,0,0,0,0,55,0,0,95,84.158,-45.352,124.34,119.84,-64.579,32.919
-28.32,72.94,-6.85,1.458,0,0,0,0,0,55,0,0,95,84.158,-45.352,124.34,119.84,-64.579,32.919
-28.32,72.94,-6.85,1.4592,0,0,0,0,0,55,0,0,95,84.158,-45.352,124.34,119.84,-64.579,32.919
-28.32,72.94,-6.85,1.4608,0,0,0,0,0,55,0,0,95,84.158,-45.352,124.34,119.84,-64.579,32.919
-28.32,72.94,-6.85,1.4619,0,0,0,0,0,55,0,0,95,84.158,-45.352,124.34,119.84,-64.579,32.919
-28.32,72.94,-6.85,1.4634,0,0,0,0,0,55,0,0,95,84.158,-45.352,124.34,119.84,-64.579,32.919
-28.32,72.94,-6.85,1.4648,0,0,0,0,0,55,0,0,95,84.158,-45.352,124.34,119.84,-64.579,32.919
-28.32,72.94,-6.85,1.4666,0,0,0,0,0,55,0,0,95,84.158,-45.352,124.34,119.84,-64.579,32.919
-28.32,72.94,-6.85,1.4683,0,0,0,0,0,55,0,0,95,84.158,-45.352,124.34,119.84,-64.579,32.919
-32.16,72.94,-6.37,1.4697,0,0,0,0,0,55,0,0,95,80.931,-50.886,124.34,114.59,-72.052,32.583
-32.16,72.94,-6.37,1.4713,0,0,0,0,0,55,0,0,95,80.931,-50.886,124.34,114.59,-72.052,32.583
-32.16,72.94,-6.37,1.4727,0,0,0,0,0,55,0,0,95,80.931,-50.886,124.34,114.59,-72.052,32.583
-32.16,72.94,-6.37,1.4738,0,0,0,0,0,55,0,0,95,80.931,-50.886,124.34,114.59,-72.052,32.583
-32.16,72.94,-6.37,1.4753,0,0,0,0,0,55,0,0,95,80.931,-50.886,124.34,114.59,-72.052,32.583
-32.16,72.94,-6.37,1.4767,0,0,0,0,0,55,0,0,95,80.931,-50.886,124.34,114.59,-72.052,32.583
-32.16,72.94,-6.37,1.4781,0,0,0,0,0,55,0,0,95,80.931,-50.886,124.34,114.59,-72.052,32.583
-32.16,72.94,-6.37,1.4796,0,0,0,0,0,55,0,0,95,80.931,-50.886,124.34,114.59,-72.052,32.583
-32.16,72.94,-6.37,1.481,0,0,0,0,0,55,0,0,95,80.931,-50.886,124.34,114.59,-72.052,32.583
-32.16,72.94,-6.37,1.4829,0,0,0,0,0,55,0,0,95,80.931,-50.886,124.34,114.59,-72.052,32.583
-32.16,72.94,-6.37,1.4852,0,0,0,0,0,55,0,0,95,80.931,-50.886,124.34,114.59,-72.052,32.583
-34.56,72.94,-5.89,1.4869,0,0,0,0,0,55,0,0,95,78.73,-54.231,124.34,110.84,-76.35,32.253
-34.56,72.94,-5.89,1.4881,0,0,0,0,0,55,0,0,95,78.73,-54.231,124.34,110.84,-76.35,32.253
-34.56,72.94,-5.89,1.4892,0,0,0,0,0,55,0,0,95,78.73,-54.231,124.34,110.84,-76.35,32.253
-34.56,72.94,-5.89,1.4904,0,0,0,0,0,55,0,0,95,78.73,-54.231,124.34,110.84,-76.35,32.253
-34.56,72.94,-5.89,1.4918,0,0,0,0,0,55,0,0,95,78.73,-54.231,124.34,110.84,-76.35,32.253
-34.56,72.94,-5.89,1.4932,0,0,0,0,0,55,0,0,95,78.73,-54.231,124.34,110.84,-76.35,32.253
-34.56,72.94,-5.89,1.4945,0,0,0,0,0,55,0,0,95,78.73,-54.231,124.34,110.84,-76.35,32.253
-34.56,72.94,-5.89,1.4958,0,0,0,0,0,55,0,0,95,78.73,-54.231,124.34,110.84,-76.35,32.253
-34.56,72.94,-5.89,1.4972,0,0,0,0,0,55,0,0,95,78.73,-54.231,124.34,110.84,-76.35,32.253
-34.56,72.94,-5.89,1.4986,0,0,0,0,0,55,0,0,95,78.73,-54.231,124.34,110.84,-76.35,32.253
-34.56,72.94,-5.89,1.5004,0,0,0,0,0,55,0,0,95,78.73,-54.231,124.34,110.84,-76.35,32.253
-38.16,72.94,-5.65,1.5022,0,0,0,0,0,55,0,0,95,75.169,-59.067,124.34,105.53,-82.921,32.09
-38.16,72.94,-5.65,1.5042,0,0,0,0,0,55,0,0,95,75.169,-59.067,124.34,105.53,-82.921,32.09
-38.16,72.94,-5.65,1.5059,0,0,0,0,0,55,0,0,95,75.169,-59.067,124.34,105.53,-82.921,32.09
-38.16,72.94,-5.65,1.5072,0,0,0,0,0,55,0,0,95,75.169,-59.067,124.34,105.53,-82.921,32.09
-38.16,72.94,-5.65,1.5083,0,0,0,0,0,55,0,0,95,75.169,-59.067,124.34,105.53,-82.921,32.09
-38.16,72.94,-5.65,1.5098,0,0,0,0,0,55,0,0,95,75.169,-59.067,124.34,105.53,-82.921,32.09
-38.16,72.94,-5.65,1.5111,0,0,0,0,0,55,0,0,95,75.169,-59.067,124.34,105.53,-82.921,32.09
-38.16,72.94,-5.65,1.5127,0,0,0,0,0,55,0,0,95,75.169,-59.067,124.34,105.53,-82.921,32.09
-38.16,72.94,-5.65,1.5141,0,0,0,0,0,55,0,0,95,75.169,-59.067,124.34,105.53,-82.921,32.09
-38.16,72.94,-5.65,1.5158,0,0,0,0,0,55,0,0,95,75.169,-59.067,124.34,105.53,-82.921,32.09
-38.16,72.94,-5.65,1.5177,0,0,0,0,0,55,0,0,95,75.169,-59.067,124.34,105.53,-82.921,32.09
-40.8,72.94,-5.41,1.5199,0,0,0,0,0,55,0,0,95,72.369,-62.467,124.34,101.3,-87.441,31.929
-40.8,72.94,-5.41,1.5214,0,0,0,0,0,55,0,0,95,72.369,-62.467,124.34,101.3,-87.441,31.929
-40.8,72.94,-5.41,1.5227,0,0,0,0,0,55,0,0,95,72.369,-62.467,124.34,101.3,-87.441,31.929
-40.8,72.94,-5.41,1.5238,0,0,0,0,0,55,0,0,95,72.369,-62.467,124.34,101.3,-87.441,31.929
-40.8,72.94,-5.41,1.5249,0,0,0,0,0,55,0,0,95,72.369,-62.467,124.34,101.3,-87.441,31.929
-40.8,72.94,-5.41,1.526,0,0,0,0,0,55,0,0,95,72.369,-62.467,124.34,101.3,-87.441,31.929
-40.8,72.94,-5.41,1.5272,0,0,0,0,0,55,0,0,95,72.369,-62.467,124.34,101.3,-87.441,31.929
-40.8,72.94,-5.41,1.5289,0,0,0,0,0,55,0,0,95,72.369,-62.467,124.34,101.3,-87.441,31.929
-40.8,72.94,-5.41,1.5305,0,0,0,0,0,55,0,0,95,72.369,-62.467,124.34,101.3,-87.441,31.929
-40.8,72.94,-5.41,1.5324,0,0,0,0,0,55,0,0,95,72.369,-62.467,124.34,101.3,-87.441,31.929
-40.8,72.94,-5.41,1.5343,0,0,0,0,0,55,0,0,95,72.369,-62.467,124.34,101.3,-87.441,31.929
-43.44,72.7,-5.41,1.5362,0,0,0,0,0,55,0,0,95,69.325,-65.649,124.74,97.357,-92.195,32.49
